Timestamp;Log Entry Type;Data
12;1;3,10,0,0
12;1;3,20,0,0,0,0,0,0
1001;4;Controlling something...
1001;3;20202020
22;1;3,1484835327,-1020657664,131072
22;1;3,2-1073283072,1074200576,-1020854144,2555904,4063424,524352,1008205824
32;1;3,1484835327,-1020329984,131072
32;1;3,2-1073283072,1074200576,-1020854144,2555904,4063424,524352,1008205824
42;1;3,1484835327,-1020329984,131072
42;1;3,2-1073283072,1074200576,-1020854144,2555904,4063424,524352,1008205824
52;1;3,1484835327,-1020002304,131072
52;1;3,2-1073283072,1074200576,-1020854144,2555904,4063424,524352,1008205824
62;1;3,1484835327,-1019674624,131072
62;1;3,2-1073283072,1074200576,-1020854144,2555904,4063424,524352,1008205824
72;1;3,1484835327,-1019674624,1073872896
72;1;3,2-1073283072,-1073283072,-1019543424,2555904,4063424,524352,1008205824
82;1;3,1484835327,-1019346944,1073872896
82;1;3,2-1073283072,-1073283072,-1019543424,2555904,4063424,524352,1008205824
92;1;3,1484835327,-1019346944,1073872896
92;1;3,2-1073283072,-1073283072,-1019543424,2555904,4063424,524352,1008205824
102;1;3,1484835327,-1023213568,1073872960
102;1;3,2-1073283072,-1073283072,-1019543424,2555904,4063424,524352,1008205824
112;1;3,1484835327,-1023213568,1073872960
112;1;3,2-1073283072,-1073283072,-1019543424,2555904,4063424,524352,1008205824
122;1;3,1484835327,-1022885888,1073872960
122;1;3,2-1073283072,-1073283072,-1019543424,2555904,4063424,524352,1008205824
132;1;3,1484835327,-1022885888,1073872960
132;1;3,2-1073283072,-1073283072,-1019543424,2555904,4063424,524352,1008205824
142;1;3,1484835327,-1022558208,1073872960
142;1;3,2-1073283072,-1073283072,-1019543424,2555904,4063424,524352,1008205824
152;1;3,1484835327,-1022558208,3221291072
152;1;3,2-1073283072,-1073283072,-1022427008,2555904,4063424,524352,1008205888
162;1;3,1484835327,-1022230528,3221291072
162;1;3,2-1073283072,-1073283072,-1022427008,2555904,4063424,524352,1008205888
172;1;3,1484835327,-1022230528,3221291072
172;1;3,2-1073283072,-1073283072,-1022427008,2555904,4063424,524352,1008205888
182;1;3,1484835327,-1021902848,3221291072
182;1;3,2-1073283072,-1073283072,-1022427008,2555904,4063424,524352,1008205888
192;1;3,1484835327,-1021902848,3221291072
192;1;3,2-1073283072,-1073283072,-1022427008,2555904,4063424,524352,1008205888
202;1;3,1484835327,-1021575168,3221291072
202;1;3,2-1073283072,-1073283072,-1022427008,2555904,4063424,524352,1008205888
212;1;3,1484835327,-1021575168,3221291072
212;1;3,2-1073283072,-1073283072,-1022427008,2555904,4063424,524352,1008205888
222;1;3,1484835327,-1021247488,3221291072
222;1;3,2-1073283072,-1073283072,-1022427008,2555904,4063424,524352,1008205888
232;1;3,1484835327,-1021247488,131136
232;1;3,2-1073283072,524288,-1021116288,2555904,4063424,524352,1008205888
242;1;3,1484835327,-1020919808,131136
242;1;3,2-1073283072,524288,-1021116288,2555904,4063424,524352,1008205888
252;1;3,1484835327,-1020919808,131136
252;1;3,2-1073283072,524288,-1021116288,2555904,4063424,524352,1008205888
262;1;3,1484835327,-1020592128,131136
262;1;3,2-1073283072,524288,-1021116288,2555904,4063424,524352,2082406464
272;1;3,1484835327,-1020592128,131136
272;1;3,2-1073283072,524288,-1021116288,2555904,4063424,524352,2082406464
282;1;3,1484835327,-1020264448,131136
282;1;3,2-1073283072,524288,-1021116288,2555904,4063424,524352,1008205888
292;1;3,1484835327,-1020264448,131136
292;1;3,2-1073283072,524288,-1021116288,2555904,4063424,524352,1008205888
302;1;3,1484835327,-1019936768,131136
302;1;3,2-1073283072,524288,-1021116288,2555904,4063424,524352,1008205888
312;1;3,1484835327,-1019936768,3221291072
312;1;3,2-1073283072,-1073283072,-1019805568,-2144927744,4063424,524352,1008205888
322;1;3,1484835327,-1019609088,3221291072
322;1;3,2-1073283072,-1073283072,-1019805568,-2144927744,4063424,524352,2082406464
332;1;3,1484835327,-1019609088,3221291072
332;1;3,2-1073283072,-1073283072,-1019805568,-2144927744,4063424,524352,2082406464
342;1;3,1484835327,-1019281408,3221291072
342;1;3,2-1073283072,-1073283072,-1019805568,-2144927744,4063424,524352,1008205888
352;1;3,1484835327,-1019281408,3221291072
352;1;3,2-1073283072,-1073283072,-1019805568,-2144927744,4063424,524352,1008205888
362;1;3,1484835327,-1023148032,3221291136
362;1;3,2-1073283072,-1073283072,-1019805568,-2144927744,4063424,524352,1008205888
372;1;3,1484835327,-1023148032,3221291136
372;1;3,2-1073283072,-1073283072,-1019805568,-2144927744,4063424,524352,1008205888
382;1;3,1484835327,-1022820352,3221291136
382;1;3,2-1073283072,-1073283072,-1019805568,-2144927744,4063424,524352,1008205888
392;1;3,1484835327,-1022820352,3221291136
392;1;3,2-1073283072,-2147090432,-1022689152,2555904,4063424,524352,1008205952
402;1;3,1484835327,-1022492672,3221291136
402;1;3,2-1073283072,-2147090432,-1022689152,2555904,4063424,524352,1008205952
412;1;3,1484835327,-1022492672,3221291136
412;1;3,2-1073283072,-2147090432,-1022689152,2555904,4063424,524352,1008205952
422;1;3,1484835327,-1022164992,3221291136
422;1;3,2-1073283072,-2147090432,-1022689152,2555904,4063424,524352,1008205952
432;1;3,1484835327,-1022164992,3221291136
432;1;3,2-1073283072,-2147090432,-1022689152,2555904,4063424,524352,1008205952
442;1;3,1484835327,-1021837312,3221291136
442;1;3,2-1073283072,-2147090432,-1022689152,2555904,4063424,524352,1008205952
452;1;3,1484835327,-1021837312,3221291136
452;1;3,2-1073283072,-2147090432,-1022689152,2555904,4063424,524352,1008205952
462;1;3,1484835327,-1021509632,3221291136
462;1;3,2-1073283072,-2147090432,-1022689152,2555904,4063424,524352,1008205952
472;1;3,1484835327,-1021509632,3221291136
472;1;3,2-1073283072,-1073414144,-1021378432,-1071251456,4063424,524352,1008205952
482;1;3,1484835327,-1021181952,3221291136
482;1;3,2-1073283072,-1073414144,-1021378432,-1071251456,4063424,524352,4228907136
492;1;3,1484835327,-1021181952,3221291136
492;1;3,2-1073283072,-1073414144,-1021378432,-1071251456,4063424,524352,4228907136
502;1;3,1484835327,-1020854272,3221291136
502;1;3,2-1073283072,-1073414144,-1021378432,-1071251456,4063424,524352,1008205952
512;1;3,1484835327,-1020854272,3221291136
512;1;3,2-1073283072,-1073414144,-1021378432,-1071251456,4063424,524352,1008205952
522;1;3,1484835327,-1020526592,3221291136
522;1;3,2-1073283072,-1073414144,-1021378432,-1071251456,4063424,524352,1008205952
532;1;3,1484835327,-1020526592,3221291136
532;1;3,2-1073283072,-1073414144,-1021378432,-1071251456,4063424,524352,1008205952
542;1;3,1484835327,-1020198912,3221291136
542;1;3,2-1073283072,-1073414144,-1021378432,-1071251456,4063424,524352,1008205952
552;1;3,1484835327,-1020198912,131200
552;1;3,2-1073283072,-2147155968,-1020067712,-1071251456,4063424,524352,1008205952
562;1;3,1484835327,-1019871232,131200
562;1;3,2-1073283072,-2147155968,-1020067712,-1071251456,4063424,524352,1008205952
572;1;3,1484835327,-1019871232,131200
572;1;3,2-1073283072,-2147155968,-1020067712,-1071251456,4063424,524352,1008205952
582;1;3,1484835327,-1019543552,131200
582;1;3,2-1073283072,-2147155968,-1020067712,-1071251456,4063424,524352,1008205952
592;1;3,1484835327,-1019543552,131200
592;1;3,2-1073283072,-2147155968,-1020067712,-1071251456,4063424,524352,1008205952
602;1;3,1484835327,-1023410176,131264
602;1;3,2-1073283072,-2147155968,-1020067712,-1071251456,4063424,524352,1008205952
612;1;3,1484835327,-1023410176,131264
612;1;3,2-1073283072,-2147155968,-1020067712,-1071251456,4063424,524352,1008205952
622;1;3,1484835327,-1023082496,131264
622;1;3,2-1073283072,-2147155968,-1020067712,-1071251456,4063424,524352,1008205952
632;1;3,1484835327,-1023082496,3221291200
632;1;3,2-1073283072,-2147155968,-1022951296,1076297728,4063424,524352,1008206016
642;1;3,1484835327,-1022754816,3221291200
642;1;3,2-1073283072,-2147155968,-1022951296,1076297728,4063424,524352,1008206016
652;1;3,1484835327,-1022754816,3221291200
652;1;3,2-1073283072,-2147155968,-1022951296,1076297728,4063424,524352,1008206016
662;1;3,1484835327,-1022427136,3221291200
662;1;3,2-1073283072,-2147155968,-1022951296,1076297728,4063424,524352,1008206016
672;1;3,1484835327,-1022427136,3221291200
672;1;3,2-1073283072,-2147155968,-1022951296,1076297728,4063424,524352,1008206016
682;1;3,1484835327,-1022099456,3221291200
682;1;3,2-1073283072,-2147155968,-1022951296,1076297728,4063424,524352,1008206016
692;1;3,1484835327,-1022099456,3221291200
692;1;3,2-1073283072,-2147155968,-1022951296,1076297728,4063424,524352,1008206016
702;1;3,1484835327,-1021771776,3221291200
702;1;3,2-1073283072,-2147155968,-1022951296,1076297728,4063424,524352,1008206016
712;1;3,1484835327,-1021771776,131264
712;1;3,2-1073283072,-1073414144,-1021640576,2555904,4063424,524352,1008206016
722;1;3,1484835327,-1021444096,131264
722;1;3,2-1073283072,-1073414144,-1021640576,2555904,4063424,524352,2082406592
732;1;3,1484835327,-1021444096,131264
732;1;3,2-1073283072,-1073414144,-1021640576,2555904,4063424,524352,2082406592
742;1;3,1484835327,-1021116416,131264
742;1;3,2-1073283072,-1073414144,-1021640576,2555904,4063424,524352,1008206016
752;1;3,1484835327,-1021116416,131264
752;1;3,2-1073283072,-1073414144,-1021640576,2555904,4063424,524352,1008206016
762;1;3,1484835327,-1020788736,131264
762;1;3,2-1073283072,-1073414144,-1021640576,2555904,4063424,524352,1008206016
772;1;3,1484835327,-1020788736,131264
772;1;3,2-1073283072,-1073414144,-1021640576,2555904,4063424,524352,1008206016
782;1;3,1484835327,-1020461056,131264
782;1;3,2-1073283072,-1073414144,-1021640576,2555904,4063424,524352,1008206016
792;1;3,1484835327,-1020461056,3221291200
792;1;3,2-1073283072,-2147090432,-1020329856,-2144993280,4063424,524352,1008206016
802;1;3,1484835327,-1020133376,3221291200
802;1;3,2-1073283072,-2147090432,-1020329856,-2144993280,4063424,524352,1008206016
812;1;3,1484835327,-1020133376,3221291200
812;1;3,2-1073283072,-2147090432,-1020329856,-2144993280,4063424,524352,1008206016
822;1;3,1484835327,-1019805696,3221291200
822;1;3,2-1073283072,-2147090432,-1020329856,-2144993280,4063424,524352,1008206016
832;1;3,1484835327,-1019805696,3221291200
832;1;3,2-1073283072,-2147090432,-1020329856,-2144993280,4063424,524352,1008206016
842;1;3,1484835327,-1019478016,3221291200
842;1;3,2-1073283072,-2147090432,-1020329856,-2144993280,4063424,524352,1008206016
852;1;3,1484835327,-1019478016,3221291200
852;1;3,2-1073283072,-2147090432,-1020329856,-2144993280,4063424,524352,1008206016
862;1;3,1484835327,-1006567424,3221291008
862;1;3,2-1073283072,-2147090432,-1020329856,-2144993280,4063424,524352,1008206016
872;1;3,1484835327,-1006567424,3221291008
872;1;3,2-1073283072,-1073283072,-1006436224,2555904,4063424,524352,1008205824
882;1;3,1484835327,-1006239744,3221291008
882;1;3,2-1073283072,-1073283072,-1006436224,2555904,4063424,524352,2082406400
892;1;3,1484835327,-1006239744,3221291008
892;1;3,2-1073283072,-1073283072,-1006436224,2555904,4063424,524352,2082406400
902;1;3,1484835327,-1005912064,3221291008
902;1;3,2-1073283072,-1073283072,-1006436224,2555904,4063424,524352,1008205824
912;1;3,1484835327,-1005912064,3221291008
912;1;3,2-1073283072,-1073283072,-1006436224,2555904,4063424,524352,1008205824
922;1;3,1484835327,-1005584384,3221291008
922;1;3,2-1073283072,-1073283072,-1006436224,2555904,4063424,524352,1008205824
932;1;3,1484835327,-1005584384,3221291008
932;1;3,2-1073283072,-1073283072,-1006436224,2555904,4063424,524352,1008205824
942;1;3,1484835327,-1005256704,3221291008
942;1;3,2-1073283072,-1073283072,-1006436224,2555904,4063424,524352,1008205824
952;1;3,1484835327,-1005256704,3221291008
952;1;3,2-1073283072,-1073283072,-1005125504,2555904,4063424,524352,1008205824
962;1;3,1484835327,-1004929024,3221291008
962;1;3,2-1073283072,-1073283072,-1005125504,2555904,4063424,524352,1008205824
972;1;3,1484835327,-1004929024,3221291008
972;1;3,2-1073283072,-1073283072,-1005125504,2555904,4063424,524352,1008205824
982;1;3,1484835327,-1004601344,3221291008
982;1;3,2-1073283072,-1073283072,-1005125504,2555904,4063424,524352,1008205824
992;1;3,1484835327,-1004601344,3221291008
992;1;3,2-1073283072,-1073283072,-1005125504,2555904,4063424,524352,1008205824
1002;1;3,1484835327,-1004273664,3221291008
1002;1;3,2-1073283072,-1073283072,-1005125504,2555904,4063424,524352,1008205824
1012;1;3,1484835327,-1004273664,3221291008
1012;1;3,2-1073283072,-1073283072,-1005125504,2555904,4063424,524352,1008205824
2001;4;Controlling something...
2001;3;20202020
1022;1;3,1484835327,-1003945984,3221291008
1022;1;3,2-1073283072,-1073348608,-1003814784,1076297728,4063424,524352,1008205824
1032;1;3,1484835327,-1003945984,3221291008
1032;1;3,2-1073283072,-1073348608,-1003814784,1076297728,4063424,524352,1008205824
1042;1;3,1484835327,-1003618304,3221291008
1042;1;3,2-1073283072,-1073348608,-1003814784,1076297728,4063424,524352,1008205824
1052;1;3,1484835327,-1003618304,3221291008
1052;1;3,2-1073283072,-1073348608,-1003814784,1076297728,4063424,524352,1008205824
1062;1;3,1484835327,-1003290624,3221291008
1062;1;3,2-1073283072,-1073348608,-1003814784,1076297728,4063424,524352,1008205824
1072;1;3,1484835327,-1003290624,3221291008
1072;1;3,2-1073283072,-1073348608,-1003814784,1076297728,4063424,524352,1008205824
1082;1;3,1484835327,-1002962944,3221291008
1082;1;3,2-1073283072,-1073348608,-1003814784,1076297728,4063424,524352,1008205824
1092;1;3,1484835327,-1002962944,3221291008
1092;1;3,2-1073283072,-1073348608,-1003814784,1076297728,4063424,524352,1008205824
1102;1;3,1484835327,-1002635264,3221291008
1102;1;3,2-1073283072,-2147090432,-1002504064,2555904,4063424,524352,1008205824
1112;1;3,1484835327,-1002635264,3221291008
1112;1;3,2-1073283072,-2147090432,-1002504064,2555904,4063424,524352,1008205824
1122;1;3,1484835327,-1006501888,3221291072
1122;1;3,2-1073283072,-2147090432,-1002504064,2555904,4063424,524352,1008205824
1132;1;3,1484835327,-1006501888,3221291072
1132;1;3,2-1073283072,-2147090432,-1002504064,2555904,4063424,524352,1008205824
1142;1;3,1484835327,-1006174208,3221291072
1142;1;3,2-1073283072,-2147090432,-1002504064,2555904,4063424,524352,1008205824
1152;1;3,1484835327,-1006174208,3221291072
1152;1;3,2-1073283072,-2147090432,-1002504064,2555904,4063424,524352,1008205824
1162;1;3,1484835327,-1005846528,3221291072
1162;1;3,2-1073283072,-2147090432,-1002504064,2555904,4063424,524352,1008205824
1172;1;3,1484835327,-1005846528,3221291072
1172;1;3,2-1073283072,-2147090432,-1002504064,2555904,4063424,524352,1008205824
1182;1;3,1484835327,-1005518848,1073872960
1182;1;3,2-1073283072,458752,-1005387648,-1071251456,4063424,524352,1008205888
1192;1;3,1484835327,-1005518848,1073872960
1192;1;3,2-1073283072,458752,-1005387648,-1071251456,4063424,524352,1008205888
1202;1;3,1484835327,-1005191168,1073872960
1202;1;3,2-1073283072,458752,-1005387648,-1071251456,4063424,524352,1008205888
1212;1;3,1484835327,-1005191168,1073872960
1212;1;3,2-1073283072,458752,-1005387648,-1071251456,4063424,524352,1008205888
1222;1;3,1484835327,-1004863488,1073872960
1222;1;3,2-1073283072,458752,-1005387648,-1071251456,4063424,524352,1008205888
1232;1;3,1484835327,-1004863488,1073872960
1232;1;3,2-1073283072,458752,-1005387648,-1071251456,4063424,524352,1008205888
1242;1;3,1484835327,-1004535808,1073872960
1242;1;3,2-1073283072,458752,-1005387648,-1071251456,4063424,524352,1008205888
1252;1;3,1484835327,-1004535808,1073872960
1252;1;3,2-1073283072,458752,-1005387648,-1071251456,4063424,524352,1008205888
1262;1;3,1484835327,-1004208128,131136
1262;1;3,2-1073283072,1074200576,-1004076928,2555904,4063424,524352,1008205888
1272;1;3,1484835327,-1004208128,131136
1272;1;3,2-1073283072,1074200576,-1004076928,2555904,4063424,524352,1008205888
1282;1;3,1484835327,-1003880448,131136
1282;1;3,2-1073283072,1074200576,-1004076928,2555904,4063424,524352,1008205888
1292;1;3,1484835327,-1003880448,131136
1292;1;3,2-1073283072,1074200576,-1004076928,2555904,4063424,524352,1008205888
1302;1;3,1484835327,-1003552768,131136
1302;1;3,2-1073283072,1074200576,-1004076928,2555904,4063424,524352,1008205888
1312;1;3,1484835327,-1003552768,131136
1312;1;3,2-1073283072,1074200576,-1004076928,2555904,4063424,524352,1008205888
1322;1;3,1484835327,-1003225088,131136
1322;1;3,2-1073283072,1074200576,-1004076928,2555904,4063424,524352,1008205888
1332;1;3,1484835327,-1003225088,131136
1332;1;3,2-1073283072,1074200576,-1004076928,2555904,4063424,524352,1008205888
1342;1;3,1484835327,-1002897408,3221291072
1342;1;3,2-1073283072,458752,-1002766208,2555904,4063424,524352,4228907072
1352;1;3,1484835327,-1002897408,3221291072
1352;1;3,2-1073283072,458752,-1002766208,2555904,4063424,524352,4228907072
1362;1;3,1484835327,-1002569728,3221291072
1362;1;3,2-1073283072,458752,-1002766208,2555904,4063424,524352,1008205888
1372;1;3,1484835327,-1002569728,3221291072
1372;1;3,2-1073283072,458752,-1002766208,2555904,4063424,524352,1008205888
1382;1;3,1484835327,-1006436352,3221291136
1382;1;3,2-1073283072,458752,-1002766208,2555904,4063424,524352,1008205888
1392;1;3,1484835327,-1006436352,3221291136
1392;1;3,2-1073283072,458752,-1002766208,2555904,4063424,524352,1008205888
1402;1;3,1484835327,-1006108672,3221291136
1402;1;3,2-1073283072,458752,-1002766208,2555904,4063424,524352,1008205888
1412;1;3,1484835327,-1006108672,3221291136
1412;1;3,2-1073283072,458752,-1002766208,2555904,4063424,524352,1008205888
1422;1;3,1484835327,-1005780992,131200
1422;1;3,2-1073283072,-2147090432,-1005649792,2555904,4063424,524352,1008205952
1432;1;3,1484835327,-1005780992,131200
1432;1;3,2-1073283072,-2147090432,-1005649792,2555904,4063424,524352,1008205952
1442;1;3,1484835327,-1005453312,131200
1442;1;3,2-1073283072,-2147090432,-1005649792,2555904,4063424,524352,1008205952
1452;1;3,1484835327,-1005453312,131200
1452;1;3,2-1073283072,-2147090432,-1005649792,2555904,4063424,524352,1008205952
1462;1;3,1484835327,-1005125632,131200
1462;1;3,2-1073283072,-2147090432,-1005649792,2555904,4063424,524352,1008205952
1472;1;3,1484835327,-1005125632,131200
1472;1;3,2-1073283072,-2147090432,-1005649792,2555904,4063424,524352,1008205952
1482;1;3,1484835327,-1004797952,131200
1482;1;3,2-1073283072,-2147090432,-1005649792,2555904,4063424,524352,1008205952
1492;1;3,1484835327,-1004797952,131200
1492;1;3,2-1073283072,-2147090432,-1005649792,2555904,4063424,524352,1008205952
1502;1;3,1484835327,-1004470272,3221291136
1502;1;3,2-1073283072,-1073348608,-1004339072,1076297728,4063424,524352,1008205952
1512;1;3,1484835327,-1004470272,3221291136
1512;1;3,2-1073283072,-1073348608,-1004339072,1076297728,4063424,524352,1008205952
1522;1;3,1484835327,-1004142592,3221291136
1522;1;3,2-1073283072,-1073348608,-1004339072,1076297728,4063424,524352,1008205952
1532;1;3,1484835327,-1004142592,3221291136
1532;1;3,2-1073283072,-1073348608,-1004339072,1076297728,4063424,524352,1008205952
1542;1;3,1484835327,-1003814912,3221291136
1542;1;3,2-1073283072,-1073348608,-1004339072,1076297728,4063424,524352,1008205952
1552;1;3,1484835327,-1003814912,3221291136
1552;1;3,2-1073283072,-1073348608,-1004339072,1076297728,4063424,524352,1008205952
1562;1;3,1484835327,-1003487232,3221291136
1562;1;3,2-1073283072,-1073348608,-1004339072,1076297728,4063424,524352,2082406528
1572;1;3,1484835327,-1003487232,3221291136
1572;1;3,2-1073283072,-1073348608,-1004339072,1076297728,4063424,524352,2082406528
1582;1;3,1484835327,-1003159552,3221291136
1582;1;3,2-1073283072,-1073283072,-1003028352,-1071251456,4063424,524352,1008205952
1592;1;3,1484835327,-1003159552,3221291136
1592;1;3,2-1073283072,-1073283072,-1003028352,-1071251456,4063424,524352,1008205952
1602;1;3,1484835327,-1002831872,3221291136
1602;1;3,2-1073283072,-1073283072,-1003028352,-1071251456,4063424,524352,1008205952
1612;1;3,1484835327,-1002831872,3221291136
1612;1;3,2-1073283072,-1073283072,-1003028352,-1071251456,4063424,524352,1008205952
1622;1;3,1484835327,-1002504192,3221291136
1622;1;3,2-1073283072,-1073283072,-1003028352,-1071251456,4063424,524352,1008205952
1632;1;3,1484835327,-1002504192,3221291136
1632;1;3,2-1073283072,-1073283072,-1003028352,-1071251456,4063424,524352,1008205952
1642;1;3,1484835327,-1006370816,3221291200
1642;1;3,2-1073283072,-1073283072,-1003028352,-1071251456,4063424,524352,1008205952
1652;1;3,1484835327,-1006370816,3221291200
1652;1;3,2-1073283072,-1073283072,-1003028352,-1071251456,4063424,524352,1008205952
1662;1;3,1484835327,-1006043136,3221291200
1662;1;3,2-1073283072,-1073283072,-1005911936,2555904,4063424,524352,1008206016
1672;1;3,1484835327,-1006043136,3221291200
1672;1;3,2-1073283072,-1073283072,-1005911936,2555904,4063424,524352,1008206016
1682;1;3,1484835327,-1005715456,3221291200
1682;1;3,2-1073283072,-1073283072,-1005911936,2555904,4063424,524352,1008206016
1692;1;3,1484835327,-1005387776,3221291200
1692;1;3,2-1073283072,-1073283072,-1005911936,2555904,4063424,524352,1008206016
1702;1;3,1484835327,-1005387776,3221291200
1702;1;3,2-1073283072,-1073283072,-1005911936,2555904,4063424,524352,1008206016
1712;1;3,1484835327,-1005060096,3221291200
1712;1;3,2-1073283072,-1073283072,-1005911936,2555904,4063424,524352,1008206016
1722;1;3,1484835327,-1005060096,3221291200
1722;1;3,2-1073283072,-1073283072,-1005911936,2555904,4063424,524352,1008206016
1732;1;3,1484835327,-1004732416,3221291200
1732;1;3,2-1073283072,-1073283072,-1005911936,2555904,4063424,524352,1008206016
1742;1;3,1484835327,-1004732416,3221291200
1742;1;3,2-1073283072,-2147090432,-1004601216,2555904,4063424,524352,1008206016
1752;1;3,1484835327,-1004404736,3221291200
1752;1;3,2-1073283072,-2147090432,-1004601216,2555904,4063424,524352,2082406592
1762;1;3,1484835327,-1004404736,3221291200
1762;1;3,2-1073283072,-2147090432,-1004601216,2555904,4063424,524352,2082406592
1772;1;3,1484835327,-1004077056,3221291200
1772;1;3,2-1073283072,-2147090432,-1004601216,2555904,4063424,524352,1008206016
1782;1;3,1484835327,-1004077056,3221291200
1782;1;3,2-1073283072,-2147090432,-1004601216,2555904,4063424,524352,1008206016
1792;1;3,1484835327,-1003749376,3221291200
1792;1;3,2-1073283072,-2147090432,-1004601216,2555904,4063424,524352,1008206016
1802;1;3,1484835327,-1003749376,3221291200
1802;1;3,2-1073283072,-2147090432,-1004601216,2555904,4063424,524352,1008206016
1812;1;3,1484835327,-1003421696,3221291200
1812;1;3,2-1073283072,-2147090432,-1004601216,2555904,4063424,524352,1008206016
1822;1;3,1484835327,-1003421696,3221291200
1822;1;3,2-1073283072,-1073414144,-1003290496,2555904,4063424,524352,1008206016
1832;1;3,1484835327,-1003094016,3221291200
1832;1;3,2-1073283072,-1073414144,-1003290496,2555904,4063424,524352,1008206016
1842;1;3,1484835327,-1003094016,3221291200
1842;1;3,2-1073283072,-1073414144,-1003290496,2555904,4063424,524352,1008206016
1852;1;3,1484835327,-1002766336,3221291200
1852;1;3,2-1073283072,-1073414144,-1003290496,2555904,4063424,524352,1008206016
1862;1;3,1484835327,-1002766336,3221291200
1862;1;3,2-1073283072,-1073414144,-1003290496,2555904,4063424,524352,1008206016
1872;1;3,1484835327,-989855744,3221291008
1872;1;3,2-1073283072,-1073414144,-1003290496,2555904,4063424,524352,1008206016
1882;1;3,1484835327,-989855744,3221291008
1882;1;3,2-1073283072,-1073414144,-1003290496,2555904,4063424,524352,1008206016
1892;1;3,1484835327,-989528064,3221291008
1892;1;3,2-1073283072,-1073414144,-1003290496,2555904,4063424,524352,1008206016
1902;1;3,1484835327,-989528064,3221291008
1902;1;3,2-1073283072,-2147155968,-989396864,2555904,4063424,524352,1008205824
1912;1;3,1484835327,-989200384,3221291008
1912;1;3,2-1073283072,-2147155968,-989396864,2555904,4063424,524352,1008205824
1922;1;3,1484835327,-989200384,3221291008
1922;1;3,2-1073283072,-2147155968,-989396864,2555904,4063424,524352,1008205824
1932;1;3,1484835327,-988872704,3221291008
1932;1;3,2-1073283072,-2147155968,-989396864,2555904,4063424,524352,1008205824
1942;1;3,1484835327,-988872704,3221291008
1942;1;3,2-1073283072,-2147155968,-989396864,2555904,4063424,524352,1008205824
1952;1;3,1484835327,-988545024,3221291008
1952;1;3,2-1073283072,-2147155968,-989396864,2555904,4063424,524352,1008205824
1962;1;3,1484835327,-988545024,3221291008
1962;1;3,2-1073283072,-2147155968,-989396864,2555904,4063424,524352,1008205824
1972;1;3,1484835327,-988217344,3221291008
1972;1;3,2-1073283072,-2147155968,-989396864,2555904,4063424,524352,2082406400
1982;1;3,1484835327,-988217344,131072
1982;1;3,2-1073283072,-1073414144,-988086144,-1071251456,4063424,524352,2082406400
1992;1;3,1484835327,-987889664,131072
1992;1;3,2-1073283072,-1073414144,-988086144,-1071251456,4063424,524352,2082406400
2002;1;3,1484835327,-987889664,131072
2002;1;3,2-1073283072,-1073414144,-988086144,-1071251456,4063424,524352,2082406400
3001;4;Controlling something...
2012;1;3,1484835327,-987561984,131072
2012;1;3,2-1073283072,-1073414144,-988086144,-1071251456,4063424,524352,1008205824
3001;3;20202020
2022;1;3,1484835327,-987561984,131072
2022;1;3,2-1073283072,-1073414144,-988086144,-1071251456,4063424,524352,1008205824
2032;1;3,1484835327,-987234304,131072
2032;1;3,2-1073283072,-1073414144,-988086144,-1071251456,4063424,524352,1008205824
2042;1;3,1484835327,-987234304,131072
2042;1;3,2-1073283072,-1073414144,-988086144,-1071251456,4063424,524352,1008205824
2052;1;3,1484835327,-986906624,131072
2052;1;3,2-1073283072,-1073414144,-988086144,-1071251456,4063424,524352,1008205824
2062;1;3,1484835327,-986906624,131072
2062;1;3,2-1073283072,1074135040,-986775424,2555904,4063424,524352,1008205824
2072;1;3,1484835327,-986578944,131072
2072;1;3,2-1073283072,1074135040,-986775424,2555904,4063424,524352,1008205824
2082;1;3,1484835327,-986578944,131072
2082;1;3,2-1073283072,1074135040,-986775424,2555904,4063424,524352,1008205824
2092;1;3,1484835327,-986251264,131072
2092;1;3,2-1073283072,1074135040,-986775424,2555904,4063424,524352,1008205824
2102;1;3,1484835327,-986251264,131072
2102;1;3,2-1073283072,1074135040,-986775424,2555904,4063424,524352,1008205824
2112;1;3,1484835327,-985923584,131072
2112;1;3,2-1073283072,1074135040,-986775424,2555904,4063424,524352,1008205824
2122;1;3,1484835327,-985923584,131072
2122;1;3,2-1073283072,1074135040,-986775424,2555904,4063424,524352,1008205824
2132;1;3,1484835327,-989790208,131136
2132;1;3,2-1073283072,1074135040,-986775424,2555904,4063424,524352,1008205824
2142;1;3,1484835327,-989790208,3221291072
2142;1;3,2-1073283072,458752,-989659008,1076297728,4063424,524352,1008205888
2152;1;3,1484835327,-989462528,3221291072
2152;1;3,2-1073283072,458752,-989659008,1076297728,4063424,524352,1008205888
2162;1;3,1484835327,-989462528,3221291072
2162;1;3,2-1073283072,458752,-989659008,1076297728,4063424,524352,1008205888
2172;1;3,1484835327,-989134848,3221291072
2172;1;3,2-1073283072,458752,-989659008,1076297728,4063424,524352,1008205888
2182;1;3,1484835327,-989134848,3221291072
2182;1;3,2-1073283072,458752,-989659008,1076297728,4063424,524352,1008205888
2192;1;3,1484835327,-988807168,3221291072
2192;1;3,2-1073283072,458752,-989659008,1076297728,4063424,524352,1008205888
2202;1;3,1484835327,-988807168,3221291072
2202;1;3,2-1073283072,458752,-989659008,1076297728,4063424,524352,1008205888
2212;1;3,1484835327,-988479488,3221291072
2212;1;3,2-1073283072,458752,-989659008,1076297728,4063424,524352,1008205888
2222;1;3,1484835327,-988479488,131136
2222;1;3,2-1073283072,1074200576,-988348288,2555904,4063424,524352,1008205888
2232;1;3,1484835327,-988151808,131136
2232;1;3,2-1073283072,1074200576,-988348288,2555904,4063424,524352,1008205888
2242;1;3,1484835327,-988151808,131136
2242;1;3,2-1073283072,1074200576,-988348288,2555904,4063424,524352,1008205888
2252;1;3,1484835327,-987824128,131136
2252;1;3,2-1073283072,1074200576,-988348288,2555904,4063424,524352,1008205888
2262;1;3,1484835327,-987824128,131136
2262;1;3,2-1073283072,1074200576,-988348288,2555904,4063424,524352,1008205888
2272;1;3,1484835327,-987496448,131136
2272;1;3,2-1073283072,1074200576,-988348288,2555904,4063424,524352,1008205888
2282;1;3,1484835327,-987496448,131136
2282;1;3,2-1073283072,1074200576,-988348288,2555904,4063424,524352,1008205888
2292;1;3,1484835327,-987168768,131136
2292;1;3,2-1073283072,1074200576,-988348288,2555904,4063424,524352,1008205888
2302;1;3,1484835327,-987168768,3221291072
2302;1;3,2-1073283072,458752,-987037568,-1071251456,4063424,524352,1008205888
2312;1;3,1484835327,-986841088,3221291072
2312;1;3,2-1073283072,458752,-987037568,-1071251456,4063424,524352,1008205888
2322;1;3,1484835327,-986841088,3221291072
2322;1;3,2-1073283072,458752,-987037568,-1071251456,4063424,524352,1008205888
2332;1;3,1484835327,-986513408,3221291072
2332;1;3,2-1073283072,458752,-987037568,-1071251456,4063424,524352,1008205888
2342;1;3,1484835327,-986513408,3221291072
2342;1;3,2-1073283072,458752,-987037568,-1071251456,4063424,524352,1008205888
2352;1;3,1484835327,-986185728,3221291072
2352;1;3,2-1073283072,458752,-987037568,-1071251456,4063424,524352,1008205888
2362;1;3,1484835327,-986185728,3221291072
2362;1;3,2-1073283072,458752,-987037568,-1071251456,4063424,524352,1008205888
2372;1;3,1484835327,-985858048,3221291072
2372;1;3,2-1073283072,458752,-987037568,-1071251456,4063424,524352,1008205888
2382;1;3,1484835327,-985858048,3221291072
2382;1;3,2-1073283072,-2147090432,-985726848,1076297728,4063424,524352,1008205888
2392;1;3,1484835327,-989724672,3221291136
2392;1;3,2-1073283072,-2147090432,-985726848,1076297728,4063424,524352,4228907072
2402;1;3,1484835327,-989724672,3221291136
2402;1;3,2-1073283072,-2147090432,-985726848,1076297728,4063424,524352,4228907072
2412;1;3,1484835327,-989396992,3221291136
2412;1;3,2-1073283072,-2147090432,-985726848,1076297728,4063424,524352,1008205888
2422;1;3,1484835327,-989396992,3221291136
2422;1;3,2-1073283072,-2147090432,-985726848,1076297728,4063424,524352,1008205888
2432;1;3,1484835327,-989069312,3221291136
2432;1;3,2-1073283072,-2147090432,-985726848,1076297728,4063424,524352,1008205888
2442;1;3,1484835327,-989069312,3221291136
2442;1;3,2-1073283072,-2147090432,-985726848,1076297728,4063424,524352,1008205888
2452;1;3,1484835327,-988741632,3221291136
2452;1;3,2-1073283072,-2147090432,-985726848,1076297728,4063424,524352,1008205888
2462;1;3,1484835327,-988741632,1073873024
2462;1;3,2-1073283072,-1073348608,-988610432,2555904,4063424,524352,1008205952
2472;1;3,1484835327,-988413952,1073873024
2472;1;3,2-1073283072,-1073348608,-988610432,2555904,4063424,524352,1008205952
2482;1;3,1484835327,-988413952,1073873024
2482;1;3,2-1073283072,-1073348608,-988610432,2555904,4063424,524352,1008205952
2492;1;3,1484835327,-988086272,1073873024
2492;1;3,2-1073283072,-1073348608,-988610432,2555904,4063424,524352,1008205952
2502;1;3,1484835327,-988086272,1073873024
2502;1;3,2-1073283072,-1073348608,-988610432,2555904,4063424,524352,1008205952
2512;1;3,1484835327,-987758592,1073873024
2512;1;3,2-1073283072,-1073348608,-988610432,2555904,4063424,524352,1008205952
2522;1;3,1484835327,-987758592,1073873024
2522;1;3,2-1073283072,-1073348608,-988610432,2555904,4063424,524352,1008205952
2532;1;3,1484835327,-987430912,1073873024
2532;1;3,2-1073283072,-1073348608,-988610432,2555904,4063424,524352,1008205952
2542;1;3,1484835327,-987430912,3221291136
2542;1;3,2-1073283072,524288,-987299712,2555904,4063424,524352,1008205952
2552;1;3,1484835327,-987103232,3221291136
2552;1;3,2-1073283072,524288,-987299712,2555904,4063424,524352,1008205952
2562;1;3,1484835327,-987103232,3221291136
2562;1;3,2-1073283072,524288,-987299712,2555904,4063424,524352,1008205952
2572;1;3,1484835327,-986775552,3221291136
2572;1;3,2-1073283072,524288,-987299712,2555904,4063424,524352,1008205952
2582;1;3,1484835327,-986775552,3221291136
2582;1;3,2-1073283072,524288,-987299712,2555904,4063424,524352,1008205952
2592;1;3,1484835327,-986447872,3221291136
2592;1;3,2-1073283072,524288,-987299712,2555904,4063424,524352,1008205952
2602;1;3,1484835327,-986447872,3221291136
2602;1;3,2-1073283072,524288,-987299712,2555904,4063424,524352,1008205952
2612;1;3,1484835327,-986120192,3221291136
2612;1;3,2-1073283072,524288,-987299712,2555904,4063424,524352,1008205952
2622;1;3,1484835327,-986120192,3221291136
2622;1;3,2-1073283072,-1073217536,-985988992,2555904,4063424,524352,1008205952
2632;1;3,1484835327,-985792512,3221291136
2632;1;3,2-1073283072,-1073217536,-985988992,2555904,4063424,524352,1008205952
2642;1;3,1484835327,-985792512,3221291136
2642;1;3,2-1073283072,-1073217536,-985988992,2555904,4063424,524352,1008205952
2652;1;3,1484835327,-989659136,3221291200
2652;1;3,2-1073283072,-1073217536,-985988992,2555904,4063424,524352,1008205952
2662;1;3,1484835327,-989659136,3221291200
2662;1;3,2-1073283072,-1073217536,-985988992,2555904,4063424,524352,1008205952
2672;1;3,1484835327,-989331456,3221291200
2672;1;3,2-1073283072,-1073217536,-985988992,2555904,4063424,524352,1008205952
2682;1;3,1484835327,-989331456,3221291200
2682;1;3,2-1073283072,-1073217536,-985988992,2555904,4063424,524352,1008205952
2692;1;3,1484835327,-989003776,2147549376
2692;1;3,2-1073283072,589824,-988872576,-2144993280,4063424,524352,1008206016
2702;1;3,1484835327,-989003776,2147549376
2702;1;3,2-1073283072,589824,-988872576,-2144993280,4063424,524352,1008206016
2712;1;3,1484835327,-988676096,2147549376
2712;1;3,2-1073283072,589824,-988872576,-2144993280,4063424,524352,1008206016
2722;1;3,1484835327,-988676096,2147549376
2722;1;3,2-1073283072,589824,-988872576,-2144993280,4063424,524352,1008206016
2732;1;3,1484835327,-988348416,2147549376
2732;1;3,2-1073283072,589824,-988872576,-2144993280,4063424,524352,1008206016
2742;1;3,1484835327,-988348416,2147549376
2742;1;3,2-1073283072,589824,-988872576,-2144993280,4063424,524352,1008206016
2752;1;3,1484835327,-988020736,2147549376
2752;1;3,2-1073283072,589824,-988872576,-2144993280,4063424,524352,1008206016
2762;1;3,1484835327,-988020736,2147549376
2762;1;3,2-1073283072,589824,-988872576,-2144993280,4063424,524352,1008206016
2772;1;3,1484835327,-987693056,131264
2772;1;3,2-1073283072,-1073217536,-987561856,1076297728,4063424,524352,1008206016
2782;1;3,1484835327,-987693056,131264
2782;1;3,2-1073283072,-1073217536,-987561856,1076297728,4063424,524352,1008206016
2792;1;3,1484835327,-987365376,131264
2792;1;3,2-1073283072,-1073217536,-987561856,1076297728,4063424,524352,1008206016
2802;1;3,1484835327,-987365376,131264
2802;1;3,2-1073283072,-1073217536,-987561856,1076297728,4063424,524352,1008206016
2812;1;3,1484835327,-987037696,131264
2812;1;3,2-1073283072,-1073217536,-987561856,1076297728,4063424,524352,1008206016
2822;1;3,1484835327,-987037696,131264
2822;1;3,2-1073283072,-1073217536,-987561856,1076297728,4063424,524352,1008206016
2832;1;3,1484835327,-986710016,131264
2832;1;3,2-1073283072,-1073217536,-987561856,1076297728,4063424,524352,1008206016
2842;1;3,1484835327,-986710016,131264
2842;1;3,2-1073283072,-1073217536,-987561856,1076297728,4063424,524352,1008206016
2852;1;3,1484835327,-986382336,3221291200
2852;1;3,2-1073283072,524288,-986251136,2555904,4063424,524352,1008206016
2862;1;3,1484835327,-986382336,3221291200
2862;1;3,2-1073283072,524288,-986251136,2555904,4063424,524352,1008206016
2872;1;3,1484835327,-986054656,3221291200
2872;1;3,2-1073283072,524288,-986251136,2555904,4063424,524352,1008206016
2882;1;3,1484835327,-986054656,3221291200
2882;1;3,2-1073283072,524288,-986251136,2555904,4063424,524352,1008206016
2892;1;3,1484835327,-985726976,3221291200
2892;1;3,2-1073283072,524288,-986251136,2555904,4063424,524352,1008206016
2902;1;3,1484835327,-985726976,3221291200
2902;1;3,2-1073283072,524288,-986251136,2555904,4063424,524352,1008206016
2912;1;3,1484835327,-972816384,3221291008
2912;1;3,2-1073283072,524288,-986251136,2555904,4063424,524352,1008206016
2922;1;3,1484835327,-972816384,3221291008
2922;1;3,2-1073283072,524288,-986251136,2555904,4063424,524352,1008206016
2932;1;3,1484835327,-972488704,131072
2932;1;3,2-1073283072,-1073348608,-972357504,-1071251456,4063424,524352,1008205824
2942;1;3,1484835327,-972488704,131072
2942;1;3,2-1073283072,-1073348608,-972357504,-1071251456,4063424,524352,1008205824
2952;1;3,1484835327,-972161024,131072
2952;1;3,2-1073283072,-1073348608,-972357504,-1071251456,4063424,524352,1008205824
2962;1;3,1484835327,-972161024,131072
2962;1;3,2-1073283072,-1073348608,-972357504,-1071251456,4063424,524352,1008205824
2972;1;3,1484835327,-971833344,131072
2972;1;3,2-1073283072,-1073348608,-972357504,-1071251456,4063424,524352,4228907008
2982;1;3,1484835327,-971833344,131072
2982;1;3,2-1073283072,-1073348608,-972357504,-1071251456,4063424,524352,4228907008
2992;1;3,1484835327,-971505664,131072
2992;1;3,2-1073283072,-1073348608,-972357504,-1071251456,4063424,524352,1008205824
3002;1;3,1484835327,-971505664,131072
3002;1;3,2-1073283072,-1073348608,-972357504,-1071251456,4063424,524352,1008205824
4001;4;Controlling something...
3012;1;3,1484835327,-971177984,3221291008
3012;1;3,2-1073283072,-2147090432,-971046784,-1071251456,4063424,524352,4228907008
4001;3;20202020
3022;1;3,1484835327,-971177984,3221291008
3022;1;3,2-1073283072,-2147090432,-971046784,-1071251456,4063424,524352,4228907008
3032;1;3,1484835327,-970850304,3221291008
3032;1;3,2-1073283072,-2147090432,-971046784,-1071251456,4063424,524352,1008205824
3042;1;3,1484835327,-970850304,3221291008
3042;1;3,2-1073283072,-2147090432,-971046784,-1071251456,4063424,524352,1008205824
3052;1;3,1484835327,-970522624,3221291008
3052;1;3,2-1073283072,-2147090432,-971046784,-1071251456,4063424,524352,1008205824
3062;1;3,1484835327,-970522624,3221291008
3062;1;3,2-1073283072,-2147090432,-971046784,-1071251456,4063424,524352,1008205824
3072;1;3,1484835327,-970194944,3221291008
3072;1;3,2-1073283072,-2147090432,-971046784,-1071251456,4063424,524352,1008205824
3082;1;3,1484835327,-970194944,3221291008
3082;1;3,2-1073283072,-2147090432,-971046784,-1071251456,4063424,524352,1008205824
3092;1;3,1484835327,-969867264,3221291008
3092;1;3,2-1073283072,458752,-969736064,1076297728,4063424,524352,1008205824
3102;1;3,1484835327,-969867264,3221291008
3102;1;3,2-1073283072,458752,-969736064,1076297728,4063424,524352,1008205824
3112;1;3,1484835327,-969539584,3221291008
3112;1;3,2-1073283072,458752,-969736064,1076297728,4063424,524352,1008205824
3122;1;3,1484835327,-969539584,3221291008
3122;1;3,2-1073283072,458752,-969736064,1076297728,4063424,524352,1008205824
3132;1;3,1484835327,-969211904,3221291008
3132;1;3,2-1073283072,458752,-969736064,1076297728,4063424,524352,1008205824
3142;1;3,1484835327,-969211904,3221291008
3142;1;3,2-1073283072,458752,-969736064,1076297728,4063424,524352,1008205824
3152;1;3,1484835327,-973078528,3221291072
3152;1;3,2-1073283072,458752,-969736064,1076297728,4063424,524352,1008205824
3162;1;3,1484835327,-973078528,3221291072
3162;1;3,2-1073283072,458752,-969736064,1076297728,4063424,524352,1008205824
3172;1;3,1484835327,-972750848,3221291072
3172;1;3,2-1073283072,-2147024896,-972619648,2555904,4063424,524352,1008205888
3182;1;3,1484835327,-972750848,3221291072
3182;1;3,2-1073283072,-2147024896,-972619648,2555904,4063424,524352,1008205888
3192;1;3,1484835327,-972423168,3221291072
3192;1;3,2-1073283072,-2147024896,-972619648,2555904,4063424,524352,1008205888
3202;1;3,1484835327,-972423168,3221291072
3202;1;3,2-1073283072,-2147024896,-972619648,2555904,4063424,524352,1008205888
3212;1;3,1484835327,-972095488,3221291072
3212;1;3,2-1073283072,-2147024896,-972619648,2555904,4063424,524352,1008205888
3222;1;3,1484835327,-972095488,3221291072
3222;1;3,2-1073283072,-2147024896,-972619648,2555904,4063424,524352,1008205888
3232;1;3,1484835327,-971767808,3221291072
3232;1;3,2-1073283072,-2147024896,-972619648,2555904,4063424,524352,1008205888
3242;1;3,1484835327,-971767808,3221291072
3242;1;3,2-1073283072,-2147024896,-972619648,2555904,4063424,524352,1008205888
3252;1;3,1484835327,-971440128,131136
3252;1;3,2-1073283072,1074266112,-971308928,-2144993280,4063424,524352,1008205888
3262;1;3,1484835327,-971440128,131136
3262;1;3,2-1073283072,1074266112,-971308928,-2144993280,4063424,524352,1008205888
3272;1;3,1484835327,-971112448,131136
3272;1;3,2-1073283072,1074266112,-971308928,-2144993280,4063424,524352,1008205888
3282;1;3,1484835327,-971112448,131136
3282;1;3,2-1073283072,1074266112,-971308928,-2144993280,4063424,524352,1008205888
3292;1;3,1484835327,-970784768,131136
3292;1;3,2-1073283072,1074266112,-971308928,-2144993280,4063424,524352,1008205888
3302;1;3,1484835327,-970784768,131136
3302;1;3,2-1073283072,1074266112,-971308928,-2144993280,4063424,524352,1008205888
3312;1;3,1484835327,-970457088,131136
3312;1;3,2-1073283072,1074266112,-971308928,-2144993280,4063424,524352,1008205888
3322;1;3,1484835327,-970457088,131136
3322;1;3,2-1073283072,1074266112,-971308928,-2144993280,4063424,524352,1008205888
3332;1;3,1484835327,-970129408,131136
3332;1;3,2-1073283072,-1073217536,-969998208,-1071251456,4063424,524352,1008205888
3342;1;3,1484835327,-970129408,131136
3342;1;3,2-1073283072,-1073217536,-969998208,-1071251456,4063424,524352,1008205888
3352;1;3,1484835327,-969801728,131136
3352;1;3,2-1073283072,-1073217536,-969998208,-1071251456,4063424,524352,1008205888
3362;1;3,1484835327,-969474048,131136
3362;1;3,2-1073283072,-1073217536,-969998208,-1071251456,4063424,524352,1008205888
3372;1;3,1484835327,-969474048,131136
3372;1;3,2-1073283072,-1073217536,-969998208,-1071251456,4063424,524352,1008205888
3382;1;3,1484835327,-969146368,131136
3382;1;3,2-1073283072,-1073217536,-969998208,-1071251456,4063424,524352,1008205888
3392;1;3,1484835327,-969146368,131136
3392;1;3,2-1073283072,-1073217536,-969998208,-1071251456,4063424,524352,1008205888
3402;1;3,1484835327,-973012992,131200
3402;1;3,2-1073283072,-1073217536,-969998208,-1071251456,4063424,524352,4228907072
3412;1;3,1484835327,-973012992,3221291136
3412;1;3,2-1073283072,589824,-972881792,2555904,4063424,524352,4228907136
3422;1;3,1484835327,-972685312,3221291136
3422;1;3,2-1073283072,589824,-972881792,2555904,4063424,524352,1008205952
3432;1;3,1484835327,-972685312,3221291136
3432;1;3,2-1073283072,589824,-972881792,2555904,4063424,524352,1008205952
3442;1;3,1484835327,-972357632,3221291136
3442;1;3,2-1073283072,589824,-972881792,2555904,4063424,524352,1008205952
3452;1;3,1484835327,-972357632,3221291136
3452;1;3,2-1073283072,589824,-972881792,2555904,4063424,524352,1008205952
3462;1;3,1484835327,-972029952,3221291136
3462;1;3,2-1073283072,589824,-972881792,2555904,4063424,524352,1008205952
3472;1;3,1484835327,-972029952,3221291136
3472;1;3,2-1073283072,589824,-972881792,2555904,4063424,524352,1008205952
3482;1;3,1484835327,-971702272,3221291136
3482;1;3,2-1073283072,589824,-972881792,2555904,4063424,524352,1008205952
3492;1;3,1484835327,-971702272,131200
3492;1;3,2-1073283072,589824,-971571072,-1071251456,4063424,524352,1008205952
3502;1;3,1484835327,-971374592,131200
3502;1;3,2-1073283072,589824,-971571072,-1071251456,4063424,524352,1008205952
3512;1;3,1484835327,-971374592,131200
3512;1;3,2-1073283072,589824,-971571072,-1071251456,4063424,524352,1008205952
3522;1;3,1484835327,-971046912,131200
3522;1;3,2-1073283072,589824,-971571072,-1071251456,4063424,524352,1008205952
3532;1;3,1484835327,-971046912,131200
3532;1;3,2-1073283072,589824,-971571072,-1071251456,4063424,524352,1008205952
3542;1;3,1484835327,-970719232,131200
3542;1;3,2-1073283072,589824,-971571072,-1071251456,4063424,524352,1008205952
3552;1;3,1484835327,-970719232,131200
3552;1;3,2-1073283072,589824,-971571072,-1071251456,4063424,524352,1008205952
3562;1;3,1484835327,-970391552,131200
3562;1;3,2-1073283072,589824,-971571072,-1071251456,4063424,524352,1008205952
3572;1;3,1484835327,-970391552,131200
3572;1;3,2-1073283072,589824,-970260352,2555904,4063424,524352,1008205952
3582;1;3,1484835327,-970063872,131200
3582;1;3,2-1073283072,589824,-970260352,2555904,4063424,524352,1008205952
3592;1;3,1484835327,-970063872,131200
3592;1;3,2-1073283072,589824,-970260352,2555904,4063424,524352,1008205952
3602;1;3,1484835327,-969736192,131200
3602;1;3,2-1073283072,589824,-970260352,2555904,4063424,524352,1008205952
3612;1;3,1484835327,-969736192,131200
3612;1;3,2-1073283072,589824,-970260352,2555904,4063424,524352,1008205952
3622;1;3,1484835327,-969408512,131200
3622;1;3,2-1073283072,589824,-970260352,2555904,4063424,524352,1008205952
3632;1;3,1484835327,-969408512,131200
3632;1;3,2-1073283072,589824,-970260352,2555904,4063424,524352,1008205952
3642;1;3,1484835327,-969080832,131200
3642;1;3,2-1073283072,589824,-970260352,2555904,4063424,524352,1008205952
3652;1;3,1484835327,-969080832,1073807488
3652;1;3,2-1073283072,-1073217536,-968949632,2555904,4063424,524352,1008205952
3662;1;3,1484835327,-972947456,1073807552
3662;1;3,2-1073283072,-1073217536,-968949632,2555904,4063424,524352,1008205952
3672;1;3,1484835327,-972947456,1073807552
3672;1;3,2-1073283072,-1073217536,-968949632,2555904,4063424,524352,1008205952
3682;1;3,1484835327,-972619776,1073807552
3682;1;3,2-1073283072,-1073217536,-968949632,2555904,4063424,524352,1008205952
3692;1;3,1484835327,-972619776,1073807552
3692;1;3,2-1073283072,-1073217536,-968949632,2555904,4063424,524352,1008205952
3702;1;3,1484835327,-972292096,1073807552
3702;1;3,2-1073283072,-1073217536,-968949632,2555904,4063424,524352,1008205952
3712;1;3,1484835327,-972292096,1073807552
3712;1;3,2-1073283072,-1073217536,-968949632,2555904,4063424,524352,1008205952
3722;1;3,1484835327,-971964416,1073807552
3722;1;3,2-1073283072,-1073217536,-968949632,2555904,4063424,524352,1008205952
3732;1;3,1484835327,-971964416,3221291200
3732;1;3,2-1073283072,1074266112,-971833216,2555904,4063424,524352,1008206016
3742;1;3,1484835327,-971636736,3221291200
3742;1;3,2-1073283072,1074266112,-971833216,2555904,4063424,524352,1008206016
3752;1;3,1484835327,-971636736,3221291200
3752;1;3,2-1073283072,1074266112,-971833216,2555904,4063424,524352,1008206016
3762;1;3,1484835327,-971309056,3221291200
3762;1;3,2-1073283072,1074266112,-971833216,2555904,4063424,524352,1008206016
3772;1;3,1484835327,-971309056,3221291200
3772;1;3,2-1073283072,1074266112,-971833216,2555904,4063424,524352,1008206016
3782;1;3,1484835327,-970981376,3221291200
3782;1;3,2-1073283072,1074266112,-971833216,2555904,4063424,524352,1008206016
3792;1;3,1484835327,-970981376,3221291200
3792;1;3,2-1073283072,1074266112,-971833216,2555904,4063424,524352,1008206016
3802;1;3,1484835327,-970653696,3221291200
3802;1;3,2-1073283072,1074266112,-971833216,2555904,4063424,524352,1008206016
3812;1;3,1484835327,-970653696,1073873088
3812;1;3,2-1073283072,-2147024896,-970522496,-1071251456,4063424,524352,1008206016
3822;1;3,1484835327,-970326016,1073873088
3822;1;3,2-1073283072,-2147024896,-970522496,-1071251456,4063424,524352,1008206016
3832;1;3,1484835327,-970326016,1073873088
3832;1;3,2-1073283072,-2147024896,-970522496,-1071251456,4063424,524352,1008206016
3842;1;3,1484835327,-969998336,1073873088
3842;1;3,2-1073283072,-2147024896,-970522496,-1071251456,4063424,524352,1008206016
3852;1;3,1484835327,-969998336,1073873088
3852;1;3,2-1073283072,-2147024896,-970522496,-1071251456,4063424,524352,1008206016
3862;1;3,1484835327,-969670656,1073873088
3862;1;3,2-1073283072,-2147024896,-970522496,-1071251456,4063424,524352,1008206016
3872;1;3,1484835327,-969670656,1073873088
3872;1;3,2-1073283072,-2147024896,-970522496,-1071251456,4063424,524352,1008206016
3882;1;3,1484835327,-969342976,1073873088
3882;1;3,2-1073283072,-2147024896,-970522496,-1071251456,4063424,524352,2082406592
3892;1;3,1484835327,-969342976,3221291200
3892;1;3,2-1073283072,1074200576,-969211776,-1071251456,4063424,524352,2082406592
3902;1;3,1484835327,-969015296,3221291200
3902;1;3,2-1073283072,1074200576,-969211776,-1071251456,4063424,524352,1008206016
3912;1;3,1484835327,-969015296,3221291200
3912;1;3,2-1073283072,1074200576,-969211776,-1071251456,4063424,524352,1008206016
3922;1;3,1484835327,-956104704,3221291008
3922;1;3,2-1073283072,1074200576,-969211776,-1071251456,4063424,524352,1008206016
3932;1;3,1484835327,-956104704,3221291008
3932;1;3,2-1073283072,1074200576,-969211776,-1071251456,4063424,524352,1008206016
3942;1;3,1484835327,-955777024,3221291008
3942;1;3,2-1073283072,1074200576,-969211776,-1071251456,4063424,524352,1008206016
3952;1;3,1484835327,-955777024,3221291008
3952;1;3,2-1073283072,1074200576,-969211776,-1071251456,4063424,524352,1008206016
3962;1;3,1484835327,-955449344,3221291008
3962;1;3,2-1073283072,1074200576,-969211776,-1071251456,4063424,524352,1008206016
3972;1;3,1484835327,-955449344,131072
3972;1;3,2-1073283072,1074200576,-955318144,1076297728,4063424,524352,1008205824
3982;1;3,1484835327,-955121664,131072
3982;1;3,2-1073283072,1074200576,-955318144,1076297728,4063424,524352,1008205824
3992;1;3,1484835327,-955121664,131072
3992;1;3,2-1073283072,1074200576,-955318144,1076297728,4063424,524352,1008205824
4002;1;3,1484835327,-954793984,131072
4002;1;3,2-1073283072,1074200576,-955318144,1076297728,4063424,524352,1008205824
5001;4;Controlling something...
4012;1;3,1484835327,-954793984,131072
4012;1;3,2-1073283072,1074200576,-955318144,1076297728,4063424,524352,1008205824
5001;3;20202020
4022;1;3,1484835327,-954466304,131072
4022;1;3,2-1073283072,1074200576,-955318144,1076297728,4063424,524352,1008205824
4032;1;3,1484835327,-954466304,131072
4032;1;3,2-1073283072,1074200576,-955318144,1076297728,4063424,524352,1008205824
4042;1;3,1484835327,-954138624,131072
4042;1;3,2-1073283072,1074200576,-955318144,1076297728,4063424,524352,1008205824
4052;1;3,1484835327,-954138624,131072
4052;1;3,2-1073283072,1074200576,-954007424,-2144927744,4063424,524352,1008205824
4062;1;3,1484835327,-953810944,131072
4062;1;3,2-1073283072,1074200576,-954007424,-2144927744,4063424,524352,2082406400
4072;1;3,1484835327,-953810944,131072
4072;1;3,2-1073283072,1074200576,-954007424,-2144927744,4063424,524352,2082406400
4082;1;3,1484835327,-953483264,131072
4082;1;3,2-1073283072,1074200576,-954007424,-2144927744,4063424,524352,1008205824
4092;1;3,1484835327,-953483264,131072
4092;1;3,2-1073283072,1074200576,-954007424,-2144927744,4063424,524352,1008205824
4102;1;3,1484835327,-953155584,131072
4102;1;3,2-1073283072,1074200576,-954007424,-2144927744,4063424,524352,1008205824
4112;1;3,1484835327,-953155584,131072
4112;1;3,2-1073283072,1074200576,-954007424,-2144927744,4063424,524352,1008205824
4122;1;3,1484835327,-952827904,131072
4122;1;3,2-1073283072,1074200576,-954007424,-2144927744,4063424,524352,1008205824
4132;1;3,1484835327,-952827904,1073872896
4132;1;3,2-1073283072,-2147024896,-952696704,2555904,4063424,524352,1008205824
4142;1;3,1484835327,-952500224,1073872896
4142;1;3,2-1073283072,-2147024896,-952696704,2555904,4063424,524352,1008205824
4152;1;3,1484835327,-952500224,1073872896
4152;1;3,2-1073283072,-2147024896,-952696704,2555904,4063424,524352,1008205824
4162;1;3,1484835327,-952172544,1073872896
4162;1;3,2-1073283072,-2147024896,-952696704,2555904,4063424,524352,1008205824
4172;1;3,1484835327,-952172544,1073872896
4172;1;3,2-1073283072,-2147024896,-952696704,2555904,4063424,524352,1008205824
4182;1;3,1484835327,-956039168,1073872960
4182;1;3,2-1073283072,-2147024896,-952696704,2555904,4063424,524352,1008205824
4192;1;3,1484835327,-956039168,1073872960
4192;1;3,2-1073283072,-2147024896,-952696704,2555904,4063424,524352,1008205824
4202;1;3,1484835327,-955711488,1073872960
4202;1;3,2-1073283072,-2147024896,-952696704,2555904,4063424,524352,1008205824
4212;1;3,1484835327,-955711488,3221291072
4212;1;3,2-1073283072,524288,-955580288,-2144993280,4063424,524352,1008205888
4222;1;3,1484835327,-955383808,3221291072
4222;1;3,2-1073283072,524288,-955580288,-2144993280,4063424,524352,1008205888
4232;1;3,1484835327,-955383808,3221291072
4232;1;3,2-1073283072,524288,-955580288,-2144993280,4063424,524352,1008205888
4242;1;3,1484835327,-955056128,3221291072
4242;1;3,2-1073283072,524288,-955580288,-2144993280,4063424,524352,1008205888
4252;1;3,1484835327,-955056128,3221291072
4252;1;3,2-1073283072,524288,-955580288,-2144993280,4063424,524352,1008205888
4262;1;3,1484835327,-954728448,3221291072
4262;1;3,2-1073283072,524288,-955580288,-2144993280,4063424,524352,1008205888
4272;1;3,1484835327,-954728448,3221291072
4272;1;3,2-1073283072,524288,-955580288,-2144993280,4063424,524352,1008205888
4282;1;3,1484835327,-954400768,2147549248
4282;1;3,2-1073283072,524288,-955580288,1076297728,4063424,524352,1008205888
4292;1;3,1484835327,-954400768,2147549248
4292;1;3,2-1073283072,524288,-954269568,1076297728,4063424,524352,1008205888
4302;1;3,1484835327,-954073088,2147549248
4302;1;3,2-1073283072,524288,-954269568,1076297728,4063424,524352,1008205888
4312;1;3,1484835327,-954073088,2147549248
4312;1;3,2-1073283072,524288,-954269568,1076297728,4063424,524352,1008205888
4322;1;3,1484835327,-953745408,2147549248
4322;1;3,2-1073283072,524288,-954269568,1076297728,4063424,524352,1008205888
4332;1;3,1484835327,-953745408,2147549248
4332;1;3,2-1073283072,524288,-954269568,1076297728,4063424,524352,1008205888
4342;1;3,1484835327,-953417728,2147549248
4342;1;3,2-1073283072,524288,-954269568,1076297728,4063424,524352,1008205888
4352;1;3,1484835327,-953417728,2147549248
4352;1;3,2-1073283072,524288,-954269568,1076297728,4063424,524352,1008205888
4362;1;3,1484835327,-953090048,3221291072
4362;1;3,2-1073283072,-2147024896,-952958848,1076232192,4063424,524352,1008205888
4372;1;3,1484835327,-953090048,3221291072
4372;1;3,2-1073283072,-2147024896,-952958848,1076232192,4063424,524352,1008205888
4382;1;3,1484835327,-952762368,3221291072
4382;1;3,2-1073283072,-2147024896,-952958848,1076232192,4063424,524352,1008205888
4392;1;3,1484835327,-952762368,3221291072
4392;1;3,2-1073283072,-2147024896,-952958848,1076232192,4063424,524352,1008205888
4402;1;3,1484835327,-952434688,3221291072
4402;1;3,2-1073283072,-2147024896,-952958848,1076232192,4063424,524352,1008205888
4412;1;3,1484835327,-952434688,3221291072
4412;1;3,2-1073283072,-2147024896,-952958848,1076232192,4063424,524352,1008205888
4422;1;3,1484835327,-956301312,3221291136
4422;1;3,2-1073283072,-2147024896,-952958848,1076232192,4063424,524352,1008205888
4432;1;3,1484835327,-956301312,3221291136
4432;1;3,2-1073283072,-2147024896,-952958848,1076232192,4063424,524352,1008205888
4442;1;3,1484835327,-955973632,3221291136
4442;1;3,2-1073283072,1074200576,-955842432,1076232192,4063424,524352,1008205952
4452;1;3,1484835327,-955973632,3221291136
4452;1;3,2-1073283072,1074200576,-955842432,1076232192,4063424,524352,1008205952
4462;1;3,1484835327,-955645952,3221291136
4462;1;3,2-1073283072,1074200576,-955842432,1076232192,4063424,524352,1008205952
4472;1;3,1484835327,-955645952,3221291136
4472;1;3,2-1073283072,1074200576,-955842432,1076232192,4063424,524352,1008205952
4482;1;3,1484835327,-955318272,3221291136
4482;1;3,2-1073283072,1074200576,-955842432,1076232192,4063424,524352,1008205952
4492;1;3,1484835327,-955318272,3221291136
4492;1;3,2-1073283072,1074200576,-955842432,1076232192,4063424,524352,1008205952
4502;1;3,1484835327,-954990592,3221291136
4502;1;3,2-1073283072,1074200576,-955842432,1076232192,4063424,524352,1008205952
4512;1;3,1484835327,-954990592,3221291136
4512;1;3,2-1073283072,1074200576,-955842432,1076232192,4063424,524352,1008205952
4522;1;3,1484835327,-954662912,131200
4522;1;3,2-1073283072,-2147024896,-954531712,2555904,4063424,524352,1008205952
4532;1;3,1484835327,-954662912,131200
4532;1;3,2-1073283072,-2147024896,-954531712,2555904,4063424,524352,1008205952
4542;1;3,1484835327,-954335232,131200
4542;1;3,2-1073283072,-2147024896,-954531712,2555904,4063424,524352,1008205952
4552;1;3,1484835327,-954335232,131200
4552;1;3,2-1073283072,-2147024896,-954531712,2555904,4063424,524352,1008205952
4562;1;3,1484835327,-954007552,131200
4562;1;3,2-1073283072,-2147024896,-954531712,2555904,4063424,524352,1008205952
4572;1;3,1484835327,-954007552,131200
4572;1;3,2-1073283072,-2147024896,-954531712,2555904,4063424,524352,1008205952
4582;1;3,1484835327,-953679872,131200
4582;1;3,2-1073283072,-2147024896,-954531712,2555904,4063424,524352,2082406528
4592;1;3,1484835327,-953679872,131200
4592;1;3,2-1073283072,-2147024896,-954531712,2555904,4063424,524352,2082406528
4602;1;3,1484835327,-953352192,131200
4602;1;3,2-1073283072,524288,-953220992,2555904,4063424,524352,4228907136
4612;1;3,1484835327,-953352192,131200
4612;1;3,2-1073283072,524288,-953220992,2555904,4063424,524352,4228907136
4622;1;3,1484835327,-953024512,131200
4622;1;3,2-1073283072,524288,-953220992,2555904,4063424,524352,1008205952
4632;1;3,1484835327,-953024512,131200
4632;1;3,2-1073283072,524288,-953220992,2555904,4063424,524352,1008205952
4642;1;3,1484835327,-952696832,131200
4642;1;3,2-1073283072,524288,-953220992,2555904,4063424,524352,1008205952
4652;1;3,1484835327,-952696832,131200
4652;1;3,2-1073283072,524288,-953220992,2555904,4063424,524352,1008205952
4662;1;3,1484835327,-952369152,131200
4662;1;3,2-1073283072,524288,-953220992,2555904,4063424,524352,1008205952
4672;1;3,1484835327,-952369152,131200
4672;1;3,2-1073283072,524288,-953220992,2555904,4063424,524352,1008205952
4682;1;3,1484835327,-956235776,3221291200
4682;1;3,2-1073283072,-1073283072,-956104576,-1071251456,4063424,524352,1008206016
4692;1;3,1484835327,-956235776,3221291200
4692;1;3,2-1073283072,-1073283072,-956104576,-1071251456,4063424,524352,1008206016
4702;1;3,1484835327,-955908096,3221291200
4702;1;3,2-1073283072,-1073283072,-956104576,-1071251456,4063424,524352,1008206016
4712;1;3,1484835327,-955908096,3221291200
4712;1;3,2-1073283072,-1073283072,-956104576,-1071251456,4063424,524352,1008206016
4722;1;3,1484835327,-955580416,3221291200
4722;1;3,2-1073283072,-1073283072,-956104576,-1071251456,4063424,524352,2082406592
4732;1;3,1484835327,-955580416,3221291200
4732;1;3,2-1073283072,-1073283072,-956104576,-1071251456,4063424,524352,2082406592
4742;1;3,1484835327,-955252736,3221291200
4742;1;3,2-1073283072,-1073283072,-956104576,-1071251456,4063424,524352,1008206016
4752;1;3,1484835327,-955252736,3221291200
4752;1;3,2-1073283072,-1073283072,-956104576,-1071251456,4063424,524352,1008206016
4762;1;3,1484835327,-954925056,3221291200
4762;1;3,2-1073283072,-1073348608,-954793856,-1071251456,4063424,524352,1008206016
4772;1;3,1484835327,-954925056,3221291200
4772;1;3,2-1073283072,-1073348608,-954793856,-1071251456,4063424,524352,1008206016
4782;1;3,1484835327,-954597376,3221291200
4782;1;3,2-1073283072,-1073348608,-954793856,-1071251456,4063424,524352,1008206016
4792;1;3,1484835327,-954597376,3221291200
4792;1;3,2-1073283072,-1073348608,-954793856,-1071251456,4063424,524352,1008206016
4802;1;3,1484835327,-954269696,3221291200
4802;1;3,2-1073283072,-1073348608,-954793856,-1071251456,4063424,524352,1008206016
4812;1;3,1484835327,-954269696,3221291200
4812;1;3,2-1073283072,-1073348608,-954793856,-1071251456,4063424,524352,1008206016
4822;1;3,1484835327,-953942016,3221291200
4822;1;3,2-1073283072,-1073348608,-954793856,-1071251456,4063424,524352,1008206016
4832;1;3,1484835327,-953942016,3221291200
4832;1;3,2-1073283072,-1073348608,-954793856,-1071251456,4063424,524352,1008206016
4842;1;3,1484835327,-953614336,131264
4842;1;3,2-1073283072,-1073348608,-953483136,2490368,4063424,524352,1008206016
4852;1;3,1484835327,-953614336,131264
4852;1;3,2-1073283072,-1073348608,-953483136,2490368,4063424,524352,1008206016
4862;1;3,1484835327,-953286656,131264
4862;1;3,2-1073283072,-1073348608,-953483136,2490368,4063424,524352,1008206016
4872;1;3,1484835327,-953286656,131264
4872;1;3,2-1073283072,-1073348608,-953483136,2490368,4063424,524352,1008206016
4882;1;3,1484835327,-952958976,131264
4882;1;3,2-1073283072,-1073348608,-953483136,2490368,4063424,524352,1008206016
4892;1;3,1484835327,-952958976,131264
4892;1;3,2-1073283072,-1073348608,-953483136,2490368,4063424,524352,1008206016
4902;1;3,1484835327,-952631296,131264
4902;1;3,2-1073283072,-1073348608,-953483136,2490368,4063424,524352,1008206016
4912;1;3,1484835327,-952631296,131264
4912;1;3,2-1073283072,-1073348608,-953483136,2490368,4063424,524352,1008206016
4922;1;3,1484835327,-952303616,3221291200
4922;1;3,2-1073283072,-1073283072,-952172416,2555904,4063424,524352,1008206016
4932;1;3,1484835327,-952303616,3221291200
4932;1;3,2-1073283072,-1073283072,-952172416,2555904,4063424,524352,1008206016
4942;1;3,1484835327,-939393024,3221291008
4942;1;3,2-1073283072,-1073283072,-952172416,2555904,4063424,524352,1008206016
4952;1;3,1484835327,-939393024,3221291008
4952;1;3,2-1073283072,-1073283072,-952172416,2555904,4063424,524352,1008206016
4962;1;3,1484835327,-939065344,3221291008
4962;1;3,2-1073283072,-1073283072,-952172416,2555904,4063424,524352,1008206016
4972;1;3,1484835327,-939065344,3221291008
4972;1;3,2-1073283072,-1073283072,-952172416,2555904,4063424,524352,1008206016
4982;1;3,1484835327,-938737664,3221291008
4982;1;3,2-1073283072,-1073283072,-952172416,2555904,4063424,524352,1008206016
4992;1;3,1484835327,-938737664,3221291008
4992;1;3,2-1073283072,-1073283072,-952172416,2555904,4063424,524352,1008206016
5002;1;3,1484835327,-938409984,131072
5002;1;3,2-1073283072,-1073283072,-938278784,2490368,4063424,524352,1008205824
6001;4;Controlling something...
5012;1;3,1484835327,-938409984,131072
5012;1;3,2-1073283072,-1073283072,-938278784,2490368,4063424,524352,1008205824
6001;3;20202020
5022;1;3,1484835327,-938082304,131072
5022;1;3,2-1073283072,-1073283072,-938278784,2490368,4063424,524352,1008205824
5032;1;3,1484835327,-938082304,131072
5032;1;3,2-1073283072,-1073283072,-938278784,2490368,4063424,524352,1008205824
5042;1;3,1484835327,-937754624,131072
5042;1;3,2-1073283072,-1073283072,-938278784,2490368,4063424,524352,1008205824
5052;1;3,1484835327,-937754624,131072
5052;1;3,2-1073283072,-1073283072,-938278784,2490368,4063424,524352,1008205824
5062;1;3,1484835327,-937426944,131072
5062;1;3,2-1073283072,-1073283072,-938278784,2490368,4063424,524352,1008205824
5072;1;3,1484835327,-937099264,131072
5072;1;3,2-1073283072,-1073283072,-938278784,2490368,4063424,524352,1008205824
5082;1;3,1484835327,-937099264,3221225472
5082;1;3,2-1073283072,-2147090432,-936968064,-2144927680,4063424,524352,1008205824
5092;1;3,1484835327,-936771584,3221225472
5092;1;3,2-1073283072,-2147090432,-936968064,-2144927680,4063424,524352,1008205824
5102;1;3,1484835327,-936771584,3221225472
5102;1;3,2-1073283072,-2147090432,-936968064,-2144927680,4063424,524352,1008205824
5112;1;3,1484835327,-936443904,3221225472
5112;1;3,2-1073283072,-2147090432,-936968064,-2144927680,4063424,524352,1008205824
5122;1;3,1484835327,-936443904,3221225472
5122;1;3,2-1073283072,-2147090432,-936968064,-2144927680,4063424,524352,1008205824
5132;1;3,1484835327,-936116224,3221225472
5132;1;3,2-1073283072,-2147090432,-936968064,-2144927680,4063424,524352,1008205824
5142;1;3,1484835327,-936116224,3221225472
5142;1;3,2-1073283072,-2147090432,-936968064,-2144927680,4063424,524352,1008205824
5152;1;3,1484835327,-935788544,3221225472
5152;1;3,2-1073283072,-2147090432,-936968064,-2144927680,4063424,524352,1008205824
5162;1;3,1484835327,-935788544,2151612416
5162;1;3,2-1073283072,-1073414144,-935657344,-2144927680,4063424,524352,1008205824
5172;1;3,1484835327,-935460864,2151612416
5172;1;3,2-1073283072,-1073414144,-935657344,-2144927680,4063424,524352,1008205824
5182;1;3,1484835327,-935460864,2151612416
5182;1;3,2-1073283072,-1073414144,-935657344,-2144927680,4063424,524352,1008205824
5192;1;3,1484835327,-939327488,2151612480
5192;1;3,2-1073283072,-1073414144,-935657344,-2144927680,4063424,524352,1008205824
5202;1;3,1484835327,-939327488,2151612480
5202;1;3,2-1073283072,-1073414144,-935657344,-2144927680,4063424,524352,1008205824
5212;1;3,1484835327,-938999808,2151612480
5212;1;3,2-1073283072,-1073414144,-935657344,-2144927680,4063424,524352,1008205824
5222;1;3,1484835327,-938999808,2151612480
5222;1;3,2-1073283072,-1073414144,-935657344,-2144927680,4063424,524352,1008205824
5232;1;3,1484835327,-938672128,2151612480
5232;1;3,2-1073283072,-1073414144,-935657344,-2144927680,4063424,524352,1008205824
5242;1;3,1484835327,-938672128,131136
5242;1;3,2-1073283072,-2147090432,-938540928,1076297728,4063424,524352,1008205888
5252;1;3,1484835327,-938344448,131136
5252;1;3,2-1073283072,-2147090432,-938540928,1076297728,4063424,524352,1008205888
5262;1;3,1484835327,-938344448,131136
5262;1;3,2-1073283072,-2147090432,-938540928,1076297728,4063424,524352,1008205888
5272;1;3,1484835327,-938016768,131136
5272;1;3,2-1073283072,-2147090432,-938540928,1076297728,4063424,524352,1008205888
5282;1;3,1484835327,-938016768,131136
5282;1;3,2-1073283072,-2147090432,-938540928,1076297728,4063424,524352,1008205888
5292;1;3,1484835327,-937689088,131136
5292;1;3,2-1073283072,-2147090432,-938540928,1076297728,4063424,524352,1008205888
5302;1;3,1484835327,-937689088,131136
5302;1;3,2-1073283072,-2147090432,-938540928,1076297728,4063424,524352,1008205888
5312;1;3,1484835327,-937361408,131136
5312;1;3,2-1073283072,-2147090432,-938540928,1076297728,4063424,524352,1008205888
5322;1;3,1484835327,-937361408,3221291072
5322;1;3,2-1073283072,-1073283072,-937230208,-1071251456,4063424,524352,1008205888
5332;1;3,1484835327,-937033728,3221291072
5332;1;3,2-1073283072,-1073283072,-937230208,-1071251456,4063424,524352,1008205888
5342;1;3,1484835327,-937033728,3221291072
5342;1;3,2-1073283072,-1073283072,-937230208,-1071251456,4063424,524352,1008205888
5352;1;3,1484835327,-936706048,3221291072
5352;1;3,2-1073283072,-1073283072,-937230208,-1071251456,4063424,524352,1008205888
5362;1;3,1484835327,-936706048,3221291072
5362;1;3,2-1073283072,-1073283072,-937230208,-1071251456,4063424,524352,1008205888
5372;1;3,1484835327,-936378368,3221291072
5372;1;3,2-1073283072,-1073283072,-937230208,-1071251456,4063424,524352,1008205888
5382;1;3,1484835327,-936378368,3221291072
5382;1;3,2-1073283072,-1073283072,-937230208,-1071251456,4063424,524352,1008205888
5392;1;3,1484835327,-936050688,3221291072
5392;1;3,2-1073283072,-1073283072,-937230208,-1071251456,4063424,524352,1008205888
5402;1;3,1484835327,-936050688,1073872960
5402;1;3,2-1073283072,-1073283072,-935919488,1076297728,4063424,524352,1008205888
5412;1;3,1484835327,-935723008,1073872960
5412;1;3,2-1073283072,-1073283072,-935919488,1076297728,4063424,524352,1008205888
5422;1;3,1484835327,-935723008,1073872960
5422;1;3,2-1073283072,-1073283072,-935919488,1076297728,4063424,524352,1008205888
5432;1;3,1484835327,-935395328,1073872960
5432;1;3,2-1073283072,-1073283072,-935919488,1076297728,4063424,524352,1008205888
5442;1;3,1484835327,-935395328,1073872960
5442;1;3,2-1073283072,-1073283072,-935919488,1076297728,4063424,524352,1008205888
5452;1;3,1484835327,-939261952,1073873024
5452;1;3,2-1073283072,-1073283072,-935919488,1076297728,4063424,524352,1008205888
5462;1;3,1484835327,-939261952,1073873024
5462;1;3,2-1073283072,-1073283072,-935919488,1076297728,4063424,524352,1008205888
5472;1;3,1484835327,-938934272,1073873024
5472;1;3,2-1073283072,-1073283072,-935919488,1076297728,4063424,524352,1008205888
5482;1;3,1484835327,-938934272,3221291136
5482;1;3,2-1073283072,-2147090432,-938803072,2555904,4063424,524352,1008205952
5492;1;3,1484835327,-938606592,3221291136
5492;1;3,2-1073283072,-2147090432,-938803072,2555904,4063424,524352,1008205952
5502;1;3,1484835327,-938606592,3221291136
5502;1;3,2-1073283072,-2147090432,-938803072,2555904,4063424,524352,1008205952
5512;1;3,1484835327,-938278912,3221291136
5512;1;3,2-1073283072,-2147090432,-938803072,2555904,4063424,524352,1008205952
5522;1;3,1484835327,-938278912,3221291136
5522;1;3,2-1073283072,-2147090432,-938803072,2555904,4063424,524352,1008205952
5532;1;3,1484835327,-937951232,3221291136
5532;1;3,2-1073283072,-2147090432,-938803072,2555904,4063424,524352,1008205952
5542;1;3,1484835327,-937951232,3221291136
5542;1;3,2-1073283072,-2147090432,-938803072,2555904,4063424,524352,1008205952
5552;1;3,1484835327,-937623552,3221291136
5552;1;3,2-1073283072,-2147090432,-938803072,2555904,4063424,524352,1008205952
5562;1;3,1484835327,-937623552,1073807488
5562;1;3,2-1073283072,-1073414144,-937492352,-1071251456,4063424,524352,1008205952
5572;1;3,1484835327,-937295872,1073807488
5572;1;3,2-1073283072,-1073414144,-937492352,-1071251456,4063424,524352,1008205952
5582;1;3,1484835327,-937295872,1073807488
5582;1;3,2-1073283072,-1073414144,-937492352,-1071251456,4063424,524352,1008205952
5592;1;3,1484835327,-936968192,1073807488
5592;1;3,2-1073283072,-1073414144,-937492352,-1071251456,4063424,524352,1008205952
5602;1;3,1484835327,-936968192,1073807488
5602;1;3,2-1073283072,-1073414144,-937492352,-1071251456,4063424,524352,1008205952
5612;1;3,1484835327,-936640512,1073807488
5612;1;3,2-1073283072,-1073414144,-937492352,-1071251456,4063424,524352,2082406528
5622;1;3,1484835327,-936640512,1073807488
5622;1;3,2-1073283072,-1073414144,-937492352,-1071251456,4063424,524352,2082406528
5632;1;3,1484835327,-936312832,1073807488
5632;1;3,2-1073283072,-1073414144,-937492352,-1071251456,4063424,524352,1008205952
5642;1;3,1484835327,-936312832,3221291136
5642;1;3,2-1073283072,1074135040,-936181632,-1071251456,4063424,524352,1008205952
5652;1;3,1484835327,-935985152,3221291136
5652;1;3,2-1073283072,1074135040,-936181632,-1071251456,4063424,524352,1008205952
5662;1;3,1484835327,-935985152,3221291136
5662;1;3,2-1073283072,1074135040,-936181632,-1071251456,4063424,524352,1008205952
5672;1;3,1484835327,-935657472,3221291136
5672;1;3,2-1073283072,1074135040,-936181632,-1071251456,4063424,524352,1008205952
5682;1;3,1484835327,-935657472,3221291136
5682;1;3,2-1073283072,1074135040,-936181632,-1071251456,4063424,524352,1008205952
5692;1;3,1484835327,-939524096,3221291200
5692;1;3,2-1073283072,1074135040,-936181632,-1071251456,4063424,524352,1008205952
5702;1;3,1484835327,-939524096,3221291200
5702;1;3,2-1073283072,1074135040,-936181632,-1071251456,4063424,524352,1008205952
5712;1;3,1484835327,-939196416,3221291200
5712;1;3,2-1073283072,1074135040,-936181632,-1071251456,4063424,524352,1008205952
5722;1;3,1484835327,-939196416,131264
5722;1;3,2-1073283072,-1073348608,-939065216,1076297728,4063424,524352,1008206016
5732;1;3,1484835327,-938868736,131264
5732;1;3,2-1073283072,-1073348608,-939065216,1076297728,4063424,524352,1008206016
5742;1;3,1484835327,-938868736,131264
5742;1;3,2-1073283072,-1073348608,-939065216,1076297728,4063424,524352,1008206016
5752;1;3,1484835327,-938541056,131264
5752;1;3,2-1073283072,-1073348608,-939065216,1076297728,4063424,524352,1008206016
5762;1;3,1484835327,-938541056,131264
5762;1;3,2-1073283072,-1073348608,-939065216,1076297728,4063424,524352,1008206016
5772;1;3,1484835327,-938213376,131264
5772;1;3,2-1073283072,-1073348608,-939065216,1076297728,4063424,524352,1008206016
5782;1;3,1484835327,-938213376,131264
5782;1;3,2-1073283072,-1073348608,-939065216,1076297728,4063424,524352,1008206016
5792;1;3,1484835327,-937885696,131264
5792;1;3,2-1073283072,-1073348608,-939065216,1076297728,4063424,524352,4228907200
5802;1;3,1484835327,-937885696,131264
5802;1;3,2-1073283072,1074135040,-937754496,2555904,4063424,524352,4228907200
5812;1;3,1484835327,-937558016,131264
5812;1;3,2-1073283072,1074135040,-937754496,2555904,4063424,524352,1008206016
5822;1;3,1484835327,-937558016,131264
5822;1;3,2-1073283072,1074135040,-937754496,2555904,4063424,524352,1008206016
5832;1;3,1484835327,-937230336,131264
5832;1;3,2-1073283072,1074135040,-937754496,2555904,4063424,524352,1008206016
5842;1;3,1484835327,-937230336,131264
5842;1;3,2-1073283072,1074135040,-937754496,2555904,4063424,524352,1008206016
5852;1;3,1484835327,-936902656,131264
5852;1;3,2-1073283072,1074135040,-937754496,2555904,4063424,524352,2082406592
5862;1;3,1484835327,-936902656,131264
5862;1;3,2-1073283072,1074135040,-937754496,2555904,4063424,524352,2082406592
5872;1;3,1484835327,-936574976,131264
5872;1;3,2-1073283072,1074135040,-937754496,2555904,4063424,524352,1008206016
5882;1;3,1484835327,-936574976,131264
5882;1;3,2-1073283072,-1073414144,-936443776,-1071251456,4063424,524352,1008206016
5892;1;3,1484835327,-936247296,131264
5892;1;3,2-1073283072,-1073414144,-936443776,-1071251456,4063424,524352,1008206016
5902;1;3,1484835327,-936247296,131264
5902;1;3,2-1073283072,-1073414144,-936443776,-1071251456,4063424,524352,1008206016
5912;1;3,1484835327,-935919616,131264
5912;1;3,2-1073283072,-1073414144,-936443776,-1071251456,4063424,524352,1008206016
5922;1;3,1484835327,-935919616,131264
5922;1;3,2-1073283072,-1073414144,-936443776,-1071251456,4063424,524352,1008206016
5932;1;3,1484835327,-935591936,131264
5932;1;3,2-1073283072,-1073414144,-936443776,-1071251456,4063424,524352,1008206016
5942;1;3,1484835327,-935591936,131264
5942;1;3,2-1073283072,-1073414144,-936443776,-1071251456,4063424,524352,1008206016
5952;1;3,1484835327,-922681344,2147549184
5952;1;3,2-1073283072,-1073414144,-936443776,-1071251456,4063424,524352,1008206016
5962;1;3,1484835327,-922681344,2147549184
5962;1;3,2-1073283072,-2147090432,-922550144,1076297728,4063424,524352,1008205824
5972;1;3,1484835327,-922353664,2147549184
5972;1;3,2-1073283072,-2147090432,-922550144,1076297728,4063424,524352,1008205824
5982;1;3,1484835327,-922353664,2147549184
5982;1;3,2-1073283072,-2147090432,-922550144,1076297728,4063424,524352,1008205824
5992;1;3,1484835327,-922025984,2147549184
5992;1;3,2-1073283072,-2147090432,-922550144,1076297728,4063424,524352,1008205824
6002;1;3,1484835327,-922025984,2147549184
6002;1;3,2-1073283072,-2147090432,-922550144,1076297728,4063424,524352,1008205824
6012;1;3,1484835327,-921698304,2147549184
6012;1;3,2-1073283072,-2147090432,-922550144,1076297728,4063424,524352,1008205824
7001;4;Controlling something...
7001;3;20202020
6022;1;3,1484835327,-921698304,2147549184
6022;1;3,2-1073283072,-2147090432,-922550144,1076297728,4063424,524352,1008205824
6032;1;3,1484835327,-921370624,3221291008
6032;1;3,2-1073283072,-2147090432,-922550144,-2144993280,4063424,524352,1008205824
6042;1;3,1484835327,-921370624,3221291008
6042;1;3,2-1073283072,-1073283072,-921239424,-2144993280,4063424,524352,1008205824
6052;1;3,1484835327,-921042944,3221291008
6052;1;3,2-1073283072,-1073283072,-921239424,-2144993280,4063424,524352,1008205824
6062;1;3,1484835327,-921042944,3221291008
6062;1;3,2-1073283072,-1073283072,-921239424,-2144993280,4063424,524352,1008205824
6072;1;3,1484835327,-920715264,3221291008
6072;1;3,2-1073283072,-1073283072,-921239424,-2144993280,4063424,524352,1008205824
6082;1;3,1484835327,-920715264,3221291008
6082;1;3,2-1073283072,-1073283072,-921239424,-2144993280,4063424,524352,1008205824
6092;1;3,1484835327,-920387584,3221291008
6092;1;3,2-1073283072,-1073283072,-921239424,-2144993280,4063424,524352,1008205824
6102;1;3,1484835327,-920387584,3221291008
6102;1;3,2-1073283072,-1073283072,-921239424,-2144993280,4063424,524352,1008205824
6112;1;3,1484835327,-920059904,3221291008
6112;1;3,2-1073283072,524288,-919928704,1076297728,4063424,524352,1008205824
6122;1;3,1484835327,-920059904,3221291008
6122;1;3,2-1073283072,524288,-919928704,1076297728,4063424,524352,1008205824
6132;1;3,1484835327,-919732224,3221291008
6132;1;3,2-1073283072,524288,-919928704,1076297728,4063424,524352,1008205824
6142;1;3,1484835327,-919732224,3221291008
6142;1;3,2-1073283072,524288,-919928704,1076297728,4063424,524352,1008205824
6152;1;3,1484835327,-919404544,3221291008
6152;1;3,2-1073283072,524288,-919928704,1076297728,4063424,524352,1008205824
6162;1;3,1484835327,-919404544,3221291008
6162;1;3,2-1073283072,524288,-919928704,1076297728,4063424,524352,1008205824
6172;1;3,1484835327,-919076864,3221291008
6172;1;3,2-1073283072,524288,-919928704,1076297728,4063424,524352,1008205824
6182;1;3,1484835327,-919076864,3221291008
6182;1;3,2-1073283072,524288,-919928704,1076297728,4063424,524352,1008205824
6192;1;3,1484835327,-918749184,131072
6192;1;3,2-1073283072,-1073283072,-918617984,2555904,4063424,524352,1008205824
6202;1;3,1484835327,-918749184,131072
6202;1;3,2-1073283072,-1073283072,-918617984,2555904,4063424,524352,1008205824
6212;1;3,1484835327,-922615808,131136
6212;1;3,2-1073283072,-1073283072,-918617984,2555904,4063424,524352,1008205824
6222;1;3,1484835327,-922615808,131136
6222;1;3,2-1073283072,-1073283072,-918617984,2555904,4063424,524352,1008205824
6232;1;3,1484835327,-922288128,131136
6232;1;3,2-1073283072,-1073283072,-918617984,2555904,4063424,524352,1008205824
6242;1;3,1484835327,-922288128,131136
6242;1;3,2-1073283072,-1073283072,-918617984,2555904,4063424,524352,1008205824
6252;1;3,1484835327,-921960448,131136
6252;1;3,2-1073283072,-1073283072,-918617984,2555904,4063424,524352,1008205824
6262;1;3,1484835327,-921960448,131136
6262;1;3,2-1073283072,-1073283072,-918617984,2555904,4063424,524352,1008205824
6272;1;3,1484835327,-921632768,131136
6272;1;3,2-1073283072,524288,-921501568,-1071251456,4063424,524352,1008205888
6282;1;3,1484835327,-921632768,131136
6282;1;3,2-1073283072,524288,-921501568,-1071251456,4063424,524352,1008205888
6292;1;3,1484835327,-921305088,131136
6292;1;3,2-1073283072,524288,-921501568,-1071251456,4063424,524352,1008205888
6302;1;3,1484835327,-921305088,131136
6302;1;3,2-1073283072,524288,-921501568,-1071251456,4063424,524352,1008205888
6312;1;3,1484835327,-920977408,131136
6312;1;3,2-1073283072,524288,-921501568,-1071251456,4063424,524352,1008205888
6322;1;3,1484835327,-920977408,131136
6322;1;3,2-1073283072,524288,-921501568,-1071251456,4063424,524352,1008205888
6332;1;3,1484835327,-920649728,131136
6332;1;3,2-1073283072,524288,-921501568,-1071251456,4063424,524352,1008205888
6342;1;3,1484835327,-920649728,131136
6342;1;3,2-1073283072,524288,-921501568,-1071251456,4063424,524352,1008205888
6352;1;3,1484835327,-920322048,3221291072
6352;1;3,2-1073283072,524288,-920190848,-2144927744,4063424,524352,1008205888
6362;1;3,1484835327,-920322048,3221291072
6362;1;3,2-1073283072,524288,-920190848,-2144927744,4063424,524352,1008205888
6372;1;3,1484835327,-919994368,3221291072
6372;1;3,2-1073283072,524288,-920190848,-2144927744,4063424,524352,1008205888
6382;1;3,1484835327,-919994368,3221291072
6382;1;3,2-1073283072,524288,-920190848,-2144927744,4063424,524352,1008205888
6392;1;3,1484835327,-919666688,3221291072
6392;1;3,2-1073283072,524288,-920190848,-2144927744,4063424,524352,1008205888
6402;1;3,1484835327,-919666688,3221291072
6402;1;3,2-1073283072,524288,-920190848,-2144927744,4063424,524352,1008205888
6412;1;3,1484835327,-919339008,3221291072
6412;1;3,2-1073283072,524288,-920190848,-2144927744,4063424,524352,1008205888
6422;1;3,1484835327,-919339008,3221291072
6422;1;3,2-1073283072,524288,-920190848,-2144927744,4063424,524352,1008205888
6432;1;3,1484835327,-919011328,131136
6432;1;3,2-1073283072,-2147024896,-918880128,-1071251456,4063424,524352,1008205888
6442;1;3,1484835327,-919011328,131136
6442;1;3,2-1073283072,-2147024896,-918880128,-1071251456,4063424,524352,1008205888
6452;1;3,1484835327,-918683648,131136
6452;1;3,2-1073283072,-2147024896,-918880128,-1071251456,4063424,524352,1008205888
6462;1;3,1484835327,-918683648,131136
6462;1;3,2-1073283072,-2147024896,-918880128,-1071251456,4063424,524352,1008205888
6472;1;3,1484835327,-922550272,131200
6472;1;3,2-1073283072,-2147024896,-918880128,-1071251456,4063424,524352,1008205888
6482;1;3,1484835327,-922550272,131200
6482;1;3,2-1073283072,-2147024896,-918880128,-1071251456,4063424,524352,1008205888
6492;1;3,1484835327,-922222592,131200
6492;1;3,2-1073283072,-2147024896,-918880128,-1071251456,4063424,524352,1008205888
6502;1;3,1484835327,-922222592,131200
6502;1;3,2-1073283072,-2147024896,-918880128,-1071251456,4063424,524352,1008205888
6512;1;3,1484835327,-921894912,3221291136
6512;1;3,2-1073283072,458752,-921763712,2555904,4063424,524352,1008205952
6522;1;3,1484835327,-921894912,3221291136
6522;1;3,2-1073283072,458752,-921763712,2555904,4063424,524352,1008205952
6532;1;3,1484835327,-921567232,3221291136
6532;1;3,2-1073283072,458752,-921763712,2555904,4063424,524352,1008205952
6542;1;3,1484835327,-921567232,3221291136
6542;1;3,2-1073283072,458752,-921763712,2555904,4063424,524352,1008205952
6552;1;3,1484835327,-921239552,3221291136
6552;1;3,2-1073283072,458752,-921763712,2555904,4063424,524352,1008205952
6562;1;3,1484835327,-921239552,3221291136
6562;1;3,2-1073283072,458752,-921763712,2555904,4063424,524352,1008205952
6572;1;3,1484835327,-920911872,3221291136
6572;1;3,2-1073283072,458752,-921763712,2555904,4063424,524352,1008205952
6582;1;3,1484835327,-920911872,3221291136
6582;1;3,2-1073283072,458752,-921763712,2555904,4063424,524352,1008205952
6592;1;3,1484835327,-920584192,131200
6592;1;3,2-1073283072,-2147090432,-920452992,-1071251456,4063424,524352,1008205952
6602;1;3,1484835327,-920584192,131200
6602;1;3,2-1073283072,-2147090432,-920452992,-1071251456,4063424,524352,1008205952
6612;1;3,1484835327,-920256512,131200
6612;1;3,2-1073283072,-2147090432,-920452992,-1071251456,4063424,524352,1008205952
6622;1;3,1484835327,-920256512,131200
6622;1;3,2-1073283072,-2147090432,-920452992,-1071251456,4063424,524352,1008205952
6632;1;3,1484835327,-919928832,131200
6632;1;3,2-1073283072,-2147090432,-920452992,-1071251456,4063424,524352,1008205952
6642;1;3,1484835327,-919928832,131200
6642;1;3,2-1073283072,-2147090432,-920452992,-1071251456,4063424,524352,1008205952
6652;1;3,1484835327,-919601152,131200
6652;1;3,2-1073283072,-2147090432,-920452992,-1071251456,4063424,524352,1008205952
6662;1;3,1484835327,-919601152,131200
6662;1;3,2-1073283072,-2147090432,-920452992,-1071251456,4063424,524352,1008205952
6672;1;3,1484835327,-919273472,3221291136
6672;1;3,2-1073283072,-2147090432,-919142272,-1071251456,4063424,524352,1008205952
6682;1;3,1484835327,-919273472,3221291136
6682;1;3,2-1073283072,-2147090432,-919142272,-1071251456,4063424,524352,1008205952
6692;1;3,1484835327,-918945792,3221291136
6692;1;3,2-1073283072,-2147090432,-919142272,-1071251456,4063424,524352,1008205952
6702;1;3,1484835327,-918945792,3221291136
6702;1;3,2-1073283072,-2147090432,-919142272,-1071251456,4063424,524352,1008205952
6712;1;3,1484835327,-918618112,3221291136
6712;1;3,2-1073283072,-2147090432,-919142272,-1071251456,4063424,524352,1008205952
6722;1;3,1484835327,-918618112,3221291136
6722;1;3,2-1073283072,-2147090432,-919142272,-1071251456,4063424,524352,1008205952
6732;1;3,1484835327,-922484736,3221291200
6732;1;3,2-1073283072,-2147090432,-919142272,-1071251456,4063424,524352,1008205952
6742;1;3,1484835327,-922484736,3221291200
6742;1;3,2-1073283072,-2147090432,-919142272,-1071251456,4063424,524352,1008205952
6752;1;3,1484835327,-922157056,131264
6752;1;3,2-1073283072,458752,-922025856,2555904,4063424,524352,1008206016
6762;1;3,1484835327,-922157056,131264
6762;1;3,2-1073283072,458752,-922025856,2555904,4063424,524352,1008206016
6772;1;3,1484835327,-921829376,131264
6772;1;3,2-1073283072,458752,-922025856,2555904,4063424,524352,1008206016
6782;1;3,1484835327,-921829376,131264
6782;1;3,2-1073283072,458752,-922025856,2555904,4063424,524352,1008206016
6792;1;3,1484835327,-921501696,131264
6792;1;3,2-1073283072,458752,-922025856,2555904,4063424,524352,1008206016
6802;1;3,1484835327,-921174016,131264
6802;1;3,2-1073283072,458752,-922025856,2555904,4063424,524352,1008206016
6812;1;3,1484835327,-921174016,131264
6812;1;3,2-1073283072,458752,-922025856,2555904,4063424,524352,1008206016
6822;1;3,1484835327,-920846336,131264
6822;1;3,2-1073283072,458752,-922025856,2555904,4063424,524352,1008206016
6832;1;3,1484835327,-920846336,3221291200
6832;1;3,2-1073283072,-2147024896,-920715136,2555904,4063424,524352,1008206016
6842;1;3,1484835327,-920518656,3221291200
6842;1;3,2-1073283072,-2147024896,-920715136,2555904,4063424,524352,1008206016
6852;1;3,1484835327,-920518656,3221291200
6852;1;3,2-1073283072,-2147024896,-920715136,2555904,4063424,524352,1008206016
6862;1;3,1484835327,-920190976,3221291200
6862;1;3,2-1073283072,-2147024896,-920715136,2555904,4063424,524352,1008206016
6872;1;3,1484835327,-920190976,3221291200
6872;1;3,2-1073283072,-2147024896,-920715136,2555904,4063424,524352,1008206016
6882;1;3,1484835327,-919863296,3221291200
6882;1;3,2-1073283072,-2147024896,-920715136,2555904,4063424,524352,1008206016
6892;1;3,1484835327,-919863296,3221291200
6892;1;3,2-1073283072,-2147024896,-920715136,2555904,4063424,524352,1008206016
6902;1;3,1484835327,-919535616,3221291200
6902;1;3,2-1073283072,-2147024896,-920715136,2555904,4063424,524352,2082406592
6912;1;3,1484835327,-919535616,131264
6912;1;3,2-1073283072,1074266112,-919404416,2555904,4063424,524352,2082406592
6922;1;3,1484835327,-919207936,131264
6922;1;3,2-1073283072,1074266112,-919404416,2555904,4063424,524352,1008206016
6932;1;3,1484835327,-919207936,131264
6932;1;3,2-1073283072,1074266112,-919404416,2555904,4063424,524352,1008206016
6942;1;3,1484835327,-918880256,131264
6942;1;3,2-1073283072,1074266112,-919404416,2555904,4063424,524352,1008206016
6952;1;3,1484835327,-918880256,131264
6952;1;3,2-1073283072,1074266112,-919404416,2555904,4063424,524352,1008206016
6962;1;3,1484835327,-905969664,131072
6962;1;3,2-1073283072,1074266112,-919404416,2555904,4063424,524352,1008206016
6972;1;3,1484835327,-905969664,131072
6972;1;3,2-1073283072,1074266112,-919404416,2555904,4063424,524352,1008206016
6982;1;3,1484835327,-905641984,131072
6982;1;3,2-1073283072,1074266112,-919404416,2555904,4063424,524352,1008206016
6992;1;3,1484835327,-905641984,3221291008
6992;1;3,2-1073283072,-2146959360,-905510784,2555904,4063424,524352,1008205824
7002;1;3,1484835327,-905314304,3221291008
7002;1;3,2-1073283072,-2146959360,-905510784,2555904,4063424,524352,1008205824
8001;4;Controlling something...
7012;1;3,1484835327,-905314304,3221291008
7012;1;3,2-1073283072,-2146959360,-905510784,2555904,4063424,524352,1008205824
8001;3;20202020
7022;1;3,1484835327,-904986624,3221291008
7022;1;3,2-1073283072,-2146959360,-905510784,2555904,4063424,524352,1008205824
7032;1;3,1484835327,-904986624,3221291008
7032;1;3,2-1073283072,-2146959360,-905510784,2555904,4063424,524352,1008205824
7042;1;3,1484835327,-904658944,3221291008
7042;1;3,2-1073283072,-2146959360,-905510784,2555904,4063424,524352,1008205824
7052;1;3,1484835327,-904658944,3221291008
7052;1;3,2-1073283072,-2146959360,-905510784,2555904,4063424,524352,1008205824
7062;1;3,1484835327,-904331264,3221291008
7062;1;3,2-1073283072,-2146959360,-905510784,2555904,4063424,524352,1008205824
7072;1;3,1484835327,-904331264,3221291008
7072;1;3,2-1073283072,1074266112,-904200064,-2144993280,4063424,524352,1008205824
7082;1;3,1484835327,-904003584,3221291008
7082;1;3,2-1073283072,1074266112,-904200064,-2144993280,4063424,524352,2082406400
7092;1;3,1484835327,-904003584,3221291008
7092;1;3,2-1073283072,1074266112,-904200064,-2144993280,4063424,524352,2082406400
7102;1;3,1484835327,-903675904,3221291008
7102;1;3,2-1073283072,1074266112,-904200064,-2144993280,4063424,524352,1008205824
7112;1;3,1484835327,-903675904,3221291008
7112;1;3,2-1073283072,1074266112,-904200064,-2144993280,4063424,524352,1008205824
7122;1;3,1484835327,-903348224,3221291008
7122;1;3,2-1073283072,1074266112,-904200064,-2144993280,4063424,524352,1008205824
7132;1;3,1484835327,-903348224,3221291008
7132;1;3,2-1073283072,1074266112,-904200064,-2144993280,4063424,524352,1008205824
7142;1;3,1484835327,-903020544,3221291008
7142;1;3,2-1073283072,1074266112,-904200064,-2144993280,4063424,524352,1008205824
7152;1;3,1484835327,-903020544,131072
7152;1;3,2-1073283072,-1073283072,-902889344,-1071251456,4063424,524352,1008205824
7162;1;3,1484835327,-902692864,131072
7162;1;3,2-1073283072,-1073283072,-902889344,-1071251456,4063424,524352,1008205824
7172;1;3,1484835327,-902692864,131072
7172;1;3,2-1073283072,-1073283072,-902889344,-1071251456,4063424,524352,1008205824
7182;1;3,1484835327,-902365184,131072
7182;1;3,2-1073283072,-1073283072,-902889344,-1071251456,4063424,524352,1008205824
7192;1;3,1484835327,-902365184,131072
7192;1;3,2-1073283072,-1073283072,-902889344,-1071251456,4063424,524352,1008205824
7202;1;3,1484835327,-902037504,131072
7202;1;3,2-1073283072,-1073283072,-902889344,-1071251456,4063424,524352,1008205824
7212;1;3,1484835327,-902037504,131072
7212;1;3,2-1073283072,-1073283072,-902889344,-1071251456,4063424,524352,1008205824
7222;1;3,1484835327,-905904128,131136
7222;1;3,2-1073283072,-1073283072,-902889344,-1071251456,4063424,524352,1008205824
7232;1;3,1484835327,-905904128,131136
7232;1;3,2-1073283072,1074266112,-905772928,-2144993280,4063424,524352,1008205888
7242;1;3,1484835327,-905576448,131136
7242;1;3,2-1073283072,1074266112,-905772928,-2144993280,4063424,524352,1008205888
7252;1;3,1484835327,-905576448,131136
7252;1;3,2-1073283072,1074266112,-905772928,-2144993280,4063424,524352,1008205888
7262;1;3,1484835327,-905248768,131136
7262;1;3,2-1073283072,1074266112,-905772928,-2144993280,4063424,524352,1008205888
7272;1;3,1484835327,-905248768,131136
7272;1;3,2-1073283072,1074266112,-905772928,-2144993280,4063424,524352,1008205888
7282;1;3,1484835327,-904921088,131136
7282;1;3,2-1073283072,1074266112,-905772928,-2144993280,4063424,524352,1008205888
7292;1;3,1484835327,-904921088,131136
7292;1;3,2-1073283072,1074266112,-905772928,-2144993280,4063424,524352,1008205888
7302;1;3,1484835327,-904593408,131136
7302;1;3,2-1073283072,1074266112,-905772928,-2144993280,4063424,524352,1008205888
7312;1;3,1484835327,-904593408,3221291072
7312;1;3,2-1073283072,-1073217536,-904462208,1076297728,4063424,524352,1008205888
7322;1;3,1484835327,-904265728,3221291072
7322;1;3,2-1073283072,-1073217536,-904462208,1076297728,4063424,524352,1008205888
7332;1;3,1484835327,-904265728,3221291072
7332;1;3,2-1073283072,-1073217536,-904462208,1076297728,4063424,524352,1008205888
7342;1;3,1484835327,-903938048,3221291072
7342;1;3,2-1073283072,-1073217536,-904462208,1076297728,4063424,524352,1008205888
7352;1;3,1484835327,-903938048,3221291072
7352;1;3,2-1073283072,-1073217536,-904462208,1076297728,4063424,524352,1008205888
7362;1;3,1484835327,-903610368,3221291072
7362;1;3,2-1073283072,-1073217536,-904462208,1076297728,4063424,524352,1008205888
7372;1;3,1484835327,-903610368,3221291072
7372;1;3,2-1073283072,-1073217536,-904462208,1076297728,4063424,524352,1008205888
7382;1;3,1484835327,-903282688,3221291072
7382;1;3,2-1073283072,-1073217536,-904462208,1076297728,4063424,524352,1008205888
7392;1;3,1484835327,-903282688,3221291072
7392;1;3,2-1073283072,589824,-903151488,2555904,4063424,524352,1008205888
7402;1;3,1484835327,-902955008,3221291072
7402;1;3,2-1073283072,589824,-903151488,2555904,4063424,524352,1008205888
7412;1;3,1484835327,-902955008,3221291072
7412;1;3,2-1073283072,589824,-903151488,2555904,4063424,524352,1008205888
7422;1;3,1484835327,-902627328,3221291072
7422;1;3,2-1073283072,589824,-903151488,2555904,4063424,524352,1008205888
7432;1;3,1484835327,-902627328,3221291072
7432;1;3,2-1073283072,589824,-903151488,2555904,4063424,524352,1008205888
7442;1;3,1484835327,-902299648,3221291072
7442;1;3,2-1073283072,589824,-903151488,2555904,4063424,524352,1008205888
7452;1;3,1484835327,-902299648,3221291072
7452;1;3,2-1073283072,589824,-903151488,2555904,4063424,524352,1008205888
7462;1;3,1484835327,-901971968,3221291072
7462;1;3,2-1073283072,589824,-903151488,2555904,4063424,524352,1008205888
7472;1;3,1484835327,-901971968,1073872960
7472;1;3,2-1073283072,589824,-901840768,2555904,4063424,524352,1008205888
7482;1;3,1484835327,-905838592,1073873024
7482;1;3,2-1073283072,589824,-901840768,2555904,4063424,524352,1008205888
7492;1;3,1484835327,-905838592,1073873024
7492;1;3,2-1073283072,589824,-901840768,2555904,4063424,524352,1008205888
7502;1;3,1484835327,-905510912,1073873024
7502;1;3,2-1073283072,589824,-901840768,2555904,4063424,524352,1008205888
7512;1;3,1484835327,-905510912,1073873024
7512;1;3,2-1073283072,589824,-901840768,2555904,4063424,524352,1008205888
7522;1;3,1484835327,-905183232,1073873024
7522;1;3,2-1073283072,589824,-901840768,2555904,4063424,524352,1008205888
7532;1;3,1484835327,-905183232,1073873024
7532;1;3,2-1073283072,589824,-901840768,2555904,4063424,524352,1008205888
7542;1;3,1484835327,-904855552,1073873024
7542;1;3,2-1073283072,589824,-901840768,2555904,4063424,524352,1008205888
7552;1;3,1484835327,-904855552,131200
7552;1;3,2-1073283072,589824,-904724352,2555904,4063424,524352,1008205952
7562;1;3,1484835327,-904527872,131200
7562;1;3,2-1073283072,589824,-904724352,2555904,4063424,524352,1008205952
7572;1;3,1484835327,-904527872,131200
7572;1;3,2-1073283072,589824,-904724352,2555904,4063424,524352,1008205952
7582;1;3,1484835327,-904200192,131200
7582;1;3,2-1073283072,589824,-904724352,2555904,4063424,524352,1008205952
7592;1;3,1484835327,-904200192,131200
7592;1;3,2-1073283072,589824,-904724352,2555904,4063424,524352,1008205952
7602;1;3,1484835327,-903872512,131200
7602;1;3,2-1073283072,589824,-904724352,2555904,4063424,524352,1008205952
7612;1;3,1484835327,-903872512,131200
7612;1;3,2-1073283072,589824,-904724352,2555904,4063424,524352,1008205952
7622;1;3,1484835327,-903544832,131200
7622;1;3,2-1073283072,589824,-904724352,2555904,4063424,524352,1008205952
7632;1;3,1484835327,-903544832,131200
7632;1;3,2-1073283072,-1073217536,-903413632,2555904,4063424,524352,1008205952
7642;1;3,1484835327,-903217152,131200
7642;1;3,2-1073283072,-1073217536,-903413632,2555904,4063424,524352,1008205952
7652;1;3,1484835327,-903217152,131200
7652;1;3,2-1073283072,-1073217536,-903413632,2555904,4063424,524352,1008205952
7662;1;3,1484835327,-902889472,131200
7662;1;3,2-1073283072,-1073217536,-903413632,2555904,4063424,524352,1008205952
7672;1;3,1484835327,-902889472,131200
7672;1;3,2-1073283072,-1073217536,-903413632,2555904,4063424,524352,1008205952
7682;1;3,1484835327,-902561792,131200
7682;1;3,2-1073283072,-1073217536,-903413632,2555904,4063424,524352,1008205952
7692;1;3,1484835327,-902561792,131200
7692;1;3,2-1073283072,-1073217536,-903413632,2555904,4063424,524352,1008205952
7702;1;3,1484835327,-902234112,3221291136
7702;1;3,2-1073283072,-1073217536,-903413632,2555904,4063424,524352,1008205952
7712;1;3,1484835327,-902234112,3221291136
7712;1;3,2-1073283072,524288,-902102912,2555904,4063424,524352,1008205952
7722;1;3,1484835327,-901906432,3221291136
7722;1;3,2-1073283072,524288,-902102912,2555904,4063424,524352,1008205952
7732;1;3,1484835327,-901906432,3221291136
7732;1;3,2-1073283072,524288,-902102912,2555904,4063424,524352,1008205952
7742;1;3,1484835327,-905773056,3221291200
7742;1;3,2-1073283072,524288,-902102912,2555904,4063424,524352,1008205952
7752;1;3,1484835327,-905773056,3221291200
7752;1;3,2-1073283072,524288,-902102912,2555904,4063424,524352,1008205952
7762;1;3,1484835327,-905445376,3221291200
7762;1;3,2-1073283072,524288,-902102912,2555904,4063424,524352,1008205952
7772;1;3,1484835327,-905445376,3221291200
7772;1;3,2-1073283072,524288,-902102912,2555904,4063424,524352,1008205952
7782;1;3,1484835327,-905117696,2147549376
7782;1;3,2-1073283072,524288,-902102912,1076297728,4063424,524352,1008205952
7792;1;3,1484835327,-905117696,2147549376
7792;1;3,2-1073283072,-1073348608,-904986496,1076297728,4063424,524352,1008206016
7802;1;3,1484835327,-904790016,2147549376
7802;1;3,2-1073283072,-1073348608,-904986496,1076297728,4063424,524352,1008206016
7812;1;3,1484835327,-904790016,2147549376
7812;1;3,2-1073283072,-1073348608,-904986496,1076297728,4063424,524352,1008206016
7822;1;3,1484835327,-904462336,2147549376
7822;1;3,2-1073283072,-1073348608,-904986496,1076297728,4063424,524352,1008206016
7832;1;3,1484835327,-904462336,2147549376
7832;1;3,2-1073283072,-1073348608,-904986496,1076297728,4063424,524352,1008206016
7842;1;3,1484835327,-904134656,2147549376
7842;1;3,2-1073283072,-1073348608,-904986496,1076297728,4063424,524352,1008206016
7852;1;3,1484835327,-904134656,2147549376
7852;1;3,2-1073283072,-1073348608,-904986496,1076297728,4063424,524352,1008206016
7862;1;3,1484835327,-903806976,131264
7862;1;3,2-1073283072,-1073348608,-903675776,1076297728,4063424,524352,1008206016
7872;1;3,1484835327,-903806976,131264
7872;1;3,2-1073283072,-1073348608,-903675776,1076297728,4063424,524352,1008206016
7882;1;3,1484835327,-903479296,131264
7882;1;3,2-1073283072,-1073348608,-903675776,1076297728,4063424,524352,1008206016
7892;1;3,1484835327,-903479296,131264
7892;1;3,2-1073283072,-1073348608,-903675776,1076297728,4063424,524352,1008206016
7902;1;3,1484835327,-903151616,131264
7902;1;3,2-1073283072,-1073348608,-903675776,1076297728,4063424,524352,1008206016
7912;1;3,1484835327,-903151616,131264
7912;1;3,2-1073283072,-1073348608,-903675776,1076297728,4063424,524352,1008206016
7922;1;3,1484835327,-902823936,131264
7922;1;3,2-1073283072,-1073348608,-903675776,1076297728,4063424,524352,1008206016
7932;1;3,1484835327,-902823936,131264
7932;1;3,2-1073283072,-1073348608,-903675776,1076297728,4063424,524352,1008206016
7942;1;3,1484835327,-902496256,2147549376
7942;1;3,2-1073283072,-1073283072,-902365056,-2144927744,4063424,524352,1008206016
7952;1;3,1484835327,-902496256,2147549376
7952;1;3,2-1073283072,-1073283072,-902365056,-2144927744,4063424,524352,1008206016
7962;1;3,1484835327,-902168576,2147549376
7962;1;3,2-1073283072,-1073283072,-902365056,-2144927744,4063424,524352,1008206016
7972;1;3,1484835327,-902168576,2147549376
7972;1;3,2-1073283072,-1073283072,-902365056,-2144927744,4063424,524352,1008206016
7982;1;3,1484835327,-901840896,2147549376
7982;1;3,2-1073283072,-1073283072,-902365056,-2144927744,4063424,524352,1008206016
7992;1;3,1484835327,-901840896,2147549376
7992;1;3,2-1073283072,-1073283072,-902365056,-2144927744,4063424,524352,1008206016
8002;1;3,1484835327,-888930304,2147549184
8002;1;3,2-1073283072,-1073283072,-902365056,-2144927744,4063424,524352,1008206016
9001;4;Controlling something...
8012;1;3,1484835327,-888930304,2147549184
8012;1;3,2-1073283072,-1073283072,-902365056,-2144927744,4063424,524352,1008206016
9001;3;20202020
8022;1;3,1484835327,-888602624,2147549184
8022;1;3,2-1073283072,-1073283072,-888471424,-1071185920,4063424,524352,1008205824
8032;1;3,1484835327,-888602624,2147549184
8032;1;3,2-1073283072,-1073283072,-888471424,-1071185920,4063424,524352,1008205824
8042;1;3,1484835327,-888274944,2147549184
8042;1;3,2-1073283072,-1073283072,-888471424,-1071185920,4063424,524352,1008205824
8052;1;3,1484835327,-888274944,2147549184
8052;1;3,2-1073283072,-1073283072,-888471424,-1071185920,4063424,524352,1008205824
8062;1;3,1484835327,-887947264,2147549184
8062;1;3,2-1073283072,-1073283072,-888471424,-1071185920,4063424,524352,1008205824
8072;1;3,1484835327,-887947264,2147549184
8072;1;3,2-1073283072,-1073283072,-888471424,-1071185920,4063424,524352,1008205824
8082;1;3,1484835327,-887619584,2147549184
8082;1;3,2-1073283072,-1073283072,-888471424,-1071185920,4063424,524352,1008205824
8092;1;3,1484835327,-887619584,2147549184
8092;1;3,2-1073283072,-1073283072,-888471424,-1071185920,4063424,524352,1008205824
8102;1;3,1484835327,-887291904,3221291008
8102;1;3,2-1073283072,-1073348608,-887160704,-1071251456,4063424,524352,1008205824
8112;1;3,1484835327,-887291904,3221291008
8112;1;3,2-1073283072,-1073348608,-887160704,-1071251456,4063424,524352,1008205824
8122;1;3,1484835327,-886964224,3221291008
8122;1;3,2-1073283072,-1073348608,-887160704,-1071251456,4063424,524352,1008205824
8132;1;3,1484835327,-886964224,3221291008
8132;1;3,2-1073283072,-1073348608,-887160704,-1071251456,4063424,524352,1008205824
8142;1;3,1484835327,-886636544,3221291008
8142;1;3,2-1073283072,-1073348608,-887160704,-1071251456,4063424,524352,1008205824
8152;1;3,1484835327,-886636544,3221291008
8152;1;3,2-1073283072,-1073348608,-887160704,-1071251456,4063424,524352,1008205824
8162;1;3,1484835327,-886308864,3221291008
8162;1;3,2-1073283072,-1073348608,-887160704,-1071251456,4063424,524352,1008205824
8172;1;3,1484835327,-886308864,3221291008
8172;1;3,2-1073283072,-1073348608,-887160704,-1071251456,4063424,524352,1008205824
8182;1;3,1484835327,-885981184,2147549184
8182;1;3,2-1073283072,-1073348608,-885849984,-1071251456,4063424,524352,1008205824
8192;1;3,1484835327,-885981184,2147549184
8192;1;3,2-1073283072,-1073348608,-885849984,-1071251456,4063424,524352,1008205824
8202;1;3,1484835327,-885653504,2147549184
8202;1;3,2-1073283072,-1073348608,-885849984,-1071251456,4063424,524352,1008205824
8212;1;3,1484835327,-885653504,2147549184
8212;1;3,2-1073283072,-1073348608,-885849984,-1071251456,4063424,524352,1008205824
8222;1;3,1484835327,-885325824,2147549184
8222;1;3,2-1073283072,-1073348608,-885849984,-1071251456,4063424,524352,1008205824
8232;1;3,1484835327,-885325824,2147549184
8232;1;3,2-1073283072,-1073348608,-885849984,-1071251456,4063424,524352,1008205824
