Log Entry,Timestamp,Time_s,Log Entry Type,World Position (z),Rocket Velocity (z),Rocket Acceleration (z)
110,900,0.9,ESTIMATOR_VAR,0.0,-0.098,-9.81
120,910,0.91,ESTIMATOR_VAR,-0.001,-0.195,-9.81
130,920,0.92,ESTIMATOR_VAR,-0.004,-0.293,-9.81
140,930,0.93,ESTIMATOR_VAR,-0.007,-0.39,-9.81
150,940,0.94,ESTIMATOR_VAR,-0.012,-0.487,-9.81
160,950,0.95,ESTIMATOR_VAR,-0.017,-0.582,-9.81
170,960,0.96,ESTIMATOR_VAR,-0.023,-0.677,-9.81
180,970,0.97,ESTIMATOR_VAR,-0.03,-0.771,-9.81
190,980,0.98,ESTIMATOR_VAR,-0.038,-0.864,-9.81
200,990,0.99,ESTIMATOR_VAR,-0.046,-0.883,-2.433
213,1000,1.0,ESTIMATOR_VAR,-0.055,-0.897,-2.185
223,1010,1.01,ESTIMATOR_VAR,-0.063,-0.898,-1.012
233,1020,1.02,ESTIMATOR_VAR,-0.071,-0.892,-0.471
244,1030,1.03,ESTIMATOR_VAR,-0.079,-0.881,-0.193
254,1040,1.04,ESTIMATOR_VAR,-0.086,-0.868,-0.025
264,1050,1.05,ESTIMATOR_VAR,-0.093,-0.851,0.051
274,1060,1.06,ESTIMATOR_VAR,-0.099,-0.832,0.092
284,1070,1.07,ESTIMATOR_VAR,-0.105,-0.81,0.106
294,1080,1.08,ESTIMATOR_VAR,-0.11,-0.786,0.122
304,1090,1.09,ESTIMATOR_VAR,-0.115,-0.76,0.118
314,1100,1.1,ESTIMATOR_VAR,-0.119,-0.731,0.127
324,1110,1.11,ESTIMATOR_VAR,-0.121,-0.699,0.126
334,1120,1.12,ESTIMATOR_VAR,-0.123,-0.665,0.13
344,1130,1.13,ESTIMATOR_VAR,-0.124,-0.627,0.132
354,1140,1.14,ESTIMATOR_VAR,-0.124,-0.586,0.137
364,1150,1.15,ESTIMATOR_VAR,-0.122,-0.542,0.134
374,1160,1.16,ESTIMATOR_VAR,-0.122,-0.51,0.143
384,1170,1.17,ESTIMATOR_VAR,-0.121,-0.476,0.098
394,1180,1.18,ESTIMATOR_VAR,-0.119,-0.44,0.102
404,1190,1.19,ESTIMATOR_VAR,-0.116,-0.401,0.131
414,1200,1.2,ESTIMATOR_VAR,-0.116,-0.38,0.134
424,1210,1.21,ESTIMATOR_VAR,-0.115,-0.357,0.105
434,1220,1.22,ESTIMATOR_VAR,-0.109,-0.311,0.119
445,1230,1.23,ESTIMATOR_VAR,-0.101,-0.261,0.124
455,1240,1.24,ESTIMATOR_VAR,-0.085,-0.182,0.137
465,1250,1.25,ESTIMATOR_VAR,-0.067,-0.099,0.129
475,1260,1.26,ESTIMATOR_VAR,-0.047,-0.012,0.129
485,1270,1.27,ESTIMATOR_VAR,-0.024,0.08,0.129
495,1280,1.28,ESTIMATOR_VAR,0.0,0.176,0.127
505,1290,1.29,ESTIMATOR_VAR,0.029,0.278,0.122
515,1300,1.3,ESTIMATOR_VAR,0.061,0.385,0.127
525,1310,1.31,ESTIMATOR_VAR,0.096,0.497,0.116
535,1320,1.32,ESTIMATOR_VAR,0.134,0.614,0.127
545,1330,1.33,ESTIMATOR_VAR,0.176,0.737,0.127
555,1340,1.34,ESTIMATOR_VAR,0.221,0.866,0.124
565,1350,1.35,ESTIMATOR_VAR,0.271,1.0,0.116
575,1360,1.36,ESTIMATOR_VAR,0.324,1.139,0.132
585,1370,1.37,ESTIMATOR_VAR,0.382,1.286,0.118
595,1380,1.38,ESTIMATOR_VAR,0.444,1.437,0.122
605,1390,1.39,ESTIMATOR_VAR,0.51,1.595,0.11
615,1400,1.4,ESTIMATOR_VAR,0.582,1.759,0.122
625,1410,1.41,ESTIMATOR_VAR,0.658,1.929,0.129
635,1420,1.42,ESTIMATOR_VAR,0.739,2.105,0.132
646,1430,1.43,ESTIMATOR_VAR,0.825,2.288,0.119
656,1440,1.44,ESTIMATOR_VAR,0.917,2.478,0.132
666,1450,1.45,ESTIMATOR_VAR,1.015,2.674,0.119
676,1460,1.46,ESTIMATOR_VAR,1.119,2.878,0.103
686,1470,1.47,ESTIMATOR_VAR,1.229,3.089,0.095
696,1480,1.48,ESTIMATOR_VAR,1.344,3.305,0.146
706,1490,1.49,ESTIMATOR_VAR,1.466,3.53,0.134
719,1500,1.5,ESTIMATOR_VAR,1.595,3.761,0.137
729,1510,1.51,ESTIMATOR_VAR,1.731,3.999,0.126
739,1520,1.52,ESTIMATOR_VAR,1.873,4.245,0.129
749,1530,1.53,ESTIMATOR_VAR,2.024,4.499,0.129
759,1540,1.54,ESTIMATOR_VAR,2.181,4.761,0.126
769,1550,1.55,ESTIMATOR_VAR,2.346,5.028,0.119
779,1560,1.56,ESTIMATOR_VAR,2.519,5.304,0.122
789,1570,1.57,ESTIMATOR_VAR,2.699,5.587,0.113
799,1580,1.58,ESTIMATOR_VAR,2.888,5.878,0.118
809,1590,1.59,ESTIMATOR_VAR,3.086,6.177,0.121
819,1600,1.6,ESTIMATOR_VAR,3.292,6.484,0.121
829,1610,1.61,ESTIMATOR_VAR,3.509,6.801,0.114
839,1620,1.62,ESTIMATOR_VAR,3.733,7.124,0.126
850,1630,1.63,ESTIMATOR_VAR,3.968,7.457,0.134
860,1640,1.64,ESTIMATOR_VAR,4.211,7.796,0.122
870,1650,1.65,ESTIMATOR_VAR,4.463,8.142,0.127
880,1660,1.66,ESTIMATOR_VAR,4.727,8.499,0.122
890,1670,1.67,ESTIMATOR_VAR,5.001,8.864,0.121
900,1680,1.68,ESTIMATOR_VAR,5.284,9.236,0.114
910,1690,1.69,ESTIMATOR_VAR,5.579,9.617,0.118
920,1700,1.7,ESTIMATOR_VAR,5.884,10.005,0.116
930,1710,1.71,ESTIMATOR_VAR,6.201,10.405,0.118
940,1720,1.72,ESTIMATOR_VAR,6.53,10.813,0.113
950,1730,1.73,ESTIMATOR_VAR,6.867,11.224,0.122
960,1740,1.74,ESTIMATOR_VAR,7.219,11.649,0.122
970,1750,1.75,ESTIMATOR_VAR,7.581,12.08,0.127
980,1760,1.76,ESTIMATOR_VAR,7.955,12.518,0.124
990,1770,1.77,ESTIMATOR_VAR,8.341,12.966,0.127
1000,1780,1.78,ESTIMATOR_VAR,8.74,13.422,0.124
1010,1790,1.79,ESTIMATOR_VAR,9.151,13.887,0.124
1020,1800,1.8,ESTIMATOR_VAR,9.575,14.359,0.116
1030,1810,1.81,ESTIMATOR_VAR,10.012,14.84,0.127
1040,1820,1.82,ESTIMATOR_VAR,10.459,15.325,0.127
1051,1830,1.83,ESTIMATOR_VAR,10.819,15.658,0.141
1061,1840,1.84,ESTIMATOR_VAR,11.19,15.999,0.136
1071,1850,1.85,ESTIMATOR_VAR,11.567,16.341,0.146
1081,1860,1.86,ESTIMATOR_VAR,12.066,16.864,0.121
1091,1870,1.87,ESTIMATOR_VAR,12.579,17.395,0.121
1101,1880,1.88,ESTIMATOR_VAR,13.106,17.934,0.114
1111,1890,1.89,ESTIMATOR_VAR,13.646,18.478,0.119
1121,1900,1.9,ESTIMATOR_VAR,14.201,19.032,0.126
1131,1910,1.91,ESTIMATOR_VAR,14.77,19.593,0.127
1141,1920,1.92,ESTIMATOR_VAR,15.352,20.159,0.122
1151,1930,1.93,ESTIMATOR_VAR,15.953,20.74,0.121
1161,1940,1.94,ESTIMATOR_VAR,16.565,21.323,0.119
1171,1950,1.95,ESTIMATOR_VAR,17.194,21.916,0.116
1181,1960,1.96,ESTIMATOR_VAR,17.835,22.512,0.122
1191,1970,1.97,ESTIMATOR_VAR,18.49,23.115,0.126
1201,1980,1.98,ESTIMATOR_VAR,19.163,23.728,0.116
1211,1990,1.99,ESTIMATOR_VAR,19.848,24.345,0.122
1224,2000,2.0,ESTIMATOR_VAR,20.548,24.967,0.119
1234,2010,2.01,ESTIMATOR_VAR,21.261,25.593,0.121
1244,2020,2.02,ESTIMATOR_VAR,21.988,26.225,0.119
1254,2030,2.03,ESTIMATOR_VAR,22.734,26.869,0.122
1264,2040,2.04,ESTIMATOR_VAR,23.491,27.511,0.113
1275,2050,2.05,ESTIMATOR_VAR,24.262,28.16,0.119
1285,2060,2.06,ESTIMATOR_VAR,25.05,28.816,0.122
1295,2070,2.07,ESTIMATOR_VAR,25.85,29.475,0.126
1305,2080,2.08,ESTIMATOR_VAR,26.667,30.14,0.124
1315,2090,2.09,ESTIMATOR_VAR,27.493,30.805,0.114
1325,2100,2.1,ESTIMATOR_VAR,28.339,31.479,0.118
1335,2110,2.11,ESTIMATOR_VAR,29.2,32.159,0.121
1345,2120,2.12,ESTIMATOR_VAR,30.077,32.845,0.118
1355,2130,2.13,ESTIMATOR_VAR,30.962,33.528,0.111
1365,2140,2.14,ESTIMATOR_VAR,31.864,34.218,0.121
1375,2150,2.15,ESTIMATOR_VAR,32.78,34.91,0.119
1385,2160,2.16,ESTIMATOR_VAR,33.708,35.603,0.126
1395,2170,2.17,ESTIMATOR_VAR,34.654,36.305,0.121
1405,2180,2.18,ESTIMATOR_VAR,35.604,36.999,0.126
1415,2190,2.19,ESTIMATOR_VAR,36.574,37.702,0.116
1425,2200,2.2,ESTIMATOR_VAR,37.554,38.404,0.122
1435,2210,2.21,ESTIMATOR_VAR,38.553,39.114,0.111
1445,2220,2.22,ESTIMATOR_VAR,39.559,39.819,0.122
1455,2230,2.23,ESTIMATOR_VAR,40.576,40.524,0.129
1465,2240,2.24,ESTIMATOR_VAR,41.609,41.235,0.132
1476,2250,2.25,ESTIMATOR_VAR,42.654,41.946,0.121
1486,2260,2.26,ESTIMATOR_VAR,43.714,42.661,0.13
1496,2270,2.27,ESTIMATOR_VAR,44.776,43.365,0.122
1506,2280,2.28,ESTIMATOR_VAR,45.856,44.076,0.127
1516,2290,2.29,ESTIMATOR_VAR,46.947,44.787,0.119
1526,2300,2.3,ESTIMATOR_VAR,48.053,45.502,0.126
1536,2310,2.31,ESTIMATOR_VAR,49.162,46.208,0.124
1546,2320,2.32,ESTIMATOR_VAR,50.278,46.909,0.124
1556,2330,2.33,ESTIMATOR_VAR,51.41,47.616,0.121
1566,2340,2.34,ESTIMATOR_VAR,52.552,48.321,0.129
1576,2350,2.35,ESTIMATOR_VAR,53.7,49.02,0.116
1586,2360,2.36,ESTIMATOR_VAR,54.857,49.718,0.127
1596,2370,2.37,ESTIMATOR_VAR,56.034,50.425,0.121
1606,2380,2.38,ESTIMATOR_VAR,57.212,51.12,0.13
1616,2390,2.39,ESTIMATOR_VAR,58.402,51.817,0.113
1626,2400,2.4,ESTIMATOR_VAR,59.596,52.507,0.122
1636,2410,2.41,ESTIMATOR_VAR,60.793,53.189,0.124
1646,2420,2.42,ESTIMATOR_VAR,62.001,53.871,0.122
1656,2430,2.43,ESTIMATOR_VAR,63.207,54.54,0.116
1666,2440,2.44,ESTIMATOR_VAR,64.425,55.21,0.119
1677,2450,2.45,ESTIMATOR_VAR,65.644,55.872,0.122
1687,2460,2.46,ESTIMATOR_VAR,66.877,56.537,0.118
1697,2470,2.47,ESTIMATOR_VAR,68.116,57.197,0.118
1707,2480,2.48,ESTIMATOR_VAR,69.36,57.852,0.124
1717,2490,2.49,ESTIMATOR_VAR,70.608,58.501,0.121
1730,2500,2.5,ESTIMATOR_VAR,71.86,59.144,0.124
1740,2510,2.51,ESTIMATOR_VAR,73.112,59.778,0.119
1750,2520,2.52,ESTIMATOR_VAR,74.374,60.411,0.121
1760,2530,2.53,ESTIMATOR_VAR,75.633,61.033,0.121
1770,2540,2.54,ESTIMATOR_VAR,76.895,61.648,0.116
1780,2550,2.55,ESTIMATOR_VAR,78.16,62.257,0.116
1790,2560,2.56,ESTIMATOR_VAR,79.426,62.858,0.118
1800,2570,2.57,ESTIMATOR_VAR,80.699,63.457,0.124
1810,2580,2.58,ESTIMATOR_VAR,81.974,64.05,0.121
1820,2590,2.59,ESTIMATOR_VAR,83.24,64.625,0.132
1830,2600,2.6,ESTIMATOR_VAR,84.516,65.202,0.121
1840,2610,2.61,ESTIMATOR_VAR,85.788,65.767,0.124
1850,2620,2.62,ESTIMATOR_VAR,87.067,66.33,0.111
1860,2630,2.63,ESTIMATOR_VAR,88.344,66.884,0.119
1870,2640,2.64,ESTIMATOR_VAR,89.626,67.435,0.118
1881,2650,2.65,ESTIMATOR_VAR,90.897,67.969,0.121
1891,2660,2.66,ESTIMATOR_VAR,92.162,68.489,0.118
1901,2670,2.67,ESTIMATOR_VAR,93.447,69.021,0.124
1911,2680,2.68,ESTIMATOR_VAR,94.717,69.533,0.124
1921,2690,2.69,ESTIMATOR_VAR,95.982,70.033,0.124
1931,2700,2.7,ESTIMATOR_VAR,97.237,70.518,0.116
1941,2710,2.71,ESTIMATOR_VAR,98.496,71.0,0.126
1951,2720,2.72,ESTIMATOR_VAR,99.758,71.478,0.116
1961,2730,2.73,ESTIMATOR_VAR,101.023,71.953,0.126
1971,2740,2.74,ESTIMATOR_VAR,102.273,72.409,0.114
1981,2750,2.75,ESTIMATOR_VAR,103.513,72.85,0.119
1991,2760,2.76,ESTIMATOR_VAR,104.755,73.288,0.116
2001,2770,2.77,ESTIMATOR_VAR,105.991,73.715,0.116
2011,2780,2.78,ESTIMATOR_VAR,107.223,74.133,0.118
2021,2790,2.79,ESTIMATOR_VAR,108.457,74.547,0.126
2031,2800,2.8,ESTIMATOR_VAR,109.685,74.952,0.121
2041,2810,2.81,ESTIMATOR_VAR,110.914,75.352,0.127
2051,2820,2.82,ESTIMATOR_VAR,112.131,75.738,0.121
2061,2830,2.83,ESTIMATOR_VAR,113.341,76.113,0.13
2071,2840,2.84,ESTIMATOR_VAR,114.54,76.475,0.124
2082,2850,2.85,ESTIMATOR_VAR,115.739,76.832,0.129
2092,2860,2.86,ESTIMATOR_VAR,116.932,77.18,0.116
2102,2870,2.87,ESTIMATOR_VAR,118.131,77.529,0.124
2112,2880,2.88,ESTIMATOR_VAR,119.305,77.853,0.116
2122,2890,2.89,ESTIMATOR_VAR,120.47,78.166,0.121
2132,2900,2.9,ESTIMATOR_VAR,121.634,78.475,0.122
2142,2910,2.91,ESTIMATOR_VAR,122.79,78.774,0.124
2152,2920,2.92,ESTIMATOR_VAR,123.939,79.064,0.129
2162,2930,2.93,ESTIMATOR_VAR,125.08,79.344,0.121
2172,2940,2.94,ESTIMATOR_VAR,126.221,79.621,0.118
2182,2950,2.95,ESTIMATOR_VAR,127.348,79.884,0.122
2192,2960,2.96,ESTIMATOR_VAR,128.46,80.131,0.122
2202,2970,2.97,ESTIMATOR_VAR,129.576,80.38,0.127
2212,2980,2.98,ESTIMATOR_VAR,130.67,80.609,0.127
2222,2990,2.99,ESTIMATOR_VAR,131.769,80.838,0.121
2235,3000,3.0,ESTIMATOR_VAR,132.852,81.053,0.122
2245,3010,3.01,ESTIMATOR_VAR,133.925,81.258,0.121
2255,3020,3.02,ESTIMATOR_VAR,134.984,81.449,0.122
2265,3030,3.03,ESTIMATOR_VAR,136.027,81.627,0.121
2275,3040,3.04,ESTIMATOR_VAR,137.088,81.816,0.126
2286,3050,3.05,ESTIMATOR_VAR,138.063,81.938,0.131
2296,3060,3.06,ESTIMATOR_VAR,139.032,82.053,0.143
2307,3070,3.07,ESTIMATOR_VAR,139.989,82.158,0.143
2317,3080,3.08,ESTIMATOR_VAR,141.0,82.304,0.137
2328,3090,3.09,ESTIMATOR_VAR,141.995,82.435,0.126
2338,3100,3.1,ESTIMATOR_VAR,142.981,82.558,0.129
2348,3110,3.11,ESTIMATOR_VAR,143.958,82.673,0.119
2358,3120,3.12,ESTIMATOR_VAR,144.932,82.785,0.124
2369,3130,3.13,ESTIMATOR_VAR,145.881,82.876,0.121
2379,3140,3.14,ESTIMATOR_VAR,146.835,82.971,0.126
2389,3150,3.15,ESTIMATOR_VAR,147.777,83.056,0.121
2399,3160,3.16,ESTIMATOR_VAR,148.697,83.124,0.122
2410,3170,3.17,ESTIMATOR_VAR,149.613,83.188,0.119
2420,3180,3.18,ESTIMATOR_VAR,150.521,83.245,0.122
2430,3190,3.19,ESTIMATOR_VAR,151.424,83.298,0.119
2440,3200,3.2,ESTIMATOR_VAR,152.311,83.339,0.126
2451,3210,3.21,ESTIMATOR_VAR,153.201,83.382,0.119
2461,3220,3.22,ESTIMATOR_VAR,154.074,83.411,0.119
2471,3230,3.23,ESTIMATOR_VAR,154.93,83.428,0.118
2481,3240,3.24,ESTIMATOR_VAR,155.783,83.443,0.126
2492,3250,3.25,ESTIMATOR_VAR,156.625,83.45,0.118
2502,3260,3.26,ESTIMATOR_VAR,157.456,83.449,0.122
2513,3270,3.27,ESTIMATOR_VAR,158.285,83.446,0.119
2523,3280,3.28,ESTIMATOR_VAR,159.099,83.433,0.118
2534,3290,3.29,ESTIMATOR_VAR,159.903,83.411,0.107
2544,3300,3.3,ESTIMATOR_VAR,160.684,83.375,0.102
2554,3310,3.31,ESTIMATOR_VAR,161.475,83.345,0.107
2564,3320,3.32,ESTIMATOR_VAR,162.25,83.304,0.102
2575,3330,3.33,ESTIMATOR_VAR,163.026,83.265,0.11
2585,3340,3.34,ESTIMATOR_VAR,163.784,83.213,0.124
2595,3350,3.35,ESTIMATOR_VAR,164.524,83.149,0.122
2605,3360,3.36,ESTIMATOR_VAR,165.287,83.102,0.136
2616,3370,3.37,ESTIMATOR_VAR,165.999,83.019,0.132
2626,3380,3.38,ESTIMATOR_VAR,166.747,82.962,0.134
2636,3390,3.39,ESTIMATOR_VAR,167.495,82.906,0.134
2646,3400,3.4,ESTIMATOR_VAR,168.191,82.814,0.126
2657,3410,3.41,ESTIMATOR_VAR,168.925,82.749,0.129
2667,3420,3.42,ESTIMATOR_VAR,169.635,82.669,0.134
2677,3430,3.43,ESTIMATOR_VAR,170.292,82.551,0.119
2687,3440,3.44,ESTIMATOR_VAR,170.936,82.426,0.118
2698,3450,3.45,ESTIMATOR_VAR,171.573,82.297,0.113
2708,3460,3.46,ESTIMATOR_VAR,172.207,82.167,0.121
2719,3470,3.47,ESTIMATOR_VAR,172.823,82.026,0.124
2729,3480,3.48,ESTIMATOR_VAR,173.431,81.88,0.126
2740,3490,3.49,ESTIMATOR_VAR,174.031,81.73,0.122
2753,3500,3.5,ESTIMATOR_VAR,174.604,81.563,0.134
2763,3510,3.51,ESTIMATOR_VAR,175.182,81.401,0.121
2773,3520,3.52,ESTIMATOR_VAR,175.744,81.229,0.127
2784,3530,3.53,ESTIMATOR_VAR,176.291,81.048,0.122
2794,3540,3.54,ESTIMATOR_VAR,176.833,80.866,0.118
2804,3550,3.55,ESTIMATOR_VAR,177.369,80.681,0.108
2814,3560,3.56,ESTIMATOR_VAR,177.888,80.486,0.114
2825,3570,3.57,ESTIMATOR_VAR,178.414,80.297,0.113
2835,3580,3.58,ESTIMATOR_VAR,178.923,80.098,0.114
2852,3820,3.82,ESTIMATOR_VAR,188.823,74.305,0.118
2862,3830,3.83,ESTIMATOR_VAR,189.143,74.026,0.122
2872,3840,3.84,ESTIMATOR_VAR,189.459,73.747,0.114
2883,3850,3.85,ESTIMATOR_VAR,189.766,73.463,0.116
2893,3860,3.86,ESTIMATOR_VAR,190.064,73.177,0.111
2904,3870,3.87,ESTIMATOR_VAR,190.349,72.883,0.124
2914,3880,3.88,ESTIMATOR_VAR,190.619,72.582,0.114
2925,3890,3.89,ESTIMATOR_VAR,190.899,72.29,0.122
2935,3900,3.9,ESTIMATOR_VAR,191.171,71.994,0.113
2945,3910,3.91,ESTIMATOR_VAR,191.438,71.698,0.121
2955,3920,3.92,ESTIMATOR_VAR,191.697,71.398,0.126
2966,3930,3.93,ESTIMATOR_VAR,191.96,71.104,0.119
2976,3940,3.94,ESTIMATOR_VAR,192.202,70.797,0.113
2986,3950,3.95,ESTIMATOR_VAR,192.444,70.492,0.119
2996,3960,3.96,ESTIMATOR_VAR,192.679,70.186,0.116
3007,3970,3.97,ESTIMATOR_VAR,192.909,69.878,0.113
3017,3980,3.98,ESTIMATOR_VAR,193.126,69.563,0.111
3027,3990,3.99,ESTIMATOR_VAR,193.345,69.252,0.113
3040,4000,4.0,ESTIMATOR_VAR,193.557,68.939,0.118
3051,4010,4.01,ESTIMATOR_VAR,193.763,68.625,0.122
3061,4020,4.02,ESTIMATOR_VAR,193.958,68.305,0.121
3071,4030,4.03,ESTIMATOR_VAR,194.146,67.982,0.122
3081,4040,4.04,ESTIMATOR_VAR,194.335,67.663,0.119
3092,4050,4.05,ESTIMATOR_VAR,194.527,67.348,0.126
3102,4060,4.06,ESTIMATOR_VAR,194.713,67.032,0.129
3112,4070,4.07,ESTIMATOR_VAR,194.887,66.709,0.121
3122,4080,4.08,ESTIMATOR_VAR,195.064,66.391,0.122
3134,4090,4.09,ESTIMATOR_VAR,195.219,66.061,0.116
3144,4100,4.1,ESTIMATOR_VAR,195.369,65.729,0.113
3154,4110,4.11,ESTIMATOR_VAR,195.514,65.397,0.116
3164,4120,4.12,ESTIMATOR_VAR,195.661,65.068,0.122
3175,4130,4.13,ESTIMATOR_VAR,195.802,64.738,0.121
3185,4140,4.14,ESTIMATOR_VAR,195.93,64.401,0.127
3195,4150,4.15,ESTIMATOR_VAR,196.065,64.071,0.119
3205,4160,4.16,ESTIMATOR_VAR,196.183,63.732,0.119
3216,4170,4.17,ESTIMATOR_VAR,196.299,63.395,0.118
3235,4370,4.37,ESTIMATOR_VAR,198.376,56.934,0.121
3245,4380,4.38,ESTIMATOR_VAR,198.397,56.58,0.121
3255,4390,4.39,ESTIMATOR_VAR,198.407,56.221,0.116
3265,4400,4.4,ESTIMATOR_VAR,198.406,55.858,0.114
3276,4410,4.41,ESTIMATOR_VAR,198.417,55.504,0.122
3286,4420,4.42,ESTIMATOR_VAR,198.408,55.14,0.126
3296,4430,4.43,ESTIMATOR_VAR,198.412,54.787,0.116
3306,4440,4.44,ESTIMATOR_VAR,198.413,54.434,0.119
3317,4450,4.45,ESTIMATOR_VAR,198.402,54.075,0.121
3327,4460,4.46,ESTIMATOR_VAR,198.396,53.722,0.124
3337,4470,4.47,ESTIMATOR_VAR,198.378,53.364,0.127
3347,4480,4.48,ESTIMATOR_VAR,198.358,53.007,0.126
3359,4490,4.49,ESTIMATOR_VAR,198.343,52.655,0.121
3372,4500,4.5,ESTIMATOR_VAR,198.331,52.308,0.122
3382,4510,4.51,ESTIMATOR_VAR,198.301,51.951,0.121
3392,4520,4.52,ESTIMATOR_VAR,198.27,51.595,0.124
3403,4530,4.53,ESTIMATOR_VAR,198.24,51.244,0.127
3413,4540,4.54,ESTIMATOR_VAR,198.193,50.883,0.119
3423,4550,4.55,ESTIMATOR_VAR,198.16,50.533,0.121
3433,4560,4.56,ESTIMATOR_VAR,198.125,50.184,0.126
3444,4570,4.57,ESTIMATOR_VAR,198.078,49.83,0.127
3454,4580,4.58,ESTIMATOR_VAR,198.044,49.487,0.119
3464,4590,4.59,ESTIMATOR_VAR,197.998,49.137,0.126
3474,4600,4.6,ESTIMATOR_VAR,197.944,48.785,0.118
3485,4610,4.61,ESTIMATOR_VAR,197.886,48.433,0.119
3495,4620,4.62,ESTIMATOR_VAR,197.825,48.081,0.122
3505,4630,4.63,ESTIMATOR_VAR,197.764,47.731,0.124
3515,4640,4.64,ESTIMATOR_VAR,197.707,47.386,0.121
3526,4650,4.65,ESTIMATOR_VAR,197.637,47.035,0.122
3536,4660,4.66,ESTIMATOR_VAR,197.568,46.686,0.116
3546,4670,4.67,ESTIMATOR_VAR,197.488,46.333,0.121
3556,4680,4.68,ESTIMATOR_VAR,197.412,45.984,0.118
3568,4690,4.69,ESTIMATOR_VAR,197.327,45.632,0.126
3578,4700,4.7,ESTIMATOR_VAR,197.254,45.29,0.113
3588,4710,4.71,ESTIMATOR_VAR,197.18,44.95,0.121
3598,4720,4.72,ESTIMATOR_VAR,197.096,44.605,0.116
3609,4730,4.73,ESTIMATOR_VAR,197.01,44.261,0.119
3619,4740,4.74,ESTIMATOR_VAR,196.92,43.917,0.118
3629,4750,4.75,ESTIMATOR_VAR,196.846,43.585,0.126
3639,4760,4.76,ESTIMATOR_VAR,196.753,43.243,0.121
3650,4770,4.77,ESTIMATOR_VAR,196.657,42.901,0.119
3660,4780,4.78,ESTIMATOR_VAR,196.568,42.566,0.122
3670,4790,4.79,ESTIMATOR_VAR,196.477,42.232,0.132
3680,4800,4.8,ESTIMATOR_VAR,196.392,41.904,0.127
3691,4810,4.81,ESTIMATOR_VAR,196.297,41.571,0.119
3701,4820,4.82,ESTIMATOR_VAR,196.199,41.239,0.124
3711,4830,4.83,ESTIMATOR_VAR,196.092,40.902,0.122
3721,4840,4.84,ESTIMATOR_VAR,195.976,40.562,0.122
3732,4850,4.85,ESTIMATOR_VAR,195.849,40.218,0.116
3742,4860,4.86,ESTIMATOR_VAR,195.738,39.885,0.116
3752,4870,4.87,ESTIMATOR_VAR,195.633,39.559,0.116
3762,4880,4.88,ESTIMATOR_VAR,195.527,39.233,0.122
3774,4890,4.89,ESTIMATOR_VAR,195.417,38.908,0.114
3784,4900,4.9,ESTIMATOR_VAR,195.314,38.589,0.116
3794,4910,4.91,ESTIMATOR_VAR,195.2,38.265,0.113
3804,4920,4.92,ESTIMATOR_VAR,195.08,37.939,0.118
3815,4930,4.93,ESTIMATOR_VAR,194.956,37.612,0.111
3825,4940,4.94,ESTIMATOR_VAR,194.838,37.292,0.126
3835,4950,4.95,ESTIMATOR_VAR,194.72,36.973,0.103
3845,4960,4.96,ESTIMATOR_VAR,194.576,36.64,0.122
3856,4970,4.97,ESTIMATOR_VAR,194.454,36.323,0.116
3866,4980,4.98,ESTIMATOR_VAR,194.324,36.003,0.118
3876,4990,4.99,ESTIMATOR_VAR,194.192,35.683,0.113
3889,5000,5.0,ESTIMATOR_VAR,194.065,35.369,0.116
3900,5010,5.01,ESTIMATOR_VAR,193.92,35.045,0.114
3910,5020,5.02,ESTIMATOR_VAR,193.792,34.734,0.126
3920,5030,5.03,ESTIMATOR_VAR,193.654,34.419,0.116
3930,5040,5.04,ESTIMATOR_VAR,193.516,34.105,0.124
3941,5050,5.05,ESTIMATOR_VAR,193.373,33.791,0.127
3951,5060,5.06,ESTIMATOR_VAR,193.238,33.484,0.127
3961,5070,5.07,ESTIMATOR_VAR,193.084,33.166,0.119
3971,5080,5.08,ESTIMATOR_VAR,192.933,32.852,0.127
3982,5090,5.09,ESTIMATOR_VAR,192.789,32.545,0.124
3992,5100,5.1,ESTIMATOR_VAR,192.633,32.232,0.13
4003,5110,5.11,ESTIMATOR_VAR,192.493,31.931,0.122
4013,5120,5.12,ESTIMATOR_VAR,192.353,31.632,0.121
4024,5130,5.13,ESTIMATOR_VAR,192.211,31.333,0.121
4034,5140,5.14,ESTIMATOR_VAR,192.069,31.037,0.122
4044,5150,5.15,ESTIMATOR_VAR,191.926,30.742,0.126
4054,5160,5.16,ESTIMATOR_VAR,191.765,30.437,0.121
4065,5170,5.17,ESTIMATOR_VAR,191.604,30.134,0.121
4075,5180,5.18,ESTIMATOR_VAR,191.443,29.832,0.118
4085,5190,5.19,ESTIMATOR_VAR,191.28,29.532,0.122
4095,5200,5.2,ESTIMATOR_VAR,191.124,29.237,0.111
4106,5210,5.21,ESTIMATOR_VAR,190.959,28.94,0.119
4116,5220,5.22,ESTIMATOR_VAR,190.81,28.654,0.116
4126,5230,5.23,ESTIMATOR_VAR,190.644,28.359,0.119
4136,5240,5.24,ESTIMATOR_VAR,190.493,28.075,0.116
4147,5250,5.25,ESTIMATOR_VAR,190.333,27.787,0.121
4157,5260,5.26,ESTIMATOR_VAR,190.179,27.506,0.124
4167,5270,5.27,ESTIMATOR_VAR,190.018,27.221,0.124
4177,5280,5.28,ESTIMATOR_VAR,189.872,26.948,0.119
4188,5290,5.29,ESTIMATOR_VAR,189.692,26.655,0.129
4198,5300,5.3,ESTIMATOR_VAR,189.529,26.374,0.126
4209,5310,5.31,ESTIMATOR_VAR,189.365,26.095,0.129
4219,5320,5.32,ESTIMATOR_VAR,189.208,25.822,0.122
4230,5330,5.33,ESTIMATOR_VAR,189.051,25.551,0.124
4240,5340,5.34,ESTIMATOR_VAR,188.893,25.281,0.119
4250,5350,5.35,ESTIMATOR_VAR,188.718,25.001,0.122
4260,5360,5.36,ESTIMATOR_VAR,188.559,24.734,0.124
4271,5370,5.37,ESTIMATOR_VAR,188.39,24.462,0.126
4281,5380,5.38,ESTIMATOR_VAR,188.205,24.181,0.116
4291,5390,5.39,ESTIMATOR_VAR,188.037,23.913,0.114
4301,5400,5.4,ESTIMATOR_VAR,187.876,23.651,0.111
4312,5410,5.41,ESTIMATOR_VAR,187.706,23.385,0.121
4322,5420,5.42,ESTIMATOR_VAR,187.529,23.116,0.113
4332,5430,5.43,ESTIMATOR_VAR,187.359,22.854,0.126
4342,5440,5.44,ESTIMATOR_VAR,187.173,22.582,0.122
4353,5450,5.45,ESTIMATOR_VAR,187.121,22.401,0.102
4363,5460,5.46,ESTIMATOR_VAR,187.076,22.225,0.1
4373,5470,5.47,ESTIMATOR_VAR,187.028,22.048,0.102
4383,5480,5.48,ESTIMATOR_VAR,186.97,21.866,0.098
4394,5490,5.49,ESTIMATOR_VAR,186.925,21.694,0.102
4407,5500,5.5,ESTIMATOR_VAR,186.87,21.516,0.1
4418,5510,5.51,ESTIMATOR_VAR,186.831,21.35,0.129
4428,5520,5.52,ESTIMATOR_VAR,186.92,21.27,0.153
4439,5530,5.53,ESTIMATOR_VAR,186.999,21.183,0.158
4449,5540,5.54,ESTIMATOR_VAR,186.938,21.005,0.131
4459,5550,5.55,ESTIMATOR_VAR,186.875,20.827,0.131
4469,5560,5.56,ESTIMATOR_VAR,186.669,20.556,0.121
4480,5570,5.57,ESTIMATOR_VAR,186.603,20.379,0.124
4490,5580,5.58,ESTIMATOR_VAR,186.405,20.115,0.119
4500,5590,5.59,ESTIMATOR_VAR,186.212,19.858,0.121
4510,5600,5.6,ESTIMATOR_VAR,186.005,19.592,0.114
4521,5610,5.61,ESTIMATOR_VAR,185.791,19.324,0.114
4531,5620,5.62,ESTIMATOR_VAR,185.585,19.064,0.111
4541,5630,5.63,ESTIMATOR_VAR,185.388,18.81,0.122
4551,5640,5.64,ESTIMATOR_VAR,185.175,18.548,0.108
4562,5650,5.65,ESTIMATOR_VAR,184.97,18.293,0.122
4572,5660,5.66,ESTIMATOR_VAR,184.757,18.034,0.116
4582,5670,5.67,ESTIMATOR_VAR,184.562,17.789,0.119
4592,5680,5.68,ESTIMATOR_VAR,184.36,17.541,0.111
4603,5690,5.69,ESTIMATOR_VAR,184.166,17.3,0.116
4613,5700,5.7,ESTIMATOR_VAR,183.958,17.051,0.113
4624,5710,5.71,ESTIMATOR_VAR,183.757,16.808,0.124
4634,5720,5.72,ESTIMATOR_VAR,183.574,16.579,0.108
4645,5730,5.73,ESTIMATOR_VAR,183.376,16.342,0.116
4655,5740,5.74,ESTIMATOR_VAR,183.185,16.11,0.111
4665,5750,5.75,ESTIMATOR_VAR,182.994,15.881,0.116
4675,5760,5.76,ESTIMATOR_VAR,182.797,15.649,0.11
4686,5770,5.77,ESTIMATOR_VAR,182.608,15.423,0.116
4696,5780,5.78,ESTIMATOR_VAR,182.41,15.193,0.114
4706,5790,5.79,ESTIMATOR_VAR,182.222,14.971,0.119
4716,5800,5.8,ESTIMATOR_VAR,182.027,14.746,0.119
4727,5810,5.81,ESTIMATOR_VAR,181.823,14.518,0.122
4737,5820,5.82,ESTIMATOR_VAR,181.62,14.291,0.116
4747,5830,5.83,ESTIMATOR_VAR,181.435,14.077,0.118
4757,5840,5.84,ESTIMATOR_VAR,181.241,13.859,0.111
4768,5850,5.85,ESTIMATOR_VAR,181.056,13.648,0.114
4778,5860,5.86,ESTIMATOR_VAR,180.872,13.439,0.119
4788,5870,5.87,ESTIMATOR_VAR,180.672,13.22,0.108
4798,5880,5.88,ESTIMATOR_VAR,180.482,13.01,0.114
4809,5890,5.89,ESTIMATOR_VAR,180.29,12.8,0.114
4819,5900,5.9,ESTIMATOR_VAR,180.093,12.588,0.118
4830,5910,5.91,ESTIMATOR_VAR,0.0,0.001,0.121
4840,5920,5.92,ESTIMATOR_VAR,0.0,0.002,0.119
4851,5930,5.93,ESTIMATOR_VAR,0.0,0.003,0.113
4861,5940,5.94,ESTIMATOR_VAR,0.0,0.004,0.118
4871,5950,5.95,ESTIMATOR_VAR,0.0,0.005,0.118
4881,5960,5.96,ESTIMATOR_VAR,0.0,0.007,0.127
4892,5970,5.97,ESTIMATOR_VAR,0.0,0.008,0.113
4902,5980,5.98,ESTIMATOR_VAR,0.0,0.009,0.127
4912,5990,5.99,ESTIMATOR_VAR,0.0,0.01,0.124
4925,6000,6.0,ESTIMATOR_VAR,0.0,0.012,0.127
4936,6010,6.01,ESTIMATOR_VAR,0.0,0.013,0.127
4946,6020,6.02,ESTIMATOR_VAR,0.0,0.014,0.132
4956,6030,6.03,ESTIMATOR_VAR,0.001,0.015,0.119
4966,6040,6.04,ESTIMATOR_VAR,0.001,0.017,0.122
4977,6050,6.05,ESTIMATOR_VAR,0.001,0.018,0.118
4987,6060,6.06,ESTIMATOR_VAR,0.001,0.019,0.13
4997,6070,6.07,ESTIMATOR_VAR,0.001,0.02,0.122
5007,6080,6.08,ESTIMATOR_VAR,0.001,0.022,0.126
5018,6090,6.09,ESTIMATOR_VAR,0.002,0.023,0.122
5028,6100,6.1,ESTIMATOR_VAR,0.002,0.024,0.118
5038,6110,6.11,ESTIMATOR_VAR,0.002,0.026,0.116
5048,6120,6.12,ESTIMATOR_VAR,0.003,0.027,0.118
5060,6130,6.13,ESTIMATOR_VAR,0.003,0.028,0.121
5070,6140,6.14,ESTIMATOR_VAR,0.003,0.029,0.119
5080,6150,6.15,ESTIMATOR_VAR,0.003,0.03,0.118
5090,6160,6.16,ESTIMATOR_VAR,0.004,0.032,0.119
5101,6170,6.17,ESTIMATOR_VAR,0.004,0.033,0.124
5111,6180,6.18,ESTIMATOR_VAR,0.004,0.034,0.132
5121,6190,6.19,ESTIMATOR_VAR,0.005,0.035,0.118
5131,6200,6.2,ESTIMATOR_VAR,0.005,0.037,0.114
5142,6210,6.21,ESTIMATOR_VAR,0.005,0.038,0.114
5152,6220,6.22,ESTIMATOR_VAR,0.006,0.039,0.121
5162,6230,6.23,ESTIMATOR_VAR,0.006,0.04,0.116
5172,6240,6.24,ESTIMATOR_VAR,0.007,0.042,0.118
5183,6250,6.25,ESTIMATOR_VAR,0.007,0.043,0.129
5193,6260,6.26,ESTIMATOR_VAR,0.008,0.045,0.127
5203,6270,6.27,ESTIMATOR_VAR,0.008,0.046,0.121
5213,6280,6.28,ESTIMATOR_VAR,0.009,0.047,0.113
5224,6290,6.29,ESTIMATOR_VAR,0.009,0.048,0.121
5234,6300,6.3,ESTIMATOR_VAR,0.01,0.05,0.108
5244,6310,6.31,ESTIMATOR_VAR,0.01,0.051,0.118
5254,6320,6.32,ESTIMATOR_VAR,0.011,0.053,0.121
5266,6330,6.33,ESTIMATOR_VAR,0.011,0.053,0.126
5276,6340,6.34,ESTIMATOR_VAR,0.012,0.053,0.116
5286,6350,6.35,ESTIMATOR_VAR,0.012,0.055,0.116
5296,6360,6.36,ESTIMATOR_VAR,0.013,0.055,0.114
5307,6370,6.37,ESTIMATOR_VAR,0.013,0.057,0.119
5317,6380,6.38,ESTIMATOR_VAR,0.014,0.058,0.118
5327,6390,6.39,ESTIMATOR_VAR,0.014,0.059,0.121
5337,6400,6.4,ESTIMATOR_VAR,0.015,0.061,0.11
5348,6410,6.41,ESTIMATOR_VAR,0.016,0.062,0.122
5358,6420,6.42,ESTIMATOR_VAR,0.016,0.063,0.122
5368,6430,6.43,ESTIMATOR_VAR,0.017,0.065,0.129
5378,6440,6.44,ESTIMATOR_VAR,0.018,0.066,0.113
5389,6450,6.45,ESTIMATOR_VAR,0.018,0.066,0.116
5399,6460,6.46,ESTIMATOR_VAR,0.019,0.067,0.11
5409,6470,6.47,ESTIMATOR_VAR,0.019,0.068,0.114
5419,6480,6.48,ESTIMATOR_VAR,0.02,0.069,0.113
5430,6490,6.49,ESTIMATOR_VAR,0.021,0.07,0.126
5443,6500,6.5,ESTIMATOR_VAR,0.022,0.074,0.121
5453,6510,6.51,ESTIMATOR_VAR,0.023,0.075,0.124
5463,6520,6.52,ESTIMATOR_VAR,0.024,0.077,0.124
5475,6530,6.53,ESTIMATOR_VAR,0.025,0.079,0.124
5485,6540,6.54,ESTIMATOR_VAR,0.026,0.081,0.122
5495,6550,6.55,ESTIMATOR_VAR,0.027,0.082,0.116
5505,6560,6.56,ESTIMATOR_VAR,0.028,0.085,0.116
5516,6570,6.57,ESTIMATOR_VAR,0.03,0.087,0.119
5526,6580,6.58,ESTIMATOR_VAR,0.032,0.091,0.119
5536,6590,6.59,ESTIMATOR_VAR,0.033,0.093,0.118
5546,6600,6.6,ESTIMATOR_VAR,0.034,0.095,0.122
5557,6610,6.61,ESTIMATOR_VAR,0.035,0.096,0.119
5567,6620,6.62,ESTIMATOR_VAR,0.036,0.096,0.126
5577,6630,6.63,ESTIMATOR_VAR,0.037,0.097,0.119
5587,6640,6.64,ESTIMATOR_VAR,0.039,0.1,0.126
5598,6650,6.65,ESTIMATOR_VAR,0.04,0.102,0.116
5608,6660,6.66,ESTIMATOR_VAR,0.041,0.103,0.121
5618,6670,6.67,ESTIMATOR_VAR,0.042,0.104,0.116
5628,6680,6.68,ESTIMATOR_VAR,0.044,0.107,0.116
5639,6690,6.69,ESTIMATOR_VAR,0.046,0.11,0.114
5649,6700,6.7,ESTIMATOR_VAR,0.048,0.113,0.122
5659,6710,6.71,ESTIMATOR_VAR,0.05,0.116,0.118
5669,6720,6.72,ESTIMATOR_VAR,0.052,0.119,0.15
5681,6730,6.73,ESTIMATOR_VAR,0.053,0.12,0.134
5691,6740,6.74,ESTIMATOR_VAR,0.055,0.123,0.138
5701,6750,6.75,ESTIMATOR_VAR,0.056,0.124,0.111
5711,6760,6.76,ESTIMATOR_VAR,0.059,0.127,0.124
5722,6770,6.77,ESTIMATOR_VAR,0.06,0.128,0.116
5732,6780,6.78,ESTIMATOR_VAR,0.061,0.128,0.122
5742,6790,6.79,ESTIMATOR_VAR,0.062,0.129,0.118
5752,6800,6.8,ESTIMATOR_VAR,0.061,0.126,0.124
5763,6810,6.81,ESTIMATOR_VAR,0.059,0.124,0.114
5773,6820,6.82,ESTIMATOR_VAR,0.061,0.125,0.119
5783,6830,6.83,ESTIMATOR_VAR,0.063,0.128,0.111
5793,6840,6.84,ESTIMATOR_VAR,0.063,0.127,0.124
5804,6850,6.85,ESTIMATOR_VAR,0.064,0.128,0.113
5814,6860,6.86,ESTIMATOR_VAR,0.064,0.127,0.124
5824,6870,6.87,ESTIMATOR_VAR,0.066,0.129,0.126
5834,6880,6.88,ESTIMATOR_VAR,0.067,0.13,0.122
5845,6890,6.89,ESTIMATOR_VAR,0.068,0.131,0.129
5855,6900,6.9,ESTIMATOR_VAR,0.071,0.135,0.121
5865,6910,6.91,ESTIMATOR_VAR,0.072,0.136,0.124
5875,6920,6.92,ESTIMATOR_VAR,0.074,0.137,0.118
5887,6930,6.93,ESTIMATOR_VAR,0.075,0.138,0.119
5897,6940,6.94,ESTIMATOR_VAR,0.077,0.139,0.113
5907,6950,6.95,ESTIMATOR_VAR,0.078,0.141,0.121
5917,6960,6.96,ESTIMATOR_VAR,0.078,0.14,0.116
5928,6970,6.97,ESTIMATOR_VAR,0.078,0.138,0.119
5938,6980,6.98,ESTIMATOR_VAR,0.079,0.139,0.119
5948,6990,6.99,ESTIMATOR_VAR,0.078,0.138,0.127
5961,7000,7.0,ESTIMATOR_VAR,0.08,0.139,0.119
5972,7010,7.01,ESTIMATOR_VAR,0.079,0.137,0.127
5982,7020,7.02,ESTIMATOR_VAR,0.08,0.138,0.118
5992,7030,7.03,ESTIMATOR_VAR,0.084,0.143,0.119
6002,7040,7.04,ESTIMATOR_VAR,0.086,0.145,0.111
6013,7050,7.05,ESTIMATOR_VAR,0.088,0.146,0.113
6023,7060,7.06,ESTIMATOR_VAR,0.089,0.147,0.116
6033,7070,7.07,ESTIMATOR_VAR,0.091,0.149,0.121
6043,7080,7.08,ESTIMATOR_VAR,0.095,0.154,0.108
6054,7090,7.09,ESTIMATOR_VAR,0.098,0.156,0.118
6064,7100,7.1,ESTIMATOR_VAR,0.099,0.156,0.118
6074,7110,7.11,ESTIMATOR_VAR,0.098,0.155,0.124
6084,7120,7.12,ESTIMATOR_VAR,0.102,0.159,0.111
6095,7130,7.13,ESTIMATOR_VAR,0.11,0.168,0.113
6105,7140,7.14,ESTIMATOR_VAR,0.109,0.166,0.124
6116,7150,7.15,ESTIMATOR_VAR,0.111,0.168,0.122
6126,7160,7.16,ESTIMATOR_VAR,0.113,0.169,0.118
6137,7170,7.17,ESTIMATOR_VAR,0.11,0.164,0.118
6147,7180,7.18,ESTIMATOR_VAR,0.113,0.168,0.124
6157,7190,7.19,ESTIMATOR_VAR,0.118,0.173,0.127
6167,7200,7.2,ESTIMATOR_VAR,0.117,0.171,0.122
6178,7210,7.21,ESTIMATOR_VAR,0.12,0.173,0.113
6188,7220,7.22,ESTIMATOR_VAR,0.124,0.177,0.118
6198,7230,7.23,ESTIMATOR_VAR,0.132,0.185,0.124
6208,7240,7.24,ESTIMATOR_VAR,0.134,0.187,0.127
6219,7250,7.25,ESTIMATOR_VAR,0.139,0.191,0.114
6229,7260,7.26,ESTIMATOR_VAR,0.137,0.188,0.121
6239,7270,7.27,ESTIMATOR_VAR,0.139,0.189,0.116
6249,7280,7.28,ESTIMATOR_VAR,0.145,0.195,0.124
6260,7290,7.29,ESTIMATOR_VAR,0.15,0.2,0.114
6270,7300,7.3,ESTIMATOR_VAR,0.155,0.205,0.119
6280,7310,7.31,ESTIMATOR_VAR,0.161,0.21,0.114
6290,7320,7.32,ESTIMATOR_VAR,0.162,0.21,0.129
6301,7330,7.33,ESTIMATOR_VAR,0.16,0.206,0.121
6311,7340,7.34,ESTIMATOR_VAR,0.161,0.207,0.121
6322,7350,7.35,ESTIMATOR_VAR,0.163,0.208,0.113
6332,7360,7.36,ESTIMATOR_VAR,0.157,0.201,0.124
6343,7370,7.37,ESTIMATOR_VAR,0.155,0.197,0.118
6353,7380,7.38,ESTIMATOR_VAR,0.16,0.202,0.118
6363,7390,7.39,ESTIMATOR_VAR,0.162,0.203,0.113
6373,7400,7.4,ESTIMATOR_VAR,0.169,0.21,0.114
6384,7410,7.41,ESTIMATOR_VAR,0.172,0.211,0.113
6394,7420,7.42,ESTIMATOR_VAR,0.165,0.203,0.127
6404,7430,7.43,ESTIMATOR_VAR,0.172,0.209,0.119
6414,7440,7.44,ESTIMATOR_VAR,0.173,0.209,0.116
6425,7450,7.45,ESTIMATOR_VAR,0.179,0.214,0.113
6435,7460,7.46,ESTIMATOR_VAR,0.176,0.21,0.106
6445,7470,7.47,ESTIMATOR_VAR,0.174,0.207,0.11
6455,7480,7.48,ESTIMATOR_VAR,0.17,0.203,0.116
6466,7490,7.49,ESTIMATOR_VAR,0.177,0.208,0.114
6479,7500,7.5,ESTIMATOR_VAR,0.178,0.209,0.118
6489,7510,7.51,ESTIMATOR_VAR,0.175,0.205,0.118
6499,7520,7.52,ESTIMATOR_VAR,0.172,0.202,0.113
6510,7530,7.53,ESTIMATOR_VAR,0.178,0.207,0.116
6520,7540,7.54,ESTIMATOR_VAR,0.184,0.211,0.119
6531,7550,7.55,ESTIMATOR_VAR,0.185,0.212,0.127
6541,7560,7.56,ESTIMATOR_VAR,0.183,0.209,0.126
6552,7570,7.57,ESTIMATOR_VAR,0.19,0.215,0.126
6562,7580,7.58,ESTIMATOR_VAR,0.185,0.209,0.107
6572,7590,7.59,ESTIMATOR_VAR,0.185,0.208,0.105
6582,7600,7.6,ESTIMATOR_VAR,0.174,0.197,0.107
6593,7610,7.61,ESTIMATOR_VAR,0.173,0.195,0.11
6603,7620,7.62,ESTIMATOR_VAR,0.172,0.194,0.098
6613,7630,7.63,ESTIMATOR_VAR,0.166,0.188,0.088
6623,7640,7.64,ESTIMATOR_VAR,0.166,0.187,0.129
6634,7650,7.65,ESTIMATOR_VAR,0.165,0.186,0.112
6644,7660,7.66,ESTIMATOR_VAR,0.17,0.19,0.124
6654,7670,7.67,ESTIMATOR_VAR,0.176,0.194,0.124
6664,7680,7.68,ESTIMATOR_VAR,0.181,0.198,0.129
6675,7690,7.69,ESTIMATOR_VAR,0.186,0.202,0.117
6685,7700,7.7,ESTIMATOR_VAR,0.182,0.198,0.124
6695,7710,7.71,ESTIMATOR_VAR,0.178,0.194,0.118
6705,7720,7.72,ESTIMATOR_VAR,0.181,0.196,0.113
6716,7730,7.73,ESTIMATOR_VAR,0.188,0.202,0.113
6726,7740,7.74,ESTIMATOR_VAR,0.196,0.208,0.116
6737,7750,7.75,ESTIMATOR_VAR,0.198,0.21,0.113
6747,7760,7.76,ESTIMATOR_VAR,0.206,0.216,0.126
6758,7770,7.77,ESTIMATOR_VAR,0.209,0.217,0.116
6768,7780,7.78,ESTIMATOR_VAR,0.217,0.223,0.116
6778,7790,7.79,ESTIMATOR_VAR,0.213,0.219,0.114
6788,7800,7.8,ESTIMATOR_VAR,0.221,0.226,0.114
6799,7810,7.81,ESTIMATOR_VAR,0.229,0.231,0.119
6809,7820,7.82,ESTIMATOR_VAR,0.23,0.231,0.122
6819,7830,7.83,ESTIMATOR_VAR,0.237,0.237,0.114
6829,7840,7.84,ESTIMATOR_VAR,0.246,0.243,0.114
6840,7850,7.85,ESTIMATOR_VAR,0.24,0.237,0.119
6850,7860,7.86,ESTIMATOR_VAR,0.24,0.237,0.119
6860,7870,7.87,ESTIMATOR_VAR,0.248,0.242,0.122
6870,7880,7.88,ESTIMATOR_VAR,0.248,0.241,0.121
6881,7890,7.89,ESTIMATOR_VAR,0.249,0.242,0.124
6891,7900,7.9,ESTIMATOR_VAR,0.257,0.248,0.114
6901,7910,7.91,ESTIMATOR_VAR,0.265,0.253,0.119
6911,7920,7.92,ESTIMATOR_VAR,0.273,0.259,0.134
6922,7930,7.93,ESTIMATOR_VAR,0.275,0.26,0.143
6932,7940,7.94,ESTIMATOR_VAR,0.289,0.27,0.126
6943,7950,7.95,ESTIMATOR_VAR,0.304,0.282,0.136
6953,7960,7.96,ESTIMATOR_VAR,0.297,0.275,0.11
6964,7970,7.97,ESTIMATOR_VAR,0.306,0.281,0.116
6974,7980,7.98,ESTIMATOR_VAR,0.313,0.285,0.111
6984,7990,7.99,ESTIMATOR_VAR,0.314,0.285,0.114
6997,8000,8.0,ESTIMATOR_VAR,0.301,0.273,0.114
7008,8010,8.01,ESTIMATOR_VAR,0.309,0.279,0.108
7018,8020,8.02,ESTIMATOR_VAR,0.302,0.273,0.114
7028,8030,8.03,ESTIMATOR_VAR,0.297,0.268,0.118
7038,8040,8.04,ESTIMATOR_VAR,0.299,0.268,0.118
7049,8050,8.05,ESTIMATOR_VAR,0.308,0.274,0.114
7059,8060,8.06,ESTIMATOR_VAR,0.315,0.279,0.113
7069,8070,8.07,ESTIMATOR_VAR,0.309,0.273,0.114
7079,8080,8.08,ESTIMATOR_VAR,0.311,0.274,0.116
7090,8090,8.09,ESTIMATOR_VAR,0.313,0.274,0.118
7100,8100,8.1,ESTIMATOR_VAR,0.308,0.269,0.113
7110,8110,8.11,ESTIMATOR_VAR,0.315,0.274,0.114
7120,8120,8.12,ESTIMATOR_VAR,0.324,0.28,0.119
7131,8130,8.13,ESTIMATOR_VAR,0.331,0.284,0.114
7141,8140,8.14,ESTIMATOR_VAR,0.338,0.288,0.121
7151,8150,8.15,ESTIMATOR_VAR,0.346,0.294,0.114
7161,8160,8.16,ESTIMATOR_VAR,0.347,0.293,0.121
7173,8170,8.17,ESTIMATOR_VAR,0.341,0.287,0.113
7183,8180,8.18,ESTIMATOR_VAR,0.349,0.293,0.132
7193,8190,8.19,ESTIMATOR_VAR,0.349,0.292,0.124
7203,8200,8.2,ESTIMATOR_VAR,0.349,0.291,0.129
7214,8210,8.21,ESTIMATOR_VAR,0.356,0.295,0.119
7224,8220,8.22,ESTIMATOR_VAR,0.35,0.29,0.127
7234,8230,8.23,ESTIMATOR_VAR,0.351,0.29,0.124
7244,8240,8.24,ESTIMATOR_VAR,0.353,0.29,0.126
7255,8250,8.25,ESTIMATOR_VAR,0.367,0.299,0.116
7265,8260,8.26,ESTIMATOR_VAR,0.375,0.305,0.124
7275,8270,8.27,ESTIMATOR_VAR,0.383,0.309,0.119
7285,8280,8.28,ESTIMATOR_VAR,0.39,0.313,0.129
7296,8290,8.29,ESTIMATOR_VAR,0.398,0.318,0.122
7306,8300,8.3,ESTIMATOR_VAR,0.398,0.317,0.121
7316,8310,8.31,ESTIMATOR_VAR,0.399,0.316,0.111
7326,8320,8.32,ESTIMATOR_VAR,0.407,0.321,0.11
7337,8330,8.33,ESTIMATOR_VAR,0.4,0.315,0.122
7347,8340,8.34,ESTIMATOR_VAR,0.401,0.315,0.126
7357,8350,8.35,ESTIMATOR_VAR,0.415,0.323,0.122
7367,8360,8.36,ESTIMATOR_VAR,0.415,0.323,0.122
7379,8370,8.37,ESTIMATOR_VAR,0.415,0.322,0.124
7389,8380,8.38,ESTIMATOR_VAR,0.409,0.316,0.119
7399,8390,8.39,ESTIMATOR_VAR,0.417,0.321,0.116
7409,8400,8.4,ESTIMATOR_VAR,0.416,0.319,0.113
7420,8410,8.41,ESTIMATOR_VAR,0.424,0.324,0.124
7430,8420,8.42,ESTIMATOR_VAR,0.425,0.323,0.119
7440,8430,8.43,ESTIMATOR_VAR,0.419,0.318,0.124
7450,8440,8.44,ESTIMATOR_VAR,0.419,0.317,0.122
7461,8450,8.45,ESTIMATOR_VAR,0.419,0.316,0.119
7471,8460,8.46,ESTIMATOR_VAR,0.419,0.315,0.118
7481,8470,8.47,ESTIMATOR_VAR,0.412,0.309,0.124
7491,8480,8.48,ESTIMATOR_VAR,0.405,0.303,0.124
7502,8490,8.49,ESTIMATOR_VAR,0.406,0.303,0.122
7515,8500,8.5,ESTIMATOR_VAR,0.406,0.302,0.113
7525,8510,8.51,ESTIMATOR_VAR,0.398,0.295,0.122
7535,8520,8.52,ESTIMATOR_VAR,0.391,0.289,0.119
7546,8530,8.53,ESTIMATOR_VAR,0.399,0.294,0.127
7556,8540,8.54,ESTIMATOR_VAR,0.399,0.293,0.121
7566,8550,8.55,ESTIMATOR_VAR,0.407,0.298,0.13
7576,8560,8.56,ESTIMATOR_VAR,0.399,0.292,0.121
7588,8570,8.57,ESTIMATOR_VAR,0.407,0.297,0.126
7598,8580,8.58,ESTIMATOR_VAR,0.408,0.296,0.116
7608,8590,8.59,ESTIMATOR_VAR,0.401,0.291,0.124
7618,8600,8.6,ESTIMATOR_VAR,0.402,0.291,0.129
7629,8610,8.61,ESTIMATOR_VAR,0.402,0.29,0.129
7639,8620,8.62,ESTIMATOR_VAR,0.411,0.295,0.127
7649,8630,8.63,ESTIMATOR_VAR,0.419,0.3,0.13
7659,8640,8.64,ESTIMATOR_VAR,0.419,0.299,0.113
7670,8650,8.65,ESTIMATOR_VAR,0.419,0.299,0.119
7680,8660,8.66,ESTIMATOR_VAR,0.412,0.293,0.119
7690,8670,8.67,ESTIMATOR_VAR,0.405,0.287,0.121
7700,8680,8.68,ESTIMATOR_VAR,0.413,0.292,0.122
7711,8690,8.69,ESTIMATOR_VAR,0.406,0.286,0.122
7721,8700,8.7,ESTIMATOR_VAR,0.406,0.286,0.116
7731,8710,8.71,ESTIMATOR_VAR,0.397,0.279,0.118
7741,8720,8.72,ESTIMATOR_VAR,0.397,0.278,0.119
7752,8730,8.73,ESTIMATOR_VAR,0.39,0.273,0.124
7762,8740,8.74,ESTIMATOR_VAR,0.382,0.267,0.122
7772,8750,8.75,ESTIMATOR_VAR,0.367,0.256,0.122
7782,8760,8.76,ESTIMATOR_VAR,0.368,0.256,0.119
7794,8770,8.77,ESTIMATOR_VAR,0.384,0.266,0.116
7804,8780,8.78,ESTIMATOR_VAR,0.385,0.266,0.121
7814,8790,8.79,ESTIMATOR_VAR,0.385,0.266,0.116
7824,8800,8.8,ESTIMATOR_VAR,0.386,0.266,0.122
7835,8810,8.81,ESTIMATOR_VAR,0.379,0.26,0.118
7845,8820,8.82,ESTIMATOR_VAR,0.387,0.265,0.122
7855,8830,8.83,ESTIMATOR_VAR,0.387,0.265,0.121
7865,8840,8.84,ESTIMATOR_VAR,0.388,0.265,0.124
7876,8850,8.85,ESTIMATOR_VAR,0.389,0.265,0.113
7886,8860,8.86,ESTIMATOR_VAR,0.39,0.265,0.127
7896,8870,8.87,ESTIMATOR_VAR,0.389,0.264,0.121
7906,8880,8.88,ESTIMATOR_VAR,0.397,0.269,0.129
7917,8890,8.89,ESTIMATOR_VAR,0.397,0.268,0.119
7927,8900,8.9,ESTIMATOR_VAR,0.397,0.268,0.121
7937,8910,8.91,ESTIMATOR_VAR,0.398,0.268,0.111
7947,8920,8.92,ESTIMATOR_VAR,0.393,0.263,0.126
7958,8930,8.93,ESTIMATOR_VAR,0.4,0.268,0.119
7968,8940,8.94,ESTIMATOR_VAR,0.409,0.273,0.122
7978,8950,8.95,ESTIMATOR_VAR,0.402,0.268,0.118
7988,8960,8.96,ESTIMATOR_VAR,0.41,0.272,0.118
8000,8970,8.97,ESTIMATOR_VAR,0.41,0.272,0.121
8010,8980,8.98,ESTIMATOR_VAR,0.403,0.267,0.116
8020,8990,8.99,ESTIMATOR_VAR,0.411,0.271,0.124
8033,9000,9.0,ESTIMATOR_VAR,0.411,0.271,0.124
8044,9010,9.01,ESTIMATOR_VAR,0.419,0.275,0.119
8054,9020,9.02,ESTIMATOR_VAR,0.426,0.28,0.126
8064,9030,9.03,ESTIMATOR_VAR,0.427,0.28,0.124
8074,9040,9.04,ESTIMATOR_VAR,0.419,0.274,0.119
8085,9050,9.05,ESTIMATOR_VAR,0.412,0.268,0.126
8095,9060,9.06,ESTIMATOR_VAR,0.422,0.275,0.119
8105,9070,9.07,ESTIMATOR_VAR,0.423,0.275,0.127
8115,9080,9.08,ESTIMATOR_VAR,0.431,0.279,0.118
8126,9090,9.09,ESTIMATOR_VAR,0.431,0.279,0.132
8136,9100,9.1,ESTIMATOR_VAR,0.431,0.278,0.121
8146,9110,9.11,ESTIMATOR_VAR,0.439,0.283,0.124
8156,9120,9.12,ESTIMATOR_VAR,0.438,0.282,0.113
8167,9130,9.13,ESTIMATOR_VAR,0.446,0.286,0.119
8177,9140,9.14,ESTIMATOR_VAR,0.453,0.29,0.138
8187,9150,9.15,ESTIMATOR_VAR,0.468,0.3,0.134
8197,9160,9.16,ESTIMATOR_VAR,0.483,0.309,0.126
8208,9170,9.17,ESTIMATOR_VAR,0.491,0.313,0.121
8218,9180,9.18,ESTIMATOR_VAR,0.484,0.308,0.119
8229,9190,9.19,ESTIMATOR_VAR,0.491,0.312,0.118
8239,9200,9.2,ESTIMATOR_VAR,0.498,0.316,0.114
8250,9210,9.21,ESTIMATOR_VAR,0.481,0.303,0.119
8260,9220,9.22,ESTIMATOR_VAR,0.48,0.302,0.118
8270,9230,9.23,ESTIMATOR_VAR,0.479,0.3,0.122
8280,9240,9.24,ESTIMATOR_VAR,0.479,0.3,0.126
8291,9250,9.25,ESTIMATOR_VAR,0.471,0.293,0.119
8301,9260,9.26,ESTIMATOR_VAR,0.472,0.293,0.118
8311,9270,9.27,ESTIMATOR_VAR,0.473,0.293,0.114
8321,9280,9.28,ESTIMATOR_VAR,0.467,0.288,0.122
8332,9290,9.29,ESTIMATOR_VAR,0.459,0.282,0.116
8342,9300,9.3,ESTIMATOR_VAR,0.452,0.277,0.119
8352,9310,9.31,ESTIMATOR_VAR,0.454,0.277,0.118
8362,9320,9.32,ESTIMATOR_VAR,0.453,0.276,0.113
8373,9330,9.33,ESTIMATOR_VAR,0.445,0.27,0.111
8383,9340,9.34,ESTIMATOR_VAR,0.454,0.275,0.121
8393,9350,9.35,ESTIMATOR_VAR,0.445,0.269,0.114
8403,9360,9.36,ESTIMATOR_VAR,0.444,0.268,0.124
8414,9370,9.37,ESTIMATOR_VAR,0.446,0.268,0.114
8424,9380,9.38,ESTIMATOR_VAR,0.456,0.274,0.119
8435,9390,9.39,ESTIMATOR_VAR,0.463,0.278,0.113
8445,9400,9.4,ESTIMATOR_VAR,0.458,0.274,0.124
8456,9410,9.41,ESTIMATOR_VAR,0.466,0.279,0.114
8466,9420,9.42,ESTIMATOR_VAR,0.466,0.278,0.119
8476,9430,9.43,ESTIMATOR_VAR,0.467,0.278,0.116
8486,9440,9.44,ESTIMATOR_VAR,0.466,0.277,0.124
8497,9450,9.45,ESTIMATOR_VAR,0.459,0.272,0.119
8507,9460,9.46,ESTIMATOR_VAR,0.459,0.271,0.122
8517,9470,9.47,ESTIMATOR_VAR,0.443,0.26,0.113
8527,9480,9.48,ESTIMATOR_VAR,0.45,0.264,0.121
8538,9490,9.49,ESTIMATOR_VAR,0.443,0.259,0.114
8551,9500,9.5,ESTIMATOR_VAR,0.444,0.258,0.122
8561,9510,9.51,ESTIMATOR_VAR,0.444,0.258,0.119
8571,9520,9.52,ESTIMATOR_VAR,0.454,0.264,0.121
8582,9530,9.53,ESTIMATOR_VAR,0.455,0.264,0.119
8592,9540,9.54,ESTIMATOR_VAR,0.448,0.259,0.121
8602,9550,9.55,ESTIMATOR_VAR,0.44,0.254,0.127
8612,9560,9.56,ESTIMATOR_VAR,0.442,0.254,0.126
8623,9570,9.57,ESTIMATOR_VAR,0.435,0.249,0.126
8633,9580,9.58,ESTIMATOR_VAR,0.427,0.243,0.119
8644,9590,9.59,ESTIMATOR_VAR,0.419,0.238,0.121
8654,9600,9.6,ESTIMATOR_VAR,0.419,0.237,0.114
8665,9610,9.61,ESTIMATOR_VAR,0.426,0.242,0.119
8675,9620,9.62,ESTIMATOR_VAR,0.419,0.237,0.116
8685,9630,9.63,ESTIMATOR_VAR,0.412,0.231,0.124
8695,9640,9.64,ESTIMATOR_VAR,0.413,0.232,0.119
8706,9650,9.65,ESTIMATOR_VAR,0.416,0.234,0.124
8716,9660,9.66,ESTIMATOR_VAR,0.402,0.224,0.127
8726,9670,9.67,ESTIMATOR_VAR,0.402,0.223,0.13
8736,9680,9.68,ESTIMATOR_VAR,0.403,0.224,0.121
8747,9690,9.69,ESTIMATOR_VAR,0.396,0.219,0.129
8757,9700,9.7,ESTIMATOR_VAR,0.397,0.22,0.116
8767,9710,9.71,ESTIMATOR_VAR,0.406,0.225,0.118
8777,9720,9.72,ESTIMATOR_VAR,0.398,0.22,0.114
8788,9730,9.73,ESTIMATOR_VAR,0.407,0.225,0.122
8798,9740,9.74,ESTIMATOR_VAR,0.409,0.226,0.118
8808,9750,9.75,ESTIMATOR_VAR,0.409,0.226,0.121
8818,9760,9.76,ESTIMATOR_VAR,0.418,0.231,0.121
8829,9770,9.77,ESTIMATOR_VAR,0.41,0.226,0.127
8839,9780,9.78,ESTIMATOR_VAR,0.415,0.229,0.122
8850,9790,9.79,ESTIMATOR_VAR,0.421,0.233,0.131
8860,9800,9.8,ESTIMATOR_VAR,0.426,0.236,0.131
8871,9810,9.81,ESTIMATOR_VAR,0.431,0.239,0.131
8881,9820,9.82,ESTIMATOR_VAR,0.438,0.243,0.122
8891,9830,9.83,ESTIMATOR_VAR,0.428,0.236,0.105
8901,9840,9.84,ESTIMATOR_VAR,0.419,0.229,0.095
8912,9850,9.85,ESTIMATOR_VAR,0.402,0.217,0.102
8922,9860,9.86,ESTIMATOR_VAR,0.399,0.215,0.1
8932,9870,9.87,ESTIMATOR_VAR,0.4,0.215,0.124
8942,9880,9.88,ESTIMATOR_VAR,0.408,0.22,0.119
8953,9890,9.89,ESTIMATOR_VAR,0.391,0.209,0.127
8963,9900,9.9,ESTIMATOR_VAR,0.391,0.209,0.116
8973,9910,9.91,ESTIMATOR_VAR,0.391,0.209,0.121
8983,9920,9.92,ESTIMATOR_VAR,0.391,0.209,0.119
8994,9930,9.93,ESTIMATOR_VAR,0.393,0.21,0.124
9004,9940,9.94,ESTIMATOR_VAR,0.388,0.206,0.108
9014,9950,9.95,ESTIMATOR_VAR,0.389,0.206,0.124
9024,9960,9.96,ESTIMATOR_VAR,0.382,0.202,0.116
9035,9970,9.97,ESTIMATOR_VAR,0.39,0.207,0.119
9045,9980,9.98,ESTIMATOR_VAR,0.391,0.207,0.116
9056,9990,9.99,ESTIMATOR_VAR,0.384,0.202,0.126
9070,10000,10.0,ESTIMATOR_VAR,0.376,0.197,0.114
9082,10010,10.01,ESTIMATOR_VAR,0.36,0.186,0.124
9093,10020,10.02,ESTIMATOR_VAR,0.36,0.186,0.119
9104,10030,10.03,ESTIMATOR_VAR,0.352,0.181,0.126
9115,10040,10.04,ESTIMATOR_VAR,0.354,0.182,0.119
9127,10050,10.05,ESTIMATOR_VAR,0.356,0.183,0.113
9138,10060,10.06,ESTIMATOR_VAR,0.365,0.189,0.111
9149,10070,10.07,ESTIMATOR_VAR,0.357,0.184,0.122
9160,10080,10.08,ESTIMATOR_VAR,0.358,0.184,0.119
9172,10090,10.09,ESTIMATOR_VAR,0.367,0.19,0.119
9183,10100,10.1,ESTIMATOR_VAR,0.37,0.192,0.129
9194,10110,10.11,ESTIMATOR_VAR,0.371,0.193,0.118
9205,10120,10.12,ESTIMATOR_VAR,0.372,0.193,0.122
9217,10130,10.13,ESTIMATOR_VAR,0.357,0.184,0.122
9228,10140,10.14,ESTIMATOR_VAR,0.36,0.185,0.129
9239,10150,10.15,ESTIMATOR_VAR,0.359,0.185,0.127
9250,10160,10.16,ESTIMATOR_VAR,0.353,0.181,0.132
9262,10170,10.17,ESTIMATOR_VAR,0.353,0.181,0.127
9273,10180,10.18,ESTIMATOR_VAR,0.347,0.177,0.132
9284,10190,10.19,ESTIMATOR_VAR,0.34,0.172,0.116
9295,10200,10.2,ESTIMATOR_VAR,0.332,0.167,0.122
9308,10210,10.21,ESTIMATOR_VAR,0.333,0.168,0.122
9319,10220,10.22,ESTIMATOR_VAR,0.326,0.163,0.126
9330,10230,10.23,ESTIMATOR_VAR,0.335,0.169,0.124
9341,10240,10.24,ESTIMATOR_VAR,0.345,0.176,0.129
9353,10250,10.25,ESTIMATOR_VAR,0.338,0.171,0.122
9364,10260,10.26,ESTIMATOR_VAR,0.34,0.173,0.13
9375,10270,10.27,ESTIMATOR_VAR,0.335,0.17,0.121
9386,10280,10.28,ESTIMATOR_VAR,0.344,0.176,0.121
9398,10290,10.29,ESTIMATOR_VAR,0.346,0.177,0.118
9409,10300,10.3,ESTIMATOR_VAR,0.338,0.172,0.127
9420,10310,10.31,ESTIMATOR_VAR,0.346,0.177,0.118
9431,10320,10.32,ESTIMATOR_VAR,0.348,0.179,0.122
9443,10330,10.33,ESTIMATOR_VAR,0.357,0.185,0.116
9454,10340,10.34,ESTIMATOR_VAR,0.373,0.195,0.121
9465,10350,10.35,ESTIMATOR_VAR,0.381,0.201,0.122
9476,10360,10.36,ESTIMATOR_VAR,0.385,0.203,0.121
9488,10370,10.37,ESTIMATOR_VAR,0.394,0.209,0.136
9499,10380,10.38,ESTIMATOR_VAR,0.395,0.21,0.129
9510,10390,10.39,ESTIMATOR_VAR,0.411,0.221,0.126
9521,10400,10.4,ESTIMATOR_VAR,0.428,0.231,0.129
9534,10410,10.41,ESTIMATOR_VAR,0.435,0.236,0.118
9545,10420,10.42,ESTIMATOR_VAR,0.435,0.235,0.116
9556,10430,10.43,ESTIMATOR_VAR,0.427,0.229,0.124
9567,10440,10.44,ESTIMATOR_VAR,0.41,0.218,0.129
9579,10450,10.45,ESTIMATOR_VAR,0.419,0.224,0.119
9590,10460,10.46,ESTIMATOR_VAR,0.422,0.225,0.113
9601,10470,10.47,ESTIMATOR_VAR,0.423,0.226,0.118
9612,10480,10.48,ESTIMATOR_VAR,0.423,0.226,0.119
9624,10490,10.49,ESTIMATOR_VAR,0.433,0.232,0.124
9638,10500,10.5,ESTIMATOR_VAR,0.418,0.221,0.124
9649,10510,10.51,ESTIMATOR_VAR,0.411,0.217,0.122
9660,10520,10.52,ESTIMATOR_VAR,0.419,0.221,0.114
9672,10530,10.53,ESTIMATOR_VAR,0.426,0.226,0.13
9683,10540,10.54,ESTIMATOR_VAR,0.425,0.225,0.114
9694,10550,10.55,ESTIMATOR_VAR,0.427,0.226,0.126
9705,10560,10.56,ESTIMATOR_VAR,0.42,0.221,0.113
9717,10570,10.57,ESTIMATOR_VAR,0.419,0.22,0.108
9728,10580,10.58,ESTIMATOR_VAR,0.427,0.225,0.108
9739,10590,10.59,ESTIMATOR_VAR,0.422,0.221,0.121
9750,10600,10.6,ESTIMATOR_VAR,0.422,0.221,0.111
9763,10610,10.61,ESTIMATOR_VAR,0.424,0.222,0.116
9774,10620,10.62,ESTIMATOR_VAR,0.426,0.223,0.111
9785,10630,10.63,ESTIMATOR_VAR,0.436,0.23,0.114
9796,10640,10.64,ESTIMATOR_VAR,0.435,0.229,0.118
9808,10650,10.65,ESTIMATOR_VAR,0.436,0.228,0.114
9819,10660,10.66,ESTIMATOR_VAR,0.443,0.233,0.116
9830,10670,10.67,ESTIMATOR_VAR,0.452,0.238,0.118
9841,10680,10.68,ESTIMATOR_VAR,0.451,0.238,0.108
9853,10690,10.69,ESTIMATOR_VAR,0.452,0.238,0.111
9864,10700,10.7,ESTIMATOR_VAR,0.454,0.238,0.118
9875,10710,10.71,ESTIMATOR_VAR,0.455,0.239,0.118
9886,10720,10.72,ESTIMATOR_VAR,0.463,0.244,0.118
9898,10730,10.73,ESTIMATOR_VAR,0.458,0.24,0.126
9909,10740,10.74,ESTIMATOR_VAR,0.456,0.238,0.122
9920,10750,10.75,ESTIMATOR_VAR,0.449,0.233,0.121
9931,10760,10.76,ESTIMATOR_VAR,0.449,0.233,0.121
9943,10770,10.77,ESTIMATOR_VAR,0.442,0.228,0.114
9954,10780,10.78,ESTIMATOR_VAR,0.451,0.233,0.118
9965,10790,10.79,ESTIMATOR_VAR,0.444,0.228,0.106
9976,10800,10.8,ESTIMATOR_VAR,0.436,0.222,0.114
9989,10810,10.81,ESTIMATOR_VAR,0.445,0.228,0.111
10000,10820,10.82,ESTIMATOR_VAR,0.446,0.228,0.119
10011,10830,10.83,ESTIMATOR_VAR,0.454,0.233,0.119
10022,10840,10.84,ESTIMATOR_VAR,0.464,0.239,0.127
10034,10850,10.85,ESTIMATOR_VAR,0.457,0.235,0.126
10045,10860,10.86,ESTIMATOR_VAR,0.468,0.242,0.124
10056,10870,10.87,ESTIMATOR_VAR,0.467,0.24,0.108
10067,10880,10.88,ESTIMATOR_VAR,0.467,0.24,0.105
10079,10890,10.89,ESTIMATOR_VAR,0.46,0.235,0.119
10090,10900,10.9,ESTIMATOR_VAR,0.453,0.229,0.122
10101,10910,10.91,ESTIMATOR_VAR,0.446,0.224,0.113
10112,10920,10.92,ESTIMATOR_VAR,0.447,0.225,0.106
10124,10930,10.93,ESTIMATOR_VAR,0.446,0.223,0.114
10135,10940,10.94,ESTIMATOR_VAR,0.429,0.212,0.111
10146,10950,10.95,ESTIMATOR_VAR,0.431,0.213,0.114
10157,10960,10.96,ESTIMATOR_VAR,0.423,0.207,0.11
10169,10970,10.97,ESTIMATOR_VAR,0.433,0.213,0.126
10180,10980,10.98,ESTIMATOR_VAR,0.425,0.208,0.118
10191,10990,10.99,ESTIMATOR_VAR,0.424,0.207,0.129
10205,11000,11.0,ESTIMATOR_VAR,0.423,0.206,0.113
10218,11010,11.01,ESTIMATOR_VAR,0.424,0.207,0.126
10229,11020,11.02,ESTIMATOR_VAR,0.427,0.209,0.113
10240,11030,11.03,ESTIMATOR_VAR,0.428,0.209,0.124
10251,11040,11.04,ESTIMATOR_VAR,0.431,0.211,0.129
10263,11050,11.05,ESTIMATOR_VAR,0.424,0.206,0.124
10274,11060,11.06,ESTIMATOR_VAR,0.434,0.212,0.105
10285,11070,11.07,ESTIMATOR_VAR,0.442,0.217,0.126
10296,11080,11.08,ESTIMATOR_VAR,0.436,0.213,0.119
10308,11090,11.09,ESTIMATOR_VAR,0.436,0.213,0.118
10319,11100,11.1,ESTIMATOR_VAR,0.429,0.208,0.114
10330,11110,11.11,ESTIMATOR_VAR,0.423,0.204,0.124
10341,11120,11.12,ESTIMATOR_VAR,0.41,0.195,0.122
10353,11130,11.13,ESTIMATOR_VAR,0.411,0.196,0.13
10364,11140,11.14,ESTIMATOR_VAR,0.411,0.195,0.122
10375,11150,11.15,ESTIMATOR_VAR,0.404,0.191,0.126
10386,11160,11.16,ESTIMATOR_VAR,0.401,0.188,0.124
10398,11170,11.17,ESTIMATOR_VAR,0.392,0.183,0.114
10409,11180,11.18,ESTIMATOR_VAR,0.386,0.178,0.119
10420,11190,11.19,ESTIMATOR_VAR,0.389,0.18,0.119
10431,11200,11.2,ESTIMATOR_VAR,0.393,0.183,0.118
10443,11210,11.21,ESTIMATOR_VAR,0.402,0.189,0.11
10454,11220,11.22,ESTIMATOR_VAR,0.397,0.185,0.122
10466,11230,11.23,ESTIMATOR_VAR,0.4,0.187,0.126
10477,11240,11.24,ESTIMATOR_VAR,0.411,0.195,0.13
10489,11250,11.25,ESTIMATOR_VAR,0.404,0.19,0.121
10500,11260,11.26,ESTIMATOR_VAR,0.4,0.187,0.124
10511,11270,11.27,ESTIMATOR_VAR,0.403,0.189,0.119
10522,11280,11.28,ESTIMATOR_VAR,0.398,0.186,0.121
10534,11290,11.29,ESTIMATOR_VAR,0.39,0.18,0.113
10545,11300,11.3,ESTIMATOR_VAR,0.383,0.176,0.118
10556,11310,11.31,ESTIMATOR_VAR,0.376,0.17,0.116
10567,11320,11.32,ESTIMATOR_VAR,0.371,0.167,0.119
10579,11330,11.33,ESTIMATOR_VAR,0.367,0.165,0.118
10590,11340,11.34,ESTIMATOR_VAR,0.37,0.167,0.121
10601,11350,11.35,ESTIMATOR_VAR,0.356,0.157,0.119
10612,11360,11.36,ESTIMATOR_VAR,0.348,0.152,0.122
10624,11370,11.37,ESTIMATOR_VAR,0.349,0.153,0.105
10635,11380,11.38,ESTIMATOR_VAR,0.343,0.149,0.118
10646,11390,11.39,ESTIMATOR_VAR,0.354,0.157,0.122
10657,11400,11.4,ESTIMATOR_VAR,0.358,0.159,0.124
10669,11410,11.41,ESTIMATOR_VAR,0.366,0.165,0.129
10680,11420,11.42,ESTIMATOR_VAR,0.378,0.173,0.127
10692,11430,11.43,ESTIMATOR_VAR,0.379,0.174,0.13
10703,11440,11.44,ESTIMATOR_VAR,0.381,0.176,0.129
10715,11450,11.45,ESTIMATOR_VAR,0.375,0.171,0.119
10726,11460,11.46,ESTIMATOR_VAR,0.376,0.172,0.114
10737,11470,11.47,ESTIMATOR_VAR,0.378,0.174,0.118
10748,11480,11.48,ESTIMATOR_VAR,0.372,0.169,0.119
10760,11490,11.49,ESTIMATOR_VAR,0.365,0.165,0.118
10774,11500,11.5,ESTIMATOR_VAR,0.369,0.167,0.114
10785,11510,11.51,ESTIMATOR_VAR,0.364,0.164,0.116
10796,11520,11.52,ESTIMATOR_VAR,0.351,0.155,0.119
10808,11530,11.53,ESTIMATOR_VAR,0.353,0.157,0.119
10819,11540,11.54,ESTIMATOR_VAR,0.364,0.164,0.111
10830,11550,11.55,ESTIMATOR_VAR,0.359,0.161,0.124
10841,11560,11.56,ESTIMATOR_VAR,0.367,0.166,0.113
10853,11570,11.57,ESTIMATOR_VAR,0.362,0.163,0.122
10864,11580,11.58,ESTIMATOR_VAR,0.371,0.169,0.122
10875,11590,11.59,ESTIMATOR_VAR,0.358,0.161,0.124
10886,11600,11.6,ESTIMATOR_VAR,0.368,0.167,0.121
10898,11610,11.61,ESTIMATOR_VAR,0.36,0.162,0.129
10909,11620,11.62,ESTIMATOR_VAR,0.361,0.163,0.136
10921,11630,11.63,ESTIMATOR_VAR,0.369,0.169,0.138
10932,11640,11.64,ESTIMATOR_VAR,0.378,0.175,0.131
10944,11650,11.65,ESTIMATOR_VAR,0.38,0.176,0.121
10955,11660,11.66,ESTIMATOR_VAR,0.389,0.183,0.118
10966,11670,11.67,ESTIMATOR_VAR,0.392,0.185,0.121
10977,11680,11.68,ESTIMATOR_VAR,0.392,0.185,0.119
10989,11690,11.69,ESTIMATOR_VAR,0.393,0.185,0.113
11000,11700,11.7,ESTIMATOR_VAR,0.386,0.181,0.119
11011,11710,11.71,ESTIMATOR_VAR,0.38,0.176,0.116
11022,11720,11.72,ESTIMATOR_VAR,0.375,0.173,0.121
11034,11730,11.73,ESTIMATOR_VAR,0.378,0.175,0.121
11045,11740,11.74,ESTIMATOR_VAR,0.371,0.17,0.121
11056,11750,11.75,ESTIMATOR_VAR,0.374,0.172,0.119
11067,11760,11.76,ESTIMATOR_VAR,0.383,0.178,0.13
11079,11770,11.77,ESTIMATOR_VAR,0.376,0.174,0.114
11090,11780,11.78,ESTIMATOR_VAR,0.386,0.181,0.127
11101,11790,11.79,ESTIMATOR_VAR,0.393,0.185,0.124
11112,11800,11.8,ESTIMATOR_VAR,0.387,0.181,0.122
11124,11810,11.81,ESTIMATOR_VAR,0.395,0.187,0.126
11135,11820,11.82,ESTIMATOR_VAR,0.386,0.18,0.141
11147,11830,11.83,ESTIMATOR_VAR,0.376,0.174,0.122
11158,11840,11.84,ESTIMATOR_VAR,0.373,0.172,0.126
11170,11850,11.85,ESTIMATOR_VAR,0.384,0.18,0.119
11181,11860,11.86,ESTIMATOR_VAR,0.394,0.186,0.119
11192,11870,11.87,ESTIMATOR_VAR,0.382,0.178,0.113
11203,11880,11.88,ESTIMATOR_VAR,0.384,0.179,0.116
11215,11890,11.89,ESTIMATOR_VAR,0.377,0.174,0.114
11226,11900,11.9,ESTIMATOR_VAR,0.389,0.182,0.116
11237,11910,11.91,ESTIMATOR_VAR,0.383,0.179,0.122
11248,11920,11.92,ESTIMATOR_VAR,0.378,0.175,0.119
11260,11930,11.93,ESTIMATOR_VAR,0.377,0.175,0.114
11271,11940,11.94,ESTIMATOR_VAR,0.363,0.164,0.118
11282,11950,11.95,ESTIMATOR_VAR,0.365,0.166,0.116
11293,11960,11.96,ESTIMATOR_VAR,0.375,0.173,0.118
11305,11970,11.97,ESTIMATOR_VAR,0.376,0.174,0.124
11316,11980,11.98,ESTIMATOR_VAR,0.368,0.168,0.121
11327,11990,11.99,ESTIMATOR_VAR,0.363,0.165,0.124
11341,12000,12.0,ESTIMATOR_VAR,0.365,0.166,0.116
11353,12010,12.01,ESTIMATOR_VAR,0.368,0.168,0.122
11364,12020,12.02,ESTIMATOR_VAR,0.362,0.164,0.121
11376,12030,12.03,ESTIMATOR_VAR,0.354,0.159,0.126
11387,12040,12.04,ESTIMATOR_VAR,0.357,0.161,0.114
11399,12050,12.05,ESTIMATOR_VAR,0.349,0.156,0.095
11410,12060,12.06,ESTIMATOR_VAR,0.34,0.15,0.098
11421,12070,12.07,ESTIMATOR_VAR,0.339,0.149,0.098
11432,12080,12.08,ESTIMATOR_VAR,0.339,0.149,0.1
11444,12090,12.09,ESTIMATOR_VAR,0.33,0.143,0.095
11455,12100,12.1,ESTIMATOR_VAR,0.314,0.132,0.102
11466,12110,12.11,ESTIMATOR_VAR,0.325,0.14,0.119
11477,12120,12.12,ESTIMATOR_VAR,0.326,0.141,0.116
11489,12130,12.13,ESTIMATOR_VAR,0.32,0.137,0.114
11500,12140,12.14,ESTIMATOR_VAR,0.322,0.138,0.126
11511,12150,12.15,ESTIMATOR_VAR,0.319,0.136,0.122
11522,12160,12.16,ESTIMATOR_VAR,0.329,0.144,0.119
11534,12170,12.17,ESTIMATOR_VAR,0.316,0.135,0.118
11545,12180,12.18,ESTIMATOR_VAR,0.32,0.138,0.124
11556,12190,12.19,ESTIMATOR_VAR,0.332,0.146,0.113
11567,12200,12.2,ESTIMATOR_VAR,0.326,0.142,0.124
11579,12210,12.21,ESTIMATOR_VAR,0.329,0.145,0.121
11590,12220,12.22,ESTIMATOR_VAR,0.325,0.142,0.114
11601,12230,12.23,ESTIMATOR_VAR,0.311,0.133,0.126
11612,12240,12.24,ESTIMATOR_VAR,0.315,0.136,0.121
11625,12250,12.25,ESTIMATOR_VAR,0.31,0.133,0.126
11636,12260,12.26,ESTIMATOR_VAR,0.302,0.128,0.126
11647,12270,12.27,ESTIMATOR_VAR,0.29,0.12,0.121
11658,12280,12.28,ESTIMATOR_VAR,0.286,0.118,0.114
11670,12290,12.29,ESTIMATOR_VAR,0.275,0.111,0.122
11681,12300,12.3,ESTIMATOR_VAR,0.262,0.103,0.124
11692,12310,12.31,ESTIMATOR_VAR,0.258,0.101,0.121
11703,12320,12.32,ESTIMATOR_VAR,0.269,0.108,0.118
11715,12330,12.33,ESTIMATOR_VAR,0.266,0.107,0.122
11726,12340,12.34,ESTIMATOR_VAR,0.277,0.115,0.121
11737,12350,12.35,ESTIMATOR_VAR,0.288,0.123,0.118
11748,12360,12.36,ESTIMATOR_VAR,0.292,0.126,0.127
11760,12370,12.37,ESTIMATOR_VAR,0.297,0.13,0.124
11771,12380,12.38,ESTIMATOR_VAR,0.299,0.131,0.126
11782,12390,12.39,ESTIMATOR_VAR,0.288,0.124,0.124
11793,12400,12.4,ESTIMATOR_VAR,0.283,0.121,0.13
11805,12410,12.41,ESTIMATOR_VAR,0.287,0.125,0.126
11816,12420,12.42,ESTIMATOR_VAR,0.283,0.122,0.116
11827,12430,12.43,ESTIMATOR_VAR,0.27,0.114,0.114
11838,12440,12.44,ESTIMATOR_VAR,0.265,0.11,0.113
11851,12450,12.45,ESTIMATOR_VAR,0.253,0.103,0.114
11862,12460,12.46,ESTIMATOR_VAR,0.258,0.107,0.126
11873,12470,12.47,ESTIMATOR_VAR,0.26,0.109,0.126
11884,12480,12.48,ESTIMATOR_VAR,0.256,0.106,0.124
11896,12490,12.49,ESTIMATOR_VAR,0.26,0.11,0.129
11910,12500,12.5,ESTIMATOR_VAR,0.27,0.117,0.122
11921,12510,12.51,ESTIMATOR_VAR,0.273,0.119,0.122
11932,12520,12.52,ESTIMATOR_VAR,0.284,0.127,0.124
11944,12530,12.53,ESTIMATOR_VAR,0.27,0.118,0.121
11955,12540,12.54,ESTIMATOR_VAR,0.257,0.11,0.122
11966,12550,12.55,ESTIMATOR_VAR,0.26,0.113,0.124
11977,12560,12.56,ESTIMATOR_VAR,0.255,0.109,0.126
11989,12570,12.57,ESTIMATOR_VAR,0.252,0.108,0.124
12000,12580,12.58,ESTIMATOR_VAR,0.265,0.117,0.119
12011,12590,12.59,ESTIMATOR_VAR,0.268,0.119,0.122
12022,12600,12.6,ESTIMATOR_VAR,0.272,0.123,0.121
12034,12610,12.61,ESTIMATOR_VAR,0.283,0.131,0.121
12045,12620,12.62,ESTIMATOR_VAR,0.286,0.133,0.118
12056,12630,12.63,ESTIMATOR_VAR,0.281,0.13,0.122
12067,12640,12.64,ESTIMATOR_VAR,0.277,0.128,0.127
12080,12650,12.65,ESTIMATOR_VAR,0.283,0.132,0.113
12091,12660,12.66,ESTIMATOR_VAR,0.294,0.139,0.114
12102,12670,12.67,ESTIMATOR_VAR,0.296,0.141,0.121
12113,12680,12.68,ESTIMATOR_VAR,0.307,0.149,0.116
12125,12690,12.69,ESTIMATOR_VAR,0.317,0.156,0.119
12136,12700,12.7,ESTIMATOR_VAR,0.318,0.157,0.114
12147,12710,12.71,ESTIMATOR_VAR,0.313,0.153,0.108
12158,12720,12.72,ESTIMATOR_VAR,0.301,0.145,0.113
12170,12730,12.73,ESTIMATOR_VAR,0.296,0.142,0.116
12181,12740,12.74,ESTIMATOR_VAR,0.292,0.139,0.114
12192,12750,12.75,ESTIMATOR_VAR,0.296,0.142,0.114
12203,12760,12.76,ESTIMATOR_VAR,0.293,0.141,0.119
12215,12770,12.77,ESTIMATOR_VAR,0.297,0.144,0.121
12226,12780,12.78,ESTIMATOR_VAR,0.294,0.142,0.119
12237,12790,12.79,ESTIMATOR_VAR,0.296,0.143,0.119
12248,12800,12.8,ESTIMATOR_VAR,0.292,0.141,0.124
12260,12810,12.81,ESTIMATOR_VAR,0.295,0.143,0.122
12271,12820,12.82,ESTIMATOR_VAR,0.297,0.145,0.119
12282,12830,12.83,ESTIMATOR_VAR,0.301,0.148,0.121
12293,12840,12.84,ESTIMATOR_VAR,0.296,0.144,0.11
12306,12850,12.85,ESTIMATOR_VAR,0.314,0.157,0.131
12317,12860,12.86,ESTIMATOR_VAR,0.313,0.157,0.134
12328,12870,12.87,ESTIMATOR_VAR,0.322,0.162,0.136
12339,12880,12.88,ESTIMATOR_VAR,0.331,0.169,0.138
12351,12890,12.89,ESTIMATOR_VAR,0.318,0.161,0.122
12362,12900,12.9,ESTIMATOR_VAR,0.314,0.158,0.119
12373,12910,12.91,ESTIMATOR_VAR,0.311,0.156,0.122
12384,12920,12.92,ESTIMATOR_VAR,0.315,0.159,0.118
12396,12930,12.93,ESTIMATOR_VAR,0.325,0.166,0.116
12407,12940,12.94,ESTIMATOR_VAR,0.338,0.174,0.116
12418,12950,12.95,ESTIMATOR_VAR,0.333,0.171,0.118
12429,12960,12.96,ESTIMATOR_VAR,0.33,0.169,0.124
12441,12970,12.97,ESTIMATOR_VAR,0.332,0.171,0.119
12452,12980,12.98,ESTIMATOR_VAR,0.32,0.162,0.113
12463,12990,12.99,ESTIMATOR_VAR,0.332,0.17,0.11
12477,13000,13.0,ESTIMATOR_VAR,0.326,0.167,0.11
12489,13010,13.01,ESTIMATOR_VAR,0.337,0.174,0.113
12500,13020,13.02,ESTIMATOR_VAR,0.332,0.171,0.118
12511,13030,13.03,ESTIMATOR_VAR,0.336,0.173,0.108
12522,13040,13.04,ESTIMATOR_VAR,0.332,0.17,0.11
12535,13050,13.05,ESTIMATOR_VAR,0.326,0.167,0.121
12546,13060,13.06,ESTIMATOR_VAR,0.338,0.175,0.121
12557,13070,13.07,ESTIMATOR_VAR,0.341,0.177,0.106
12568,13080,13.08,ESTIMATOR_VAR,0.336,0.173,0.113
12580,13090,13.09,ESTIMATOR_VAR,0.339,0.175,0.116
12591,13100,13.1,ESTIMATOR_VAR,0.335,0.172,0.114
12602,13110,13.11,ESTIMATOR_VAR,0.33,0.169,0.113
12613,13120,13.12,ESTIMATOR_VAR,0.335,0.173,0.118
12625,13130,13.13,ESTIMATOR_VAR,0.332,0.17,0.119
12636,13140,13.14,ESTIMATOR_VAR,0.328,0.167,0.122
12647,13150,13.15,ESTIMATOR_VAR,0.331,0.17,0.119
12658,13160,13.16,ESTIMATOR_VAR,0.328,0.168,0.122
12670,13170,13.17,ESTIMATOR_VAR,0.324,0.165,0.121
12681,13180,13.18,ESTIMATOR_VAR,0.328,0.168,0.121
12692,13190,13.19,ESTIMATOR_VAR,0.331,0.17,0.124
12703,13200,13.2,ESTIMATOR_VAR,0.335,0.173,0.114
12715,13210,13.21,ESTIMATOR_VAR,0.323,0.165,0.116
12726,13220,13.22,ESTIMATOR_VAR,0.336,0.173,0.111
12737,13230,13.23,ESTIMATOR_VAR,0.333,0.171,0.114
12748,13240,13.24,ESTIMATOR_VAR,0.338,0.174,0.114
12760,13250,13.25,ESTIMATOR_VAR,0.325,0.166,0.114
12771,13260,13.26,ESTIMATOR_VAR,0.319,0.162,0.113
12783,13270,13.27,ESTIMATOR_VAR,0.316,0.16,0.118
12794,13280,13.28,ESTIMATOR_VAR,0.321,0.164,0.119
12806,13290,13.29,ESTIMATOR_VAR,0.332,0.171,0.124
12817,13300,13.3,ESTIMATOR_VAR,0.336,0.174,0.118
12828,13310,13.31,ESTIMATOR_VAR,0.341,0.177,0.113
12839,13320,13.32,ESTIMATOR_VAR,0.338,0.175,0.113
12851,13330,13.33,ESTIMATOR_VAR,0.351,0.184,0.121
12862,13340,13.34,ESTIMATOR_VAR,0.348,0.181,0.111
12873,13350,13.35,ESTIMATOR_VAR,0.342,0.177,0.119
12884,13360,13.36,ESTIMATOR_VAR,0.335,0.173,0.119
12896,13370,13.37,ESTIMATOR_VAR,0.339,0.176,0.121
12907,13380,13.38,ESTIMATOR_VAR,0.35,0.183,0.121
12918,13390,13.39,ESTIMATOR_VAR,0.352,0.184,0.119
12929,13400,13.4,ESTIMATOR_VAR,0.356,0.187,0.124
12941,13410,13.41,ESTIMATOR_VAR,0.35,0.183,0.121
12952,13420,13.42,ESTIMATOR_VAR,0.362,0.191,0.126
12963,13430,13.43,ESTIMATOR_VAR,0.359,0.189,0.121
12974,13440,13.44,ESTIMATOR_VAR,0.369,0.195,0.118
12986,13450,13.45,ESTIMATOR_VAR,0.364,0.192,0.118
12997,13460,13.46,ESTIMATOR_VAR,0.369,0.195,0.124
13009,13470,13.47,ESTIMATOR_VAR,0.372,0.197,0.116
13020,13480,13.48,ESTIMATOR_VAR,0.368,0.194,0.126
13032,13490,13.49,ESTIMATOR_VAR,0.378,0.201,0.127
13046,13500,13.5,ESTIMATOR_VAR,0.373,0.198,0.122
13057,13510,13.51,ESTIMATOR_VAR,0.385,0.205,0.121
13068,13520,13.52,ESTIMATOR_VAR,0.388,0.207,0.114
13080,13530,13.53,ESTIMATOR_VAR,0.383,0.204,0.114
13091,13540,13.54,ESTIMATOR_VAR,0.394,0.211,0.119
13102,13550,13.55,ESTIMATOR_VAR,0.389,0.207,0.126
13113,13560,13.56,ESTIMATOR_VAR,0.393,0.21,0.114
13125,13570,13.57,ESTIMATOR_VAR,0.405,0.218,0.119
13136,13580,13.58,ESTIMATOR_VAR,0.407,0.219,0.118
13147,13590,13.59,ESTIMATOR_VAR,0.402,0.215,0.118
13158,13600,13.6,ESTIMATOR_VAR,0.405,0.217,0.111
13170,13610,13.61,ESTIMATOR_VAR,0.408,0.219,0.113
13181,13620,13.62,ESTIMATOR_VAR,0.404,0.215,0.118
13192,13630,13.63,ESTIMATOR_VAR,0.4,0.213,0.121
13203,13640,13.64,ESTIMATOR_VAR,0.387,0.204,0.113
13215,13650,13.65,ESTIMATOR_VAR,0.397,0.21,0.113
13226,13660,13.66,ESTIMATOR_VAR,0.393,0.207,0.118
13238,13670,13.67,ESTIMATOR_VAR,0.397,0.21,0.118
13249,13680,13.68,ESTIMATOR_VAR,0.391,0.205,0.116
13261,13690,13.69,ESTIMATOR_VAR,0.386,0.202,0.119
13272,13700,13.7,ESTIMATOR_VAR,0.382,0.199,0.118
13283,13710,13.71,ESTIMATOR_VAR,0.385,0.201,0.119
13294,13720,13.72,ESTIMATOR_VAR,0.389,0.203,0.116
13306,13730,13.73,ESTIMATOR_VAR,0.377,0.195,0.126
13317,13740,13.74,ESTIMATOR_VAR,0.371,0.191,0.121
13328,13750,13.75,ESTIMATOR_VAR,0.374,0.193,0.13
13339,13760,13.76,ESTIMATOR_VAR,0.371,0.19,0.116
13351,13770,13.77,ESTIMATOR_VAR,0.376,0.193,0.116
13362,13780,13.78,ESTIMATOR_VAR,0.378,0.195,0.119
13373,13790,13.79,ESTIMATOR_VAR,0.38,0.196,0.119
13384,13800,13.8,ESTIMATOR_VAR,0.39,0.203,0.108
13396,13810,13.81,ESTIMATOR_VAR,0.401,0.21,0.098
13407,13820,13.82,ESTIMATOR_VAR,0.398,0.207,0.113
13418,13830,13.83,ESTIMATOR_VAR,0.391,0.202,0.076
13429,13840,13.84,ESTIMATOR_VAR,0.396,0.205,0.091
13441,13850,13.85,ESTIMATOR_VAR,0.399,0.207,0.137
13452,13860,13.86,ESTIMATOR_VAR,0.395,0.204,0.121
13464,13870,13.87,ESTIMATOR_VAR,0.382,0.195,0.105
13475,13880,13.88,ESTIMATOR_VAR,0.385,0.196,0.116
