Log Entry,Timestamp,Time_s,Log Entry Type,Sensor Board ID,Sensor Type,Battery,Consumption,Current,Supply
453,1078,1.078,SENSOR,1,BATTERY,11401,0,81,3299
1379,2098,2.098,SENSOR,1,BATTERY,11395,0,142,3300
2324,3118,3.118,SENSOR,1,BATTERY,11394,0,135,3302
3269,4138,4.138,SENSOR,1,BATTERY,11389,0,147,3302
4215,5158,5.158,SENSOR,1,BATTERY,11394,0,153,3302
5160,6178,6.178,SENSOR,1,BATTERY,11393,0,167,3304
6106,7198,7.198,SENSOR,1,BATTERY,11396,0,140,3305
7051,8218,8.218,SENSOR,1,BATTERY,11392,0,166,3306
7996,9238,9.238,SENSOR,1,BATTERY,11392,0,142,3307
8942,10258,10.258,SENSOR,1,BATTERY,11394,0,118,3306
9887,11278,11.278,SENSOR,1,BATTERY,11392,0,150,3307
10833,12298,12.298,SENSOR,1,BATTERY,11392,0,161,3307
11796,13318,13.318,SENSOR,1,BATTERY,11394,0,138,3308
12723,14338,14.338,SENSOR,1,BATTERY,11389,0,147,3308
13669,15358,15.358,SENSOR,1,BATTERY,11391,0,187,3310
14614,16378,16.378,SENSOR,1,BATTERY,11392,0,119,3308
15560,17398,17.398,SENSOR,1,BATTERY,11394,0,151,3307
16505,18418,18.418,SENSOR,1,BATTERY,11393,0,158,3308
17450,19438,19.438,SENSOR,1,BATTERY,11395,0,161,3307
18396,20458,20.458,SENSOR,1,BATTERY,11392,0,142,3305
19341,21478,21.478,SENSOR,1,BATTERY,11396,0,158,3308
20287,22498,22.498,SENSOR,1,BATTERY,11394,0,165,3307
21232,23518,23.518,SENSOR,1,BATTERY,11395,0,148,3307
21924,24538,24.538,SENSOR,1,BATTERY,11392,0,161,3306
21935,25558,25.558,SENSOR,1,BATTERY,11397,1,173,3308
21936,26578,26.578,SENSOR,1,BATTERY,11395,1,191,3305
22808,27598,27.598,SENSOR,1,BATTERY,11398,1,166,3308
23753,28618,28.618,SENSOR,1,BATTERY,11394,1,133,3309
24698,29638,29.638,SENSOR,1,BATTERY,11397,1,164,3307
25644,30658,30.658,SENSOR,1,BATTERY,11396,1,147,3307
26589,31678,31.678,SENSOR,1,BATTERY,11400,1,133,3309
27535,32698,32.698,SENSOR,1,BATTERY,11397,1,169,3311
28480,33718,33.718,SENSOR,1,BATTERY,11400,1,171,3310
29425,34738,34.738,SENSOR,1,BATTERY,11395,1,142,3310
30371,35758,35.758,SENSOR,1,BATTERY,11403,1,160,3309
31316,36778,36.778,SENSOR,1,BATTERY,11399,1,137,3310
32262,37798,37.798,SENSOR,1,BATTERY,11405,1,132,3311
33207,38818,38.818,SENSOR,1,BATTERY,11403,1,159,3311
34152,39838,39.838,SENSOR,1,BATTERY,11405,1,150,3309
35098,40858,40.858,SENSOR,1,BATTERY,11405,1,164,3310
36043,41878,41.878,SENSOR,1,BATTERY,11406,1,151,3311
36989,42898,42.898,SENSOR,1,BATTERY,11403,1,144,3310
37934,43918,43.918,SENSOR,1,BATTERY,11406,1,158,3311
38879,44938,44.938,SENSOR,1,BATTERY,11404,1,160,3310
39825,45958,45.958,SENSOR,1,BATTERY,11406,1,133,3311
40770,46978,46.978,SENSOR,1,BATTERY,11409,1,155,3311
41716,47998,47.998,SENSOR,1,BATTERY,11412,1,153,3311
42661,49018,49.018,SENSOR,1,BATTERY,11407,2,158,3311
43618,50038,50.038,SENSOR,1,BATTERY,11410,2,151,3311
44555,51058,51.058,SENSOR,1,BATTERY,11406,2,151,3311
45500,52078,52.078,SENSOR,1,BATTERY,11409,2,166,3310
46446,53098,53.098,SENSOR,1,BATTERY,11413,2,151,3310
47391,54118,54.118,SENSOR,1,BATTERY,11415,2,164,3311
48336,55138,55.138,SENSOR,1,BATTERY,11409,2,158,3309
49282,56158,56.158,SENSOR,1,BATTERY,11413,2,130,3310
50227,57178,57.178,SENSOR,1,BATTERY,11413,2,143,3310
51173,58198,58.198,SENSOR,1,BATTERY,11416,2,172,3311
52118,59218,59.218,SENSOR,1,BATTERY,11416,2,177,3312
53063,60238,60.238,SENSOR,1,BATTERY,11416,2,167,3313
54009,61258,61.258,SENSOR,1,BATTERY,11415,2,160,3311
54954,62278,62.278,SENSOR,1,BATTERY,11416,2,150,3311
55900,63298,63.298,SENSOR,1,BATTERY,11417,2,147,3313
56845,64318,64.318,SENSOR,1,BATTERY,11419,2,164,3311
57800,65338,65.338,SENSOR,1,BATTERY,11417,2,163,3312
58736,66358,66.358,SENSOR,1,BATTERY,11417,2,148,3312
59681,67378,67.378,SENSOR,1,BATTERY,11419,2,135,3313
60627,68398,68.398,SENSOR,1,BATTERY,11423,2,154,3310
61590,69418,69.418,SENSOR,1,BATTERY,11420,2,158,3312
62517,70438,70.438,SENSOR,1,BATTERY,11422,2,104,3312
63463,71458,71.458,SENSOR,1,BATTERY,11420,2,103,3312
64408,72478,72.478,SENSOR,1,BATTERY,11421,2,103,3311
65354,73498,73.498,SENSOR,1,BATTERY,11420,3,129,3312
66299,74518,74.518,SENSOR,1,BATTERY,11421,3,119,3311
67247,75538,75.538,SENSOR,1,BATTERY,11421,3,121,3312
68193,76558,76.558,SENSOR,1,BATTERY,11423,3,127,3312
69138,77578,77.578,SENSOR,1,BATTERY,11424,3,135,3312
70084,78598,78.598,SENSOR,1,BATTERY,11426,3,111,3315
71029,79618,79.618,SENSOR,1,BATTERY,11425,3,109,3314
71974,80638,80.638,SENSOR,1,BATTERY,11426,3,81,3312
72920,81658,81.658,SENSOR,1,BATTERY,11425,3,98,3313
73865,82678,82.678,SENSOR,1,BATTERY,11427,3,72,3312
74811,83698,83.698,SENSOR,1,BATTERY,11426,3,106,3314
75756,84718,84.718,SENSOR,1,BATTERY,11429,3,103,3313
76702,85738,85.738,SENSOR,1,BATTERY,11426,3,83,3312
77647,86758,86.758,SENSOR,1,BATTERY,11430,3,78,3314
78601,87778,87.778,SENSOR,1,BATTERY,11429,3,90,3314
79538,88798,88.798,SENSOR,1,BATTERY,11433,3,98,3314
80483,89818,89.818,SENSOR,1,BATTERY,11431,3,108,3312
81428,90838,90.838,SENSOR,1,BATTERY,11433,3,70,3313
82374,91858,91.858,SENSOR,1,BATTERY,11430,3,107,3312
83319,92878,92.878,SENSOR,1,BATTERY,11436,3,79,3313
84265,93898,93.898,SENSOR,1,BATTERY,11435,3,97,3313
85210,94918,94.918,SENSOR,1,BATTERY,11434,3,96,3313
86155,95938,95.938,SENSOR,1,BATTERY,11431,3,86,3313
87101,96958,96.958,SENSOR,1,BATTERY,11434,3,100,3312
88046,97978,97.978,SENSOR,1,BATTERY,11433,3,62,3314
88992,98998,98.998,SENSOR,1,BATTERY,11436,3,83,3313
89937,100018,100.018,SENSOR,1,BATTERY,11437,3,114,3313
90895,101038,101.038,SENSOR,1,BATTERY,11438,3,137,3311
91831,102058,102.058,SENSOR,1,BATTERY,11437,3,132,3312
92776,103078,103.078,SENSOR,1,BATTERY,11439,3,103,3312
93722,104098,104.098,SENSOR,1,BATTERY,11439,3,96,3313
94667,105118,105.118,SENSOR,1,BATTERY,11438,3,107,3313
95612,106138,106.138,SENSOR,1,BATTERY,11438,3,108,3313
96558,107158,107.158,SENSOR,1,BATTERY,11440,3,133,3312
97503,108178,108.178,SENSOR,1,BATTERY,11438,3,131,3314
98449,109198,109.198,SENSOR,1,BATTERY,11440,4,128,3313
99394,110218,110.218,SENSOR,1,BATTERY,11442,4,154,3311
100339,111238,111.238,SENSOR,1,BATTERY,11440,4,141,3313
101285,112258,112.258,SENSOR,1,BATTERY,11440,4,126,3312
102230,113278,113.278,SENSOR,1,BATTERY,11442,4,127,3312
103176,114298,114.298,SENSOR,1,BATTERY,11442,4,124,3314
104121,115318,115.318,SENSOR,1,BATTERY,11444,4,132,3315
105076,116338,116.338,SENSOR,1,BATTERY,11442,4,120,3314
106012,117358,117.358,SENSOR,1,BATTERY,11443,4,141,3314
106957,118378,118.378,SENSOR,1,BATTERY,11440,4,125,3315
107903,119398,119.398,SENSOR,1,BATTERY,11443,4,156,3313
108848,120418,120.418,SENSOR,1,BATTERY,11443,4,139,3314
109793,121438,121.438,SENSOR,1,BATTERY,11446,4,141,3314
110739,122458,122.458,SENSOR,1,BATTERY,11446,4,131,3313
111684,123478,123.478,SENSOR,1,BATTERY,11445,4,125,3313
112630,124498,124.498,SENSOR,1,BATTERY,11445,4,155,3314
113575,125518,125.518,SENSOR,1,BATTERY,11446,4,145,3314
114523,126538,126.538,SENSOR,1,BATTERY,11445,4,170,3313
115469,127558,127.558,SENSOR,1,BATTERY,11447,4,166,3316
116414,128578,128.578,SENSOR,1,BATTERY,11445,4,164,3314
117360,129598,129.598,SENSOR,1,BATTERY,11448,4,201,3313
118305,130618,130.618,SENSOR,1,BATTERY,11447,4,167,3315
119260,131638,131.638,SENSOR,1,BATTERY,11446,4,148,3312
120196,132658,132.658,SENSOR,1,BATTERY,11448,4,185,3314
121141,133678,133.678,SENSOR,1,BATTERY,11449,5,172,3313
122087,134698,134.698,SENSOR,1,BATTERY,11448,5,155,3315
123032,135718,135.718,SENSOR,1,BATTERY,11448,5,177,3313
123977,136738,136.738,SENSOR,1,BATTERY,11446,5,201,3313
124923,137758,137.758,SENSOR,1,BATTERY,11448,5,149,3313
125868,138778,138.778,SENSOR,1,BATTERY,11449,5,166,3314
126814,139798,139.798,SENSOR,1,BATTERY,11447,5,170,3313
127759,140818,140.818,SENSOR,1,BATTERY,11450,5,151,3314
128704,141838,141.838,SENSOR,1,BATTERY,11449,5,190,3314
129650,142858,142.858,SENSOR,1,BATTERY,11449,5,181,3314
130595,143878,143.878,SENSOR,1,BATTERY,11449,5,151,3312
131541,144898,144.898,SENSOR,1,BATTERY,11452,5,176,3312
132504,145918,145.918,SENSOR,1,BATTERY,11452,5,198,3313
133431,146938,146.938,SENSOR,1,BATTERY,11451,5,178,3313
134377,147958,147.958,SENSOR,1,BATTERY,11449,5,171,3312
135322,148978,148.978,SENSOR,1,BATTERY,11449,5,187,3312
136268,149998,149.998,SENSOR,1,BATTERY,11450,5,158,3314
137213,151018,151.018,SENSOR,1,BATTERY,11449,5,178,3313
138161,152038,152.038,SENSOR,1,BATTERY,11452,5,153,3314
139107,153058,153.058,SENSOR,1,BATTERY,11454,5,195,3314
140052,154078,154.078,SENSOR,1,BATTERY,11452,5,193,3315
140998,155098,155.098,SENSOR,1,BATTERY,11452,6,194,3316
141943,156118,156.118,SENSOR,1,BATTERY,11452,6,179,3316
142888,157138,157.138,SENSOR,1,BATTERY,11453,6,176,3314
143834,158158,158.158,SENSOR,1,BATTERY,11453,6,160,3316
144779,159178,159.178,SENSOR,1,BATTERY,11452,6,174,3315
145725,160198,160.198,SENSOR,1,BATTERY,11452,6,161,3312
146670,161218,161.218,SENSOR,1,BATTERY,11453,6,165,3314
147615,162238,162.238,SENSOR,1,BATTERY,11455,6,191,3314
148561,163258,163.258,SENSOR,1,BATTERY,11455,6,168,3316
149506,164278,164.278,SENSOR,1,BATTERY,11457,6,167,3315
150452,165298,165.298,SENSOR,1,BATTERY,11456,6,193,3315
151397,166318,166.318,SENSOR,1,BATTERY,11458,6,177,3314
152342,167338,167.338,SENSOR,1,BATTERY,11457,6,186,3315
153288,168358,168.358,SENSOR,1,BATTERY,11454,6,174,3314
154233,169378,169.378,SENSOR,1,BATTERY,11458,6,195,3313
155179,170398,170.398,SENSOR,1,BATTERY,11457,6,168,3311
156124,171418,171.418,SENSOR,1,BATTERY,11455,6,174,3314
157069,172438,172.438,SENSOR,1,BATTERY,11458,6,181,3314
158015,173458,173.458,SENSOR,1,BATTERY,11457,6,159,3314
158960,174478,174.478,SENSOR,1,BATTERY,11460,6,175,3312
159906,175498,175.498,SENSOR,1,BATTERY,11460,6,142,3315
160851,176518,176.518,SENSOR,1,BATTERY,11457,7,183,3316
161809,177538,177.538,SENSOR,1,BATTERY,11457,7,166,3316
162745,178558,178.558,SENSOR,1,BATTERY,11458,7,166,3314
163690,179578,179.578,SENSOR,1,BATTERY,11456,7,160,3316
164636,180598,180.598,SENSOR,1,BATTERY,11459,7,172,3315
165581,181618,181.618,SENSOR,1,BATTERY,11459,7,203,3315
166536,182638,182.638,SENSOR,1,BATTERY,11455,7,171,3313
167472,183658,183.658,SENSOR,1,BATTERY,11458,7,199,3314
168417,184678,184.678,SENSOR,1,BATTERY,11458,7,210,3315
169363,185698,185.698,SENSOR,1,BATTERY,11458,7,180,3314
170308,186718,186.718,SENSOR,1,BATTERY,11456,7,172,3315
171263,187738,187.738,SENSOR,1,BATTERY,11458,7,177,3315
172199,188758,188.758,SENSOR,1,BATTERY,11458,7,163,3315
173144,189778,189.778,SENSOR,1,BATTERY,11457,7,147,3316
174090,190798,190.798,SENSOR,1,BATTERY,11459,7,168,3315
175035,191818,191.818,SENSOR,1,BATTERY,11459,7,207,3316
175980,192838,192.838,SENSOR,1,BATTERY,11459,7,153,3316
176926,193858,193.858,SENSOR,1,BATTERY,11461,7,175,3317
177871,194878,194.878,SENSOR,1,BATTERY,11457,7,175,3316
178817,195898,195.898,SENSOR,1,BATTERY,11459,7,165,3316
179762,196918,196.918,SENSOR,1,BATTERY,11460,8,180,3315
180707,197938,197.938,SENSOR,1,BATTERY,11461,8,177,3315
181653,198958,198.958,SENSOR,1,BATTERY,11460,8,170,3314
182598,199978,199.978,SENSOR,1,BATTERY,11461,8,177,3315
183544,200998,200.998,SENSOR,1,BATTERY,11460,8,153,3315
184489,202018,202.018,SENSOR,1,BATTERY,11461,8,171,3315
185437,203038,203.038,SENSOR,1,BATTERY,11459,8,157,3314
186383,204058,204.058,SENSOR,1,BATTERY,11462,8,204,3315
187328,205078,205.078,SENSOR,1,BATTERY,11459,8,172,3316
188274,206098,206.098,SENSOR,1,BATTERY,11461,8,179,3316
189219,207118,207.118,SENSOR,1,BATTERY,11461,8,178,3315
190164,208138,208.138,SENSOR,1,BATTERY,11462,8,140,3313
191110,209158,209.158,SENSOR,1,BATTERY,11463,8,189,3315
192055,210178,210.178,SENSOR,1,BATTERY,11462,8,157,3316
193001,211198,211.198,SENSOR,1,BATTERY,11460,8,173,3317
193946,212218,212.218,SENSOR,1,BATTERY,11458,8,171,3317
194891,213238,213.238,SENSOR,1,BATTERY,11464,8,201,3315
195837,214258,214.258,SENSOR,1,BATTERY,11464,8,185,3316
196782,215278,215.278,SENSOR,1,BATTERY,11461,8,193,3315
197728,216298,216.298,SENSOR,1,BATTERY,11463,8,190,3316
198673,217318,217.318,SENSOR,1,BATTERY,11463,9,186,3316
199618,218338,218.338,SENSOR,1,BATTERY,11467,9,155,3316
200564,219358,219.358,SENSOR,1,BATTERY,11464,9,197,3314
201509,220378,220.378,SENSOR,1,BATTERY,11465,9,165,3315
202455,221398,221.398,SENSOR,1,BATTERY,11465,9,160,3315
203400,222418,222.418,SENSOR,1,BATTERY,11465,9,188,3316
204345,223438,223.438,SENSOR,1,BATTERY,11464,9,159,3316
205291,224458,224.458,SENSOR,1,BATTERY,11465,9,176,3317
206236,225478,225.478,SENSOR,1,BATTERY,11465,9,160,3315
207182,226498,226.498,SENSOR,1,BATTERY,11464,9,160,3312
208127,227518,227.518,SENSOR,1,BATTERY,11465,9,160,3315
209075,228538,228.538,SENSOR,1,BATTERY,11468,9,188,3316
210021,229558,229.558,SENSOR,1,BATTERY,11463,9,183,3315
210966,230578,230.578,SENSOR,1,BATTERY,11465,9,196,3314
211912,231598,231.598,SENSOR,1,BATTERY,11468,9,187,3315
212857,232618,232.618,SENSOR,1,BATTERY,11467,9,178,3317
213802,233638,233.638,SENSOR,1,BATTERY,11467,9,165,3315
214748,234658,234.658,SENSOR,1,BATTERY,11466,9,180,3316
215693,235678,235.678,SENSOR,1,BATTERY,11466,9,179,3313
216639,236698,236.698,SENSOR,1,BATTERY,11468,9,174,3314
217584,237718,237.718,SENSOR,1,BATTERY,11465,9,186,3314
218529,238738,238.738,SENSOR,1,BATTERY,11468,10,150,3315
219475,239758,239.758,SENSOR,1,BATTERY,11469,10,175,3316
220420,240778,240.778,SENSOR,1,BATTERY,11470,10,158,3317
221366,241798,241.798,SENSOR,1,BATTERY,11467,10,174,3318
222311,242818,242.818,SENSOR,1,BATTERY,11468,10,163,3315
223256,243838,243.838,SENSOR,1,BATTERY,11470,10,179,3318
224202,244858,244.858,SENSOR,1,BATTERY,11470,10,162,3319
225147,245878,245.878,SENSOR,1,BATTERY,11469,10,177,3317
226093,246898,246.898,SENSOR,1,BATTERY,11470,10,191,3317
227038,247918,247.918,SENSOR,1,BATTERY,11471,10,163,3315
227983,248938,248.938,SENSOR,1,BATTERY,11468,10,149,3316
228929,249958,249.958,SENSOR,1,BATTERY,11467,10,195,3317
229874,250978,250.978,SENSOR,1,BATTERY,11470,10,156,3318
230401,251998,251.998,SENSOR,1,BATTERY,11472,10,179,3315
231178,253018,253.018,SENSOR,1,BATTERY,11470,10,171,3318
232126,254038,254.038,SENSOR,1,BATTERY,11471,10,173,3317
233072,255058,255.058,SENSOR,1,BATTERY,11469,10,189,3316
234017,256078,256.078,SENSOR,1,BATTERY,11469,10,163,3315
234963,257098,257.098,SENSOR,1,BATTERY,11471,10,159,3315
235908,258118,258.118,SENSOR,1,BATTERY,11469,10,158,3315
236853,259138,259.138,SENSOR,1,BATTERY,11471,10,191,3314
237799,260158,260.158,SENSOR,1,BATTERY,11471,11,158,3316
238744,261178,261.178,SENSOR,1,BATTERY,11472,11,185,3316
239690,262198,262.198,SENSOR,1,BATTERY,11472,11,188,3316
240635,263218,263.218,SENSOR,1,BATTERY,11472,11,159,3316
241580,264238,264.238,SENSOR,1,BATTERY,11475,11,185,3317
242526,265258,265.258,SENSOR,1,BATTERY,11473,11,178,3316
243471,266278,266.278,SENSOR,1,BATTERY,11470,11,178,3315
244417,267298,267.298,SENSOR,1,BATTERY,11473,11,176,3314
245362,268318,268.318,SENSOR,1,BATTERY,11473,11,170,3315
246307,269338,269.338,SENSOR,1,BATTERY,11471,11,151,3316
247253,270358,270.358,SENSOR,1,BATTERY,11472,11,152,3318
248198,271378,271.378,SENSOR,1,BATTERY,11476,11,156,3316
249144,272398,272.398,SENSOR,1,BATTERY,11474,11,160,3314
250089,273418,273.418,SENSOR,1,BATTERY,11474,11,187,3317
251034,274438,274.438,SENSOR,1,BATTERY,11470,11,187,3316
251980,275458,275.458,SENSOR,1,BATTERY,11472,11,194,3315
252925,276478,276.478,SENSOR,1,BATTERY,11470,11,156,3315
253871,277498,277.498,SENSOR,1,BATTERY,11475,11,195,3317
254816,278518,278.518,SENSOR,1,BATTERY,11473,11,151,3316
255764,279538,279.538,SENSOR,1,BATTERY,11476,11,172,3317
256710,280558,280.558,SENSOR,1,BATTERY,11474,11,176,3315
257655,281578,281.578,SENSOR,1,BATTERY,11473,12,171,3315
258601,282598,282.598,SENSOR,1,BATTERY,11475,12,182,3315
259546,283618,283.618,SENSOR,1,BATTERY,11472,12,160,3317
260491,284638,284.638,SENSOR,1,BATTERY,11472,12,194,3316
261437,285658,285.658,SENSOR,1,BATTERY,11475,12,164,3317
262382,286678,286.678,SENSOR,1,BATTERY,11470,12,196,3315
263328,287698,287.698,SENSOR,1,BATTERY,11477,12,159,3315
264273,288718,288.718,SENSOR,1,BATTERY,11471,12,185,3316
265218,289738,289.738,SENSOR,1,BATTERY,11475,12,197,3315
266164,290758,290.758,SENSOR,1,BATTERY,11472,12,178,3318
267109,291778,291.778,SENSOR,1,BATTERY,11474,12,163,3319
268055,292798,292.798,SENSOR,1,BATTERY,11473,12,166,3317
269000,293818,293.818,SENSOR,1,BATTERY,11474,12,167,3317
269945,294838,294.838,SENSOR,1,BATTERY,11475,12,188,3316
270891,295858,295.858,SENSOR,1,BATTERY,11475,12,196,3316
271836,296878,296.878,SENSOR,1,BATTERY,11474,12,174,3316
272782,297898,297.898,SENSOR,1,BATTERY,11474,12,184,3316
273727,298918,298.918,SENSOR,1,BATTERY,11474,12,201,3316
274672,299938,299.938,SENSOR,1,BATTERY,11478,12,196,3316
275618,300958,300.958,SENSOR,1,BATTERY,11474,12,173,3315
276563,301978,301.978,SENSOR,1,BATTERY,11476,13,206,3316
277509,302998,302.998,SENSOR,1,BATTERY,11475,13,157,3317
278454,304018,304.018,SENSOR,1,BATTERY,11475,13,174,3316
279402,305038,305.038,SENSOR,1,BATTERY,11473,13,187,3317
280348,306058,306.058,SENSOR,1,BATTERY,11476,13,191,3316
281293,307078,307.078,SENSOR,1,BATTERY,11475,13,170,3317
282239,308098,308.098,SENSOR,1,BATTERY,11477,13,150,3318
283184,309118,309.118,SENSOR,1,BATTERY,11476,13,157,3316
284129,310138,310.138,SENSOR,1,BATTERY,11477,13,177,3318
285075,311158,311.158,SENSOR,1,BATTERY,11474,13,180,3319
286020,312178,312.178,SENSOR,1,BATTERY,11476,13,160,3316
286966,313198,313.198,SENSOR,1,BATTERY,11476,13,167,3318
287911,314218,314.218,SENSOR,1,BATTERY,11476,13,187,3315
288866,315238,315.238,SENSOR,1,BATTERY,11478,13,177,3317
289802,316258,316.258,SENSOR,1,BATTERY,11475,13,163,3319
290747,317278,317.278,SENSOR,1,BATTERY,11475,13,145,3317
291693,318298,318.298,SENSOR,1,BATTERY,11477,13,185,3316
292638,319318,319.318,SENSOR,1,BATTERY,11475,13,189,3317
293583,320338,320.338,SENSOR,1,BATTERY,11476,13,196,3318
294529,321358,321.358,SENSOR,1,BATTERY,11477,13,201,3318
295474,322378,322.378,SENSOR,1,BATTERY,11479,14,174,3318
296420,323398,323.398,SENSOR,1,BATTERY,11477,14,199,3319
297365,324418,324.418,SENSOR,1,BATTERY,11480,14,210,3317
298310,325438,325.438,SENSOR,1,BATTERY,11479,14,180,3316
299256,326458,326.458,SENSOR,1,BATTERY,11479,14,144,3318
300201,327478,327.478,SENSOR,1,BATTERY,11477,14,164,3316
301147,328498,328.498,SENSOR,1,BATTERY,11475,14,178,3317
302092,329518,329.518,SENSOR,1,BATTERY,11478,14,172,3315
303049,330538,330.538,SENSOR,1,BATTERY,11476,14,184,3316
303399,331558,331.558,SENSOR,1,BATTERY,11478,14,169,3312
303976,332578,332.578,SENSOR,1,BATTERY,11476,14,163,3315
304922,333598,333.598,SENSOR,1,BATTERY,11477,14,170,3316
305867,334618,334.618,SENSOR,1,BATTERY,11478,14,171,3316
306812,335638,335.638,SENSOR,1,BATTERY,11478,14,160,3317
307758,336658,336.658,SENSOR,1,BATTERY,11477,14,194,3317
308703,337678,337.678,SENSOR,1,BATTERY,11475,14,163,3318
309649,338698,338.698,SENSOR,1,BATTERY,11476,14,162,3317
310594,339718,339.718,SENSOR,1,BATTERY,11475,14,167,3319
311539,340738,340.738,SENSOR,1,BATTERY,11478,14,164,3316
312485,341758,341.758,SENSOR,1,BATTERY,11475,14,182,3319
313430,342778,342.778,SENSOR,1,BATTERY,11478,14,159,3318
314376,343798,343.798,SENSOR,1,BATTERY,11477,15,164,3315
315321,344818,344.818,SENSOR,1,BATTERY,11479,15,188,3319
316266,345838,345.838,SENSOR,1,BATTERY,11478,15,174,3315
317212,346858,346.858,SENSOR,1,BATTERY,11477,15,177,3316
318243,347878,347.878,SENSOR,1,BATTERY,11476,15,190,3314
318244,348898,348.898,SENSOR,1,BATTERY,11474,15,194,3313
318263,349918,349.918,SENSOR,1,BATTERY,11474,15,181,3317
318265,350938,350.938,SENSOR,1,BATTERY,11475,15,153,3318
318330,351958,351.958,SENSOR,1,BATTERY,11476,15,176,3317
319275,352978,352.978,SENSOR,1,BATTERY,11474,15,203,3316
320221,353998,353.998,SENSOR,1,BATTERY,11473,15,186,3317
321166,355018,355.018,SENSOR,1,BATTERY,11473,15,174,3316
322123,356038,356.038,SENSOR,1,BATTERY,11470,15,173,3313
323060,357058,357.058,SENSOR,1,BATTERY,11473,15,176,3317
324005,358078,358.078,SENSOR,1,BATTERY,11474,15,176,3315
324951,359098,359.098,SENSOR,1,BATTERY,11470,15,200,3315
325924,360118,360.118,SENSOR,1,BATTERY,11464,15,172,3315
326851,361138,361.138,SENSOR,1,BATTERY,11469,15,142,3316
327787,362158,362.158,SENSOR,1,BATTERY,11462,15,152,3315
328732,363178,363.178,SENSOR,1,BATTERY,11463,15,128,3316
329678,364198,364.198,SENSOR,1,BATTERY,11459,15,158,3317
330623,365218,365.218,SENSOR,1,BATTERY,11457,16,185,3314
331568,366238,366.238,SENSOR,1,BATTERY,11455,16,183,3317
332514,367258,367.258,SENSOR,1,BATTERY,11453,16,169,3315
333459,368278,368.278,SENSOR,1,BATTERY,11452,16,166,3315
334405,369298,369.298,SENSOR,1,BATTERY,11457,16,187,3315
335350,370318,370.318,SENSOR,1,BATTERY,11452,16,209,3314
336295,371338,371.338,SENSOR,1,BATTERY,11453,16,185,3315
337241,372358,372.358,SENSOR,1,BATTERY,11449,16,173,3315
338186,373378,373.378,SENSOR,1,BATTERY,11452,16,186,3315
339132,374398,374.398,SENSOR,1,BATTERY,11451,16,206,3321
340077,375418,375.418,SENSOR,1,BATTERY,11450,16,176,3318
341022,376438,376.438,SENSOR,1,BATTERY,11448,16,176,3318
341968,377458,377.458,SENSOR,1,BATTERY,11448,16,173,3316
342913,378478,378.478,SENSOR,1,BATTERY,11446,16,185,3316
343859,379498,379.498,SENSOR,1,BATTERY,11450,16,138,3320
344804,380518,380.518,SENSOR,1,BATTERY,11444,16,182,3315
345752,381538,381.538,SENSOR,1,BATTERY,11443,16,197,3316
346698,382558,382.558,SENSOR,1,BATTERY,11442,16,176,3316
347643,383578,383.578,SENSOR,1,BATTERY,11441,16,176,3316
348589,384598,384.598,SENSOR,1,BATTERY,11436,16,210,3315
349534,385618,385.618,SENSOR,1,BATTERY,11438,17,170,3314
350479,386638,386.638,SENSOR,1,BATTERY,11437,17,155,3315
351425,387658,387.658,SENSOR,1,BATTERY,11436,17,168,3316
352370,388678,388.678,SENSOR,1,BATTERY,11433,17,166,3314
353316,389698,389.698,SENSOR,1,BATTERY,11433,17,176,3316
354261,390718,390.718,SENSOR,1,BATTERY,11430,17,164,3315
355206,391738,391.738,SENSOR,1,BATTERY,11430,17,189,3317
356152,392758,392.758,SENSOR,1,BATTERY,11428,17,174,3316
357097,393778,393.778,SENSOR,1,BATTERY,11425,17,185,3313
358043,394798,394.798,SENSOR,1,BATTERY,11423,17,189,3317
358988,395818,395.818,SENSOR,1,BATTERY,11422,17,158,3313
359933,396838,396.838,SENSOR,1,BATTERY,11423,17,171,3314
360879,397858,397.858,SENSOR,1,BATTERY,11423,17,181,3314
361824,398878,398.878,SENSOR,1,BATTERY,11421,17,181,3314
362770,399898,399.898,SENSOR,1,BATTERY,11421,17,186,3314
363715,400918,400.918,SENSOR,1,BATTERY,11419,17,187,3316
364660,401938,401.938,SENSOR,1,BATTERY,11418,17,164,3315
365606,402958,402.958,SENSOR,1,BATTERY,11415,17,176,3315
366551,403978,403.978,SENSOR,1,BATTERY,11416,17,171,3313
367497,404998,404.998,SENSOR,1,BATTERY,11414,17,184,3315
368442,406018,406.018,SENSOR,1,BATTERY,11414,18,172,3314
369390,407038,407.038,SENSOR,1,BATTERY,11413,18,176,3317
370336,408058,408.058,SENSOR,1,BATTERY,11411,18,154,3316
371281,409078,409.078,SENSOR,1,BATTERY,11413,18,165,3317
372227,410098,410.098,SENSOR,1,BATTERY,11412,18,208,3318
373172,411118,411.118,SENSOR,1,BATTERY,11412,18,163,3316
374117,412138,412.138,SENSOR,1,BATTERY,11410,18,169,3316
375063,413158,413.158,SENSOR,1,BATTERY,11411,18,165,3316
376008,414178,414.178,SENSOR,1,BATTERY,11412,18,193,3315
376954,415198,415.198,SENSOR,1,BATTERY,11412,18,166,3315
377899,416218,416.218,SENSOR,1,BATTERY,11412,18,178,3316
378844,417238,417.238,SENSOR,1,BATTERY,11410,18,161,3316
379790,418258,418.258,SENSOR,1,BATTERY,11412,18,167,3315
380735,419278,419.278,SENSOR,1,BATTERY,11408,18,169,3316
381681,420298,420.298,SENSOR,1,BATTERY,11408,18,187,3315
382626,421318,421.318,SENSOR,1,BATTERY,11407,18,177,3316
383571,422338,422.338,SENSOR,1,BATTERY,11408,18,187,3314
384526,423358,423.358,SENSOR,1,BATTERY,11405,18,168,3317
385462,424378,424.378,SENSOR,1,BATTERY,11406,18,168,3315
386408,425398,425.398,SENSOR,1,BATTERY,11407,18,194,3313
387353,426418,426.418,SENSOR,1,BATTERY,11409,18,186,3313
388298,427438,427.438,SENSOR,1,BATTERY,11409,19,168,3318
389244,428458,428.458,SENSOR,1,BATTERY,11410,19,182,3314
390189,429478,429.478,SENSOR,1,BATTERY,11407,19,198,3314
391135,430498,430.498,SENSOR,1,BATTERY,11408,19,192,3317
392080,431518,431.518,SENSOR,1,BATTERY,11406,19,171,3314
393028,432538,432.538,SENSOR,1,BATTERY,11406,19,176,3314
393974,433558,433.558,SENSOR,1,BATTERY,11405,19,204,3315
394919,434578,434.578,SENSOR,1,BATTERY,11405,19,191,3315
395865,435598,435.598,SENSOR,1,BATTERY,11400,19,168,3317
396810,436618,436.618,SENSOR,1,BATTERY,11401,19,162,3315
397755,437638,437.638,SENSOR,1,BATTERY,11400,19,187,3316
398701,438658,438.658,SENSOR,1,BATTERY,11402,19,172,3316
399646,439678,439.678,SENSOR,1,BATTERY,11399,19,162,3316
400592,440698,440.698,SENSOR,1,BATTERY,11401,19,182,3318
401555,441718,441.718,SENSOR,1,BATTERY,11401,19,151,3316
402482,442738,442.738,SENSOR,1,BATTERY,11401,19,179,3314
403428,443758,443.758,SENSOR,1,BATTERY,11395,19,197,3314
404373,444778,444.778,SENSOR,1,BATTERY,11398,19,186,3315
405319,445798,445.798,SENSOR,1,BATTERY,11394,19,174,3315
406264,446818,446.818,SENSOR,1,BATTERY,11396,19,195,3313
407209,447838,447.838,SENSOR,1,BATTERY,11398,20,192,3315
408155,448858,448.858,SENSOR,1,BATTERY,11393,20,175,3315
409100,449878,449.878,SENSOR,1,BATTERY,11388,20,190,3315
410046,450898,450.898,SENSOR,1,BATTERY,11387,20,175,3313
410991,451918,451.918,SENSOR,1,BATTERY,11387,20,176,3315
411936,452938,452.938,SENSOR,1,BATTERY,11388,20,133,3313
412882,453958,453.958,SENSOR,1,BATTERY,11383,20,176,3312
413827,454978,454.978,SENSOR,1,BATTERY,11381,20,181,3312
414773,455998,455.998,SENSOR,1,BATTERY,11376,20,145,3313
415718,457018,457.018,SENSOR,1,BATTERY,11376,20,163,3314
416666,458038,458.038,SENSOR,1,BATTERY,11375,20,175,3316
417612,459058,459.058,SENSOR,1,BATTERY,11374,20,168,3315
418557,460078,460.078,SENSOR,1,BATTERY,11367,20,159,3313
419503,461098,461.098,SENSOR,1,BATTERY,11368,20,172,3312
420448,462118,462.118,SENSOR,1,BATTERY,11368,20,172,3313
421393,463138,463.138,SENSOR,1,BATTERY,11365,20,165,3313
422339,464158,464.158,SENSOR,1,BATTERY,11363,20,166,3314
423284,465178,465.178,SENSOR,1,BATTERY,11361,20,194,3312
424230,466198,466.198,SENSOR,1,BATTERY,11361,20,181,3311
425175,467218,467.218,SENSOR,1,BATTERY,11364,20,177,3311
426121,468238,468.238,SENSOR,1,BATTERY,11359,21,180,3311
427066,469258,469.258,SENSOR,1,BATTERY,11362,21,166,3310
428011,470278,470.278,SENSOR,1,BATTERY,11358,21,192,3310
428957,471298,471.298,SENSOR,1,BATTERY,11355,21,170,3311
429902,472318,472.318,SENSOR,1,BATTERY,11355,21,175,3312
430847,473338,473.338,SENSOR,1,BATTERY,11355,21,168,3311
431793,474358,474.358,SENSOR,1,BATTERY,11354,21,182,3312
432738,475378,475.378,SENSOR,1,BATTERY,11352,21,179,3313
433684,476398,476.398,SENSOR,1,BATTERY,11349,21,165,3311
434629,477418,477.418,SENSOR,1,BATTERY,11355,21,165,3311
435574,478438,478.438,SENSOR,1,BATTERY,11351,21,154,3313
436520,479458,479.458,SENSOR,1,BATTERY,11353,21,180,3312
437465,480478,480.478,SENSOR,1,BATTERY,11352,21,169,3313
438411,481498,481.498,SENSOR,1,BATTERY,11345,21,170,3309
439356,482518,482.518,SENSOR,1,BATTERY,11345,21,158,3313
440304,483538,483.538,SENSOR,1,BATTERY,11349,21,154,3312
441250,484558,484.558,SENSOR,1,BATTERY,11347,21,164,3312
442195,485578,485.578,SENSOR,1,BATTERY,11343,21,179,3310
443141,486598,486.598,SENSOR,1,BATTERY,11342,21,186,3311
444086,487618,487.618,SENSOR,1,BATTERY,11346,21,181,3311
445031,488638,488.638,SENSOR,1,BATTERY,11346,21,164,3311
445977,489658,489.658,SENSOR,1,BATTERY,11347,21,153,3310
446922,490678,490.678,SENSOR,1,BATTERY,11347,22,176,3311
447868,491698,491.698,SENSOR,1,BATTERY,11345,22,160,3310
448813,492718,492.718,SENSOR,1,BATTERY,11347,22,177,3310
449758,493738,493.738,SENSOR,1,BATTERY,11347,22,188,3311
450704,494758,494.758,SENSOR,1,BATTERY,11348,22,179,3312
451649,495778,495.778,SENSOR,1,BATTERY,11347,22,155,3312
452595,496798,496.798,SENSOR,1,BATTERY,11342,22,160,3313
453540,497818,497.818,SENSOR,1,BATTERY,11347,22,175,3312
454485,498838,498.838,SENSOR,1,BATTERY,11346,22,175,3312
455431,499858,499.858,SENSOR,1,BATTERY,11349,22,162,3311
456376,500878,500.878,SENSOR,1,BATTERY,11345,22,191,3312
457322,501898,501.898,SENSOR,1,BATTERY,11344,22,168,3312
458267,502918,502.918,SENSOR,1,BATTERY,11344,22,158,3312
459212,503938,503.938,SENSOR,1,BATTERY,11346,22,184,3311
460158,504958,504.958,SENSOR,1,BATTERY,11346,22,160,3312
461103,505978,505.978,SENSOR,1,BATTERY,11347,22,171,3312
462049,506998,506.998,SENSOR,1,BATTERY,11339,22,171,3314
462994,508018,508.018,SENSOR,1,BATTERY,11344,22,175,3311
463942,509038,509.038,SENSOR,1,BATTERY,11341,22,181,3313
464888,510058,510.058,SENSOR,1,BATTERY,11340,22,163,3311
465833,511078,511.078,SENSOR,1,BATTERY,11342,22,165,3313
466779,512098,512.098,SENSOR,1,BATTERY,11343,23,188,3312
467724,513118,513.118,SENSOR,1,BATTERY,11340,23,195,3311
468669,514138,514.138,SENSOR,1,BATTERY,11341,23,171,3313
469615,515158,515.158,SENSOR,1,BATTERY,11340,23,169,3312
470560,516178,516.178,SENSOR,1,BATTERY,11339,23,167,3311
471506,517198,517.198,SENSOR,1,BATTERY,11337,23,195,3313
472469,518218,518.218,SENSOR,1,BATTERY,11339,23,153,3313
473396,519238,519.238,SENSOR,1,BATTERY,11336,23,184,3310
474342,520258,520.258,SENSOR,1,BATTERY,11338,23,158,3311
475287,521278,521.278,SENSOR,1,BATTERY,11339,23,169,3311
476233,522298,522.298,SENSOR,1,BATTERY,11336,23,178,3309
477178,523318,523.318,SENSOR,1,BATTERY,11338,23,159,3312
478123,524338,524.338,SENSOR,1,BATTERY,11334,23,153,3311
479069,525358,525.358,SENSOR,1,BATTERY,11334,23,172,3314
480014,526378,526.378,SENSOR,1,BATTERY,11333,23,182,3311
480960,527398,527.398,SENSOR,1,BATTERY,11333,23,188,3312
481905,528418,528.418,SENSOR,1,BATTERY,11335,23,173,3312
482850,529438,529.438,SENSOR,1,BATTERY,11334,23,170,3311
483796,530458,530.458,SENSOR,1,BATTERY,11336,23,160,3312
484741,531478,531.478,SENSOR,1,BATTERY,11335,23,211,3311
485687,532498,532.498,SENSOR,1,BATTERY,11334,24,171,3310
486632,533518,533.518,SENSOR,1,BATTERY,11335,24,177,3311
487580,534538,534.538,SENSOR,1,BATTERY,11333,24,202,3311
488526,535558,535.558,SENSOR,1,BATTERY,11334,24,180,3312
489471,536578,536.578,SENSOR,1,BATTERY,11334,24,167,3312
490417,537598,537.598,SENSOR,1,BATTERY,11329,24,185,3313
491362,538618,538.618,SENSOR,1,BATTERY,11334,24,186,3311
492307,539638,539.638,SENSOR,1,BATTERY,11331,24,183,3311
493253,540658,540.658,SENSOR,1,BATTERY,11333,24,182,3311
494198,541678,541.678,SENSOR,1,BATTERY,11334,24,175,3313
495144,542698,542.698,SENSOR,1,BATTERY,11332,24,178,3312
496089,543718,543.718,SENSOR,1,BATTERY,11332,24,176,3312
497034,544738,544.738,SENSOR,1,BATTERY,11332,24,153,3311
497980,545758,545.758,SENSOR,1,BATTERY,11332,24,151,3312
498925,546778,546.778,SENSOR,1,BATTERY,11332,24,148,3313
499871,547798,547.798,SENSOR,1,BATTERY,11329,24,140,3310
500816,548818,548.818,SENSOR,1,BATTERY,11328,24,161,3312
501762,549838,549.838,SENSOR,1,BATTERY,11332,24,189,3312
502707,550858,550.858,SENSOR,1,BATTERY,11331,24,169,3312
503652,551878,551.878,SENSOR,1,BATTERY,11332,24,198,3313
504598,552898,552.898,SENSOR,1,BATTERY,11330,24,145,3314
505543,553918,553.918,SENSOR,1,BATTERY,11332,25,171,3313
506488,554938,554.938,SENSOR,1,BATTERY,11328,25,160,3311
507434,555958,555.958,SENSOR,1,BATTERY,11331,25,171,3313
508379,556978,556.978,SENSOR,1,BATTERY,11330,25,174,3311
509325,557998,557.998,SENSOR,1,BATTERY,11328,25,176,3313
510270,559018,559.018,SENSOR,1,BATTERY,11326,25,163,3311
511218,560038,560.038,SENSOR,1,BATTERY,11324,25,194,3312
512164,561058,561.058,SENSOR,1,BATTERY,11330,25,184,3311
513109,562078,562.078,SENSOR,1,BATTERY,11330,25,198,3313
514064,563098,563.098,SENSOR,1,BATTERY,11328,25,184,3312
515000,564118,564.118,SENSOR,1,BATTERY,11330,25,171,3314
515945,565138,565.138,SENSOR,1,BATTERY,11331,25,175,3313
516891,566158,566.158,SENSOR,1,BATTERY,11332,25,189,3312
517836,567178,567.178,SENSOR,1,BATTERY,11333,25,169,3313
518782,568198,568.198,SENSOR,1,BATTERY,11329,25,171,3310
519727,569218,569.218,SENSOR,1,BATTERY,11334,25,171,3311
520672,570238,570.238,SENSOR,1,BATTERY,11329,25,173,3310
521618,571258,571.258,SENSOR,1,BATTERY,11331,25,189,3312
522563,572278,572.278,SENSOR,1,BATTERY,11331,25,182,3313
523509,573298,573.298,SENSOR,1,BATTERY,11332,25,180,3311
524454,574318,574.318,SENSOR,1,BATTERY,11332,26,157,3311
525409,575338,575.338,SENSOR,1,BATTERY,11331,26,168,3312
526345,576358,576.358,SENSOR,1,BATTERY,11331,26,156,3312
527290,577378,577.378,SENSOR,1,BATTERY,11331,26,159,3312
528236,578398,578.398,SENSOR,1,BATTERY,11329,26,144,3310
529181,579418,579.418,SENSOR,1,BATTERY,11332,26,180,3312
530126,580438,580.438,SENSOR,1,BATTERY,11328,26,149,3315
531072,581458,581.458,SENSOR,1,BATTERY,11333,26,187,3310
532017,582478,582.478,SENSOR,1,BATTERY,11333,26,169,3314
532963,583498,583.498,SENSOR,1,BATTERY,11330,26,168,3312
533908,584518,584.518,SENSOR,1,BATTERY,11331,26,189,3314
534865,585538,585.538,SENSOR,1,BATTERY,11333,26,158,3312
535802,586558,586.558,SENSOR,1,BATTERY,11330,26,199,3313
536747,587578,587.578,SENSOR,1,BATTERY,11333,26,189,3315
537693,588598,588.598,SENSOR,1,BATTERY,11329,26,198,3313
538638,589618,589.618,SENSOR,1,BATTERY,11331,26,186,3314
539583,590638,590.638,SENSOR,1,BATTERY,11331,26,184,3314
540529,591658,591.658,SENSOR,1,BATTERY,11330,26,176,3315
541474,592678,592.678,SENSOR,1,BATTERY,11331,26,160,3312
542420,593698,593.698,SENSOR,1,BATTERY,11327,26,153,3313
543365,594718,594.718,SENSOR,1,BATTERY,11332,26,174,3313
544310,595738,595.738,SENSOR,1,BATTERY,11332,27,156,3311
545256,596758,596.758,SENSOR,1,BATTERY,11330,27,146,3313
546201,597778,597.778,SENSOR,1,BATTERY,11332,27,151,3311
547147,598798,598.798,SENSOR,1,BATTERY,11331,27,167,3313
548092,599818,599.818,SENSOR,1,BATTERY,11327,27,163,3312
549037,600838,600.838,SENSOR,1,BATTERY,11330,27,183,3312
549983,601858,601.858,SENSOR,1,BATTERY,11329,27,141,3312
550928,602878,602.878,SENSOR,1,BATTERY,11328,27,141,3313
551874,603898,603.898,SENSOR,1,BATTERY,11327,27,144,3311
552819,604918,604.918,SENSOR,1,BATTERY,11330,27,160,3311
553774,605938,605.938,SENSOR,1,BATTERY,11328,27,160,3312
554710,606958,606.958,SENSOR,1,BATTERY,11327,27,150,3312
555664,607978,607.978,SENSOR,1,BATTERY,11330,27,154,3314
556601,608998,608.998,SENSOR,1,BATTERY,11327,27,163,3312
557546,610018,610.018,SENSOR,1,BATTERY,11329,27,178,3313
558503,611038,611.038,SENSOR,1,BATTERY,11328,27,159,3314
559440,612058,612.058,SENSOR,1,BATTERY,11328,27,148,3312
560385,613078,613.078,SENSOR,1,BATTERY,11329,27,164,3311
561331,614098,614.098,SENSOR,1,BATTERY,11328,27,162,3311
562276,615118,615.118,SENSOR,1,BATTERY,11326,27,189,3311
563221,616138,616.138,SENSOR,1,BATTERY,11327,27,153,3313
564167,617158,617.158,SENSOR,1,BATTERY,11331,27,161,3313
565112,618178,618.178,SENSOR,1,BATTERY,11327,27,165,3313
566058,619198,619.198,SENSOR,1,BATTERY,11329,28,141,3315
567003,620218,620.218,SENSOR,1,BATTERY,11327,28,189,3312
567948,621238,621.238,SENSOR,1,BATTERY,11328,28,168,3314
568894,622258,622.258,SENSOR,1,BATTERY,11330,28,137,3314
569839,623278,623.278,SENSOR,1,BATTERY,11326,28,187,3310
570785,624298,624.298,SENSOR,1,BATTERY,11328,28,155,3312
571730,625318,625.318,SENSOR,1,BATTERY,11330,28,159,3312
572676,626338,626.338,SENSOR,1,BATTERY,11332,28,174,3311
573621,627358,627.358,SENSOR,1,BATTERY,11330,28,153,3315
574566,628378,628.378,SENSOR,1,BATTERY,11329,28,174,3312
575512,629398,629.398,SENSOR,1,BATTERY,11329,28,159,3314
576457,630418,630.418,SENSOR,1,BATTERY,11329,28,167,3314
577402,631438,631.438,SENSOR,1,BATTERY,11329,28,207,3314
578348,632458,632.458,SENSOR,1,BATTERY,11330,28,137,3313
579293,633478,633.478,SENSOR,1,BATTERY,11328,28,179,3311
580239,634498,634.498,SENSOR,1,BATTERY,11329,28,155,3312
581184,635518,635.518,SENSOR,1,BATTERY,11329,28,176,3311
582132,636538,636.538,SENSOR,1,BATTERY,11326,28,167,3313
583078,637558,637.558,SENSOR,1,BATTERY,11330,28,186,3313
584023,638578,638.578,SENSOR,1,BATTERY,11329,28,170,3311
584969,639598,639.598,SENSOR,1,BATTERY,11330,28,166,3315
585914,640618,640.618,SENSOR,1,BATTERY,11329,29,193,3313
586859,641638,641.638,SENSOR,1,BATTERY,11326,29,155,3315
587805,642658,642.658,SENSOR,1,BATTERY,11329,29,177,3312
588750,643678,643.678,SENSOR,1,BATTERY,11328,29,177,3312
589696,644698,644.698,SENSOR,1,BATTERY,11326,29,195,3311
590641,645718,645.718,SENSOR,1,BATTERY,11327,29,155,3314
591586,646738,646.738,SENSOR,1,BATTERY,11327,29,175,3314
592532,647758,647.758,SENSOR,1,BATTERY,11327,29,171,3311
593477,648778,648.778,SENSOR,1,BATTERY,11326,29,132,3312
594423,649798,649.798,SENSOR,1,BATTERY,11327,29,163,3314
595368,650818,650.818,SENSOR,1,BATTERY,11327,29,191,3313
596313,651838,651.838,SENSOR,1,BATTERY,11327,29,164,3311
597259,652858,652.858,SENSOR,1,BATTERY,11325,29,195,3311
598204,653878,653.878,SENSOR,1,BATTERY,11326,29,193,3313
599150,654898,654.898,SENSOR,1,BATTERY,11327,29,157,3310
600095,655918,655.918,SENSOR,1,BATTERY,11327,29,141,3315
601040,656938,656.938,SENSOR,1,BATTERY,11327,29,163,3314
601986,657958,657.958,SENSOR,1,BATTERY,11326,29,186,3311
602931,658978,658.978,SENSOR,1,BATTERY,11323,29,162,3311
603877,659998,659.998,SENSOR,1,BATTERY,11325,29,162,3311
604822,661018,661.018,SENSOR,1,BATTERY,11326,29,176,3313
605779,662038,662.038,SENSOR,1,BATTERY,11325,30,170,3313
606716,663058,663.058,SENSOR,1,BATTERY,11329,30,199,3313
607661,664078,664.078,SENSOR,1,BATTERY,11326,30,193,3311
608607,665098,665.098,SENSOR,1,BATTERY,11326,30,171,3310
609552,666118,666.118,SENSOR,1,BATTERY,11327,30,153,3315
610497,667138,667.138,SENSOR,1,BATTERY,11327,30,163,3313
611443,668158,668.158,SENSOR,1,BATTERY,11329,30,160,3314
612388,669178,669.178,SENSOR,1,BATTERY,11327,30,151,3314
613334,670198,670.198,SENSOR,1,BATTERY,11327,30,139,3312
614297,671218,671.218,SENSOR,1,BATTERY,11323,30,157,3314
615224,672238,672.238,SENSOR,1,BATTERY,11321,30,166,3311
616170,673258,673.258,SENSOR,1,BATTERY,11325,30,161,3312
617115,674278,674.278,SENSOR,1,BATTERY,11324,30,169,3313
618061,675298,675.298,SENSOR,1,BATTERY,11323,30,173,3311
619006,676318,676.318,SENSOR,1,BATTERY,11323,30,180,3313
619961,677338,677.338,SENSOR,1,BATTERY,11319,30,162,3311
620897,678358,678.358,SENSOR,1,BATTERY,11321,30,160,3311
621842,679378,679.378,SENSOR,1,BATTERY,11320,30,144,3312
622788,680398,680.398,SENSOR,1,BATTERY,11322,30,158,3311
623733,681418,681.418,SENSOR,1,BATTERY,11321,30,159,3312
624678,682438,682.438,SENSOR,1,BATTERY,11321,30,178,3313
625624,683458,683.458,SENSOR,1,BATTERY,11323,30,175,3311
626569,684478,684.478,SENSOR,1,BATTERY,11320,31,149,3312
627515,685498,685.498,SENSOR,1,BATTERY,11321,31,172,3313
628460,686518,686.518,SENSOR,1,BATTERY,11322,31,157,3313
629408,687538,687.538,SENSOR,1,BATTERY,11320,31,154,3313
630354,688558,688.558,SENSOR,1,BATTERY,11321,31,177,3313
631299,689578,689.578,SENSOR,1,BATTERY,11321,31,174,3313
632245,690598,690.598,SENSOR,1,BATTERY,11320,31,173,3311
633190,691618,691.618,SENSOR,1,BATTERY,11321,31,162,3313
634135,692638,692.638,SENSOR,1,BATTERY,11322,31,169,3312
635081,693658,693.658,SENSOR,1,BATTERY,11322,31,197,3310
636026,694678,694.678,SENSOR,1,BATTERY,11319,31,187,3314
636972,695698,695.698,SENSOR,1,BATTERY,11318,31,156,3312
637917,696718,696.718,SENSOR,1,BATTERY,11320,31,200,3312
638862,697738,697.738,SENSOR,1,BATTERY,11317,31,157,3311
639808,698758,698.758,SENSOR,1,BATTERY,11320,31,165,3314
640753,699778,699.778,SENSOR,1,BATTERY,11318,31,153,3310
641699,700798,700.798,SENSOR,1,BATTERY,11320,31,165,3311
642644,701818,701.818,SENSOR,1,BATTERY,11318,31,172,3313
643589,702838,702.838,SENSOR,1,BATTERY,11321,31,157,3312
644535,703858,703.858,SENSOR,1,BATTERY,11321,31,177,3313
645480,704878,704.878,SENSOR,1,BATTERY,11317,31,170,3312
646426,705898,705.898,SENSOR,1,BATTERY,11314,32,207,3313
647371,706918,706.918,SENSOR,1,BATTERY,11320,32,169,3311
648326,707938,707.938,SENSOR,1,BATTERY,11315,32,163,3310
648685,708958,708.958,SENSOR,1,BATTERY,11316,32,178,3310
649630,709978,709.978,SENSOR,1,BATTERY,11316,32,149,3311
650576,710998,710.998,SENSOR,1,BATTERY,11318,32,184,3311
651521,712018,712.018,SENSOR,1,BATTERY,11320,32,164,3314
652469,713038,713.038,SENSOR,1,BATTERY,11318,32,169,3311
653415,714058,714.058,SENSOR,1,BATTERY,11317,32,160,3311
654360,715078,715.078,SENSOR,1,BATTERY,11319,32,182,3312
655306,716098,716.098,SENSOR,1,BATTERY,11317,32,133,3310
656251,717118,717.118,SENSOR,1,BATTERY,11317,32,173,3312
657196,718138,718.138,SENSOR,1,BATTERY,11319,32,153,3312
658142,719158,719.158,SENSOR,1,BATTERY,11319,32,175,3312
659087,720178,720.178,SENSOR,1,BATTERY,11315,32,181,3309
660033,721198,721.198,SENSOR,1,BATTERY,11315,32,173,3309
660978,722218,722.218,SENSOR,1,BATTERY,11313,32,169,3310
661923,723238,723.238,SENSOR,1,BATTERY,11314,32,180,3312
662869,724258,724.258,SENSOR,1,BATTERY,11314,32,174,3312
663814,725278,725.278,SENSOR,1,BATTERY,11315,32,147,3310
664760,726298,726.298,SENSOR,1,BATTERY,11312,32,168,3310
665705,727318,727.318,SENSOR,1,BATTERY,11309,33,211,3311
666650,728338,728.338,SENSOR,1,BATTERY,11305,33,206,3308
667596,729358,729.358,SENSOR,1,BATTERY,11310,33,166,3309
668541,730378,730.378,SENSOR,1,BATTERY,11307,33,179,3309
669487,731398,731.398,SENSOR,1,BATTERY,11309,33,165,3310
670432,732418,732.418,SENSOR,1,BATTERY,11307,33,146,3311
671377,733438,733.438,SENSOR,1,BATTERY,11307,33,146,3310
672323,734458,734.458,SENSOR,1,BATTERY,11305,33,182,3309
673268,735478,735.478,SENSOR,1,BATTERY,11304,33,155,3309
674214,736498,736.498,SENSOR,1,BATTERY,11305,33,186,3310
675159,737518,737.518,SENSOR,1,BATTERY,11303,33,175,3312
676107,738538,738.538,SENSOR,1,BATTERY,11304,33,172,3311
677148,739558,739.558,SENSOR,1,BATTERY,11306,33,183,3310
677872,740578,740.578,SENSOR,1,BATTERY,11305,33,168,3309
678818,741598,741.598,SENSOR,1,BATTERY,11304,33,175,3310
679763,742618,742.618,SENSOR,1,BATTERY,11307,33,161,3310
680708,743638,743.638,SENSOR,1,BATTERY,11305,33,159,3310
681654,744658,744.658,SENSOR,1,BATTERY,11304,33,152,3309
682599,745678,745.678,SENSOR,1,BATTERY,11306,33,193,3312
683545,746698,746.698,SENSOR,1,BATTERY,11305,33,174,3312
684490,747718,747.718,SENSOR,1,BATTERY,11305,33,177,3310
685435,748738,748.738,SENSOR,1,BATTERY,11302,34,181,3309
686381,749758,749.758,SENSOR,1,BATTERY,11307,34,185,3308
687326,750778,750.778,SENSOR,1,BATTERY,11303,34,166,3309
688272,751798,751.798,SENSOR,1,BATTERY,11303,34,153,3311
689217,752818,752.818,SENSOR,1,BATTERY,11303,34,159,3311
690162,753838,753.838,SENSOR,1,BATTERY,11304,34,185,3310
691108,754858,754.858,SENSOR,1,BATTERY,11303,34,178,3312
691831,755878,755.878,SENSOR,1,BATTERY,11304,34,172,3311
691850,756898,756.898,SENSOR,1,BATTERY,11305,34,174,3308
691851,757918,757.918,SENSOR,1,BATTERY,11304,34,188,3306
691916,758938,758.938,SENSOR,1,BATTERY,11306,34,159,3311
692862,759958,759.958,SENSOR,1,BATTERY,11308,34,160,3313
693807,760978,760.978,SENSOR,1,BATTERY,11305,34,158,3311
694753,761998,761.998,SENSOR,1,BATTERY,11306,34,195,3311
695698,763018,763.018,SENSOR,1,BATTERY,11304,34,142,3310
696646,764038,764.038,SENSOR,1,BATTERY,11303,34,175,3309
697592,765058,765.058,SENSOR,1,BATTERY,11304,34,155,3310
698537,766078,766.078,SENSOR,1,BATTERY,11301,34,170,3310
699483,767098,767.098,SENSOR,1,BATTERY,11300,34,152,3309
700428,768118,768.118,SENSOR,1,BATTERY,11299,34,172,3310
701373,769138,769.138,SENSOR,1,BATTERY,11297,34,183,3309
702319,770158,770.158,SENSOR,1,BATTERY,11302,35,159,3313
703264,771178,771.178,SENSOR,1,BATTERY,11299,35,155,3312
704210,772198,772.198,SENSOR,1,BATTERY,11299,35,183,3307
705173,773218,773.218,SENSOR,1,BATTERY,11297,35,168,3309
706100,774238,774.238,SENSOR,1,BATTERY,11297,35,182,3309
707046,775258,775.258,SENSOR,1,BATTERY,11295,35,172,3307
707991,776278,776.278,SENSOR,1,BATTERY,11299,35,175,3312
708937,777298,777.298,SENSOR,1,BATTERY,11293,35,185,3311
709882,778318,778.318,SENSOR,1,BATTERY,11294,35,168,3309
710827,779338,779.338,SENSOR,1,BATTERY,11293,35,164,3309
711773,780358,780.358,SENSOR,1,BATTERY,11295,35,175,3310
712718,781378,781.378,SENSOR,1,BATTERY,11293,35,151,3311
713664,782398,782.398,SENSOR,1,BATTERY,11292,35,178,3311
714609,783418,783.418,SENSOR,1,BATTERY,11291,35,179,3310
715554,784438,784.438,SENSOR,1,BATTERY,11292,35,183,3311
716500,785458,785.458,SENSOR,1,BATTERY,11290,35,147,3309
717445,786478,786.478,SENSOR,1,BATTERY,11292,35,175,3311
718391,787498,787.498,SENSOR,1,BATTERY,11291,35,184,3309
719336,788518,788.518,SENSOR,1,BATTERY,11289,35,187,3311
720284,789538,789.538,SENSOR,1,BATTERY,11290,35,181,3311
721230,790558,790.558,SENSOR,1,BATTERY,11289,35,181,3307
722175,791578,791.578,SENSOR,1,BATTERY,11288,36,158,3308
723121,792598,792.598,SENSOR,1,BATTERY,11293,36,173,3310
724066,793618,793.618,SENSOR,1,BATTERY,11289,36,168,3309
725011,794638,794.638,SENSOR,1,BATTERY,11290,36,140,3309
725957,795658,795.658,SENSOR,1,BATTERY,11290,36,134,3313
726902,796678,796.678,SENSOR,1,BATTERY,11287,36,168,3307
727848,797698,797.698,SENSOR,1,BATTERY,11288,36,131,3308
728793,798718,798.718,SENSOR,1,BATTERY,11286,36,149,3310
729738,799738,799.738,SENSOR,1,BATTERY,11287,36,113,3308
730684,800758,800.758,SENSOR,1,BATTERY,11288,36,183,3308
731629,801778,801.778,SENSOR,1,BATTERY,11288,36,168,3309
732575,802798,802.798,SENSOR,1,BATTERY,11287,36,173,3311
733520,803818,803.818,SENSOR,1,BATTERY,11288,36,159,3308
734475,804838,804.838,SENSOR,1,BATTERY,11289,36,166,3309
735411,805858,805.858,SENSOR,1,BATTERY,11288,36,150,3310
736356,806878,806.878,SENSOR,1,BATTERY,11289,36,169,3308
737302,807898,807.898,SENSOR,1,BATTERY,11287,36,138,3309
738247,808918,808.918,SENSOR,1,BATTERY,11289,36,175,3311
739192,809938,809.938,SENSOR,1,BATTERY,11285,36,150,3311
740138,810958,810.958,SENSOR,1,BATTERY,11289,36,166,3308
741083,811978,811.978,SENSOR,1,BATTERY,11288,36,161,3310
742029,812998,812.998,SENSOR,1,BATTERY,11291,36,148,3310
742974,814018,814.018,SENSOR,1,BATTERY,11287,36,160,3310
743922,815038,815.038,SENSOR,1,BATTERY,11289,37,147,3310
744868,816058,816.058,SENSOR,1,BATTERY,11289,37,160,3310
745813,817078,817.078,SENSOR,1,BATTERY,11290,37,144,3310
746759,818098,818.098,SENSOR,1,BATTERY,11287,37,187,3311
747704,819118,819.118,SENSOR,1,BATTERY,11290,37,142,3311
748649,820138,820.138,SENSOR,1,BATTERY,11284,37,142,3310
749595,821158,821.158,SENSOR,1,BATTERY,11290,37,142,3311
750540,822178,822.178,SENSOR,1,BATTERY,11288,37,189,3310
751486,823198,823.198,SENSOR,1,BATTERY,11288,37,157,3307
752431,824218,824.218,SENSOR,1,BATTERY,11287,37,183,3310
753376,825238,825.238,SENSOR,1,BATTERY,11291,37,169,3310
754322,826258,826.258,SENSOR,1,BATTERY,11288,37,159,3309
755267,827278,827.278,SENSOR,1,BATTERY,11292,37,133,3309
756213,828298,828.298,SENSOR,1,BATTERY,11289,37,148,3309
757158,829318,829.318,SENSOR,1,BATTERY,11289,37,143,3309
758103,830338,830.338,SENSOR,1,BATTERY,11289,37,171,3309
759049,831358,831.358,SENSOR,1,BATTERY,11289,37,150,3308
759994,832378,832.378,SENSOR,1,BATTERY,11286,37,144,3311
760940,833398,833.398,SENSOR,1,BATTERY,11292,37,160,3312
761885,834418,834.418,SENSOR,1,BATTERY,11289,37,138,3310
762830,835438,835.438,SENSOR,1,BATTERY,11292,37,160,3307
763776,836458,836.458,SENSOR,1,BATTERY,11292,37,150,3313
764721,837478,837.478,SENSOR,1,BATTERY,11287,37,139,3310
765667,838498,838.498,SENSOR,1,BATTERY,11288,38,188,3310
766612,839518,839.518,SENSOR,1,BATTERY,11291,38,140,3313
767560,840538,840.538,SENSOR,1,BATTERY,11290,38,136,3310
768506,841558,841.558,SENSOR,1,BATTERY,11293,38,162,3311
769451,842578,842.578,SENSOR,1,BATTERY,11285,38,157,3311
770397,843598,843.598,SENSOR,1,BATTERY,11293,38,133,3310
771342,844618,844.618,SENSOR,1,BATTERY,11289,38,138,3313
772287,845638,845.638,SENSOR,1,BATTERY,11292,38,160,3313
773233,846658,846.658,SENSOR,1,BATTERY,11287,38,167,3308
774178,847678,847.678,SENSOR,1,BATTERY,11292,38,147,3307
775124,848698,848.698,SENSOR,1,BATTERY,11289,38,155,3310
776069,849718,849.718,SENSOR,1,BATTERY,11292,38,197,3314
777014,850738,850.738,SENSOR,1,BATTERY,11291,38,155,3312
777960,851758,851.758,SENSOR,1,BATTERY,11291,38,143,3311
778905,852778,852.778,SENSOR,1,BATTERY,11290,38,162,3311
779851,853798,853.798,SENSOR,1,BATTERY,11291,38,165,3310
780796,854818,854.818,SENSOR,1,BATTERY,11287,38,119,3309
781741,855838,855.838,SENSOR,1,BATTERY,11288,38,152,3309
782687,856858,856.858,SENSOR,1,BATTERY,11284,38,131,3309
783632,857878,857.878,SENSOR,1,BATTERY,11288,38,157,3308
784578,858898,858.898,SENSOR,1,BATTERY,11288,38,172,3309
785523,859918,859.918,SENSOR,1,BATTERY,11290,38,144,3310
786478,860938,860.938,SENSOR,1,BATTERY,11286,38,133,3309
787414,861958,861.958,SENSOR,1,BATTERY,11286,38,154,3309
788359,862978,862.978,SENSOR,1,BATTERY,11286,39,126,3310
789305,863998,863.998,SENSOR,1,BATTERY,11286,39,160,3311
790250,865018,865.018,SENSOR,1,BATTERY,11286,39,139,3310
791198,866038,866.038,SENSOR,1,BATTERY,11285,39,139,3311
792144,867058,867.058,SENSOR,1,BATTERY,11287,39,143,3309
793089,868078,868.078,SENSOR,1,BATTERY,11287,39,148,3309
794035,869098,869.098,SENSOR,1,BATTERY,11286,39,156,3309
794980,870118,870.118,SENSOR,1,BATTERY,11286,39,156,3310
795925,871138,871.138,SENSOR,1,BATTERY,11285,39,117,3311
796871,872158,872.158,SENSOR,1,BATTERY,11283,39,160,3311
797816,873178,873.178,SENSOR,1,BATTERY,11282,39,126,3310
798762,874198,874.198,SENSOR,1,BATTERY,11284,39,135,3310
799707,875218,875.218,SENSOR,1,BATTERY,11282,39,149,3311
800652,876238,876.238,SENSOR,1,BATTERY,11285,39,164,3310
801598,877258,877.258,SENSOR,1,BATTERY,11282,39,147,3309
802543,878278,878.278,SENSOR,1,BATTERY,11282,39,163,3308
803489,879298,879.298,SENSOR,1,BATTERY,11280,39,148,3310
804434,880318,880.318,SENSOR,1,BATTERY,11280,39,124,3310
805389,881338,881.338,SENSOR,1,BATTERY,11277,39,131,3309
806325,882358,882.358,SENSOR,1,BATTERY,11281,39,120,3310
807270,883378,883.378,SENSOR,1,BATTERY,11275,39,148,3310
808216,884398,884.398,SENSOR,1,BATTERY,11277,39,170,3309
809161,885418,885.418,SENSOR,1,BATTERY,11276,39,128,3311
810106,886438,886.438,SENSOR,1,BATTERY,11281,39,155,3310
811052,887458,887.458,SENSOR,1,BATTERY,11279,39,156,3309
811997,888478,888.478,SENSOR,1,BATTERY,11279,40,134,3309
812943,889498,889.498,SENSOR,1,BATTERY,11279,40,140,3310
813888,890518,890.518,SENSOR,1,BATTERY,11283,40,155,3309
814836,891538,891.538,SENSOR,1,BATTERY,11281,40,142,3310
815782,892558,892.558,SENSOR,1,BATTERY,11282,40,136,3311
816727,893578,893.578,SENSOR,1,BATTERY,11279,40,149,3309
817673,894598,894.598,SENSOR,1,BATTERY,11283,40,136,3309
818618,895618,895.618,SENSOR,1,BATTERY,11281,40,169,3310
819563,896638,896.638,SENSOR,1,BATTERY,11285,40,149,3310
820509,897658,897.658,SENSOR,1,BATTERY,11284,40,163,3310
821454,898678,898.678,SENSOR,1,BATTERY,11283,40,155,3309
822400,899698,899.698,SENSOR,1,BATTERY,11280,40,151,3310
823345,900718,900.718,SENSOR,1,BATTERY,11282,40,142,3310
824290,901738,901.738,SENSOR,1,BATTERY,11282,40,143,3311
825236,902758,902.758,SENSOR,1,BATTERY,11285,40,125,3312
826181,903778,903.778,SENSOR,1,BATTERY,11281,40,154,3310
827127,904798,904.798,SENSOR,1,BATTERY,11281,40,129,3309
828072,905818,905.818,SENSOR,1,BATTERY,11278,40,139,3311
829017,906838,906.838,SENSOR,1,BATTERY,11285,40,136,3309
829963,907858,907.858,SENSOR,1,BATTERY,11281,40,143,3309
830908,908878,908.878,SENSOR,1,BATTERY,11284,40,127,3310
831854,909898,909.898,SENSOR,1,BATTERY,11280,40,147,3310
832799,910918,910.918,SENSOR,1,BATTERY,11282,40,163,3309
833744,911938,911.938,SENSOR,1,BATTERY,11279,40,148,3309
834690,912958,912.958,SENSOR,1,BATTERY,11282,41,142,3310
835635,913978,913.978,SENSOR,1,BATTERY,11280,41,146,3311
836581,914998,914.998,SENSOR,1,BATTERY,11284,41,163,3311
837526,916018,916.018,SENSOR,1,BATTERY,11282,41,146,3310
838474,917038,917.038,SENSOR,1,BATTERY,11287,41,136,3309
839420,918058,918.058,SENSOR,1,BATTERY,11283,41,157,3311
840365,919078,919.078,SENSOR,1,BATTERY,11285,41,161,3309
841311,920098,920.098,SENSOR,1,BATTERY,11283,41,142,3311
842256,921118,921.118,SENSOR,1,BATTERY,11283,41,139,3310
843201,922138,922.138,SENSOR,1,BATTERY,11284,41,143,3310
844147,923158,923.158,SENSOR,1,BATTERY,11283,41,140,3311
845092,924178,924.178,SENSOR,1,BATTERY,11282,41,161,3309
846038,925198,925.198,SENSOR,1,BATTERY,11277,41,143,3308
847001,926218,926.218,SENSOR,1,BATTERY,11276,41,138,3311
847928,927238,927.238,SENSOR,1,BATTERY,11282,41,165,3310
848874,928258,928.258,SENSOR,1,BATTERY,11280,41,122,3310
849819,929278,929.278,SENSOR,1,BATTERY,11282,41,165,3309
850765,930298,930.298,SENSOR,1,BATTERY,11282,41,154,3312
851710,931318,931.318,SENSOR,1,BATTERY,11283,41,128,3310
852655,932338,932.338,SENSOR,1,BATTERY,11278,41,139,3310
853601,933358,933.358,SENSOR,1,BATTERY,11283,41,132,3310
854546,934378,934.378,SENSOR,1,BATTERY,11281,41,151,3310
855492,935398,935.398,SENSOR,1,BATTERY,11282,41,160,3309
856437,936418,936.418,SENSOR,1,BATTERY,11281,41,117,3313
857382,937438,937.438,SENSOR,1,BATTERY,11285,41,146,3310
858328,938458,938.458,SENSOR,1,BATTERY,11283,42,156,3310
859273,939478,939.478,SENSOR,1,BATTERY,11284,42,151,3310
860219,940498,940.498,SENSOR,1,BATTERY,11284,42,165,3311
861164,941518,941.518,SENSOR,1,BATTERY,11284,42,141,3312
862112,942538,942.538,SENSOR,1,BATTERY,11284,42,152,3311
863058,943558,943.558,SENSOR,1,BATTERY,11285,42,128,3311
864003,944578,944.578,SENSOR,1,BATTERY,11284,42,151,3310
864949,945598,945.598,SENSOR,1,BATTERY,11285,42,161,3310
865894,946618,946.618,SENSOR,1,BATTERY,11287,42,117,3311
866839,947638,947.638,SENSOR,1,BATTERY,11283,42,144,3310
867785,948658,948.658,SENSOR,1,BATTERY,11286,42,137,3310
868730,949678,949.678,SENSOR,1,BATTERY,11286,42,141,3311
869676,950698,950.698,SENSOR,1,BATTERY,11283,42,161,3310
870621,951718,951.718,SENSOR,1,BATTERY,11286,42,149,3311
871566,952738,952.738,SENSOR,1,BATTERY,11284,42,146,3311
872512,953758,953.758,SENSOR,1,BATTERY,11285,42,133,3310
873457,954778,954.778,SENSOR,1,BATTERY,11285,42,110,3312
874403,955798,955.798,SENSOR,1,BATTERY,11287,42,155,3310
875348,956818,956.818,SENSOR,1,BATTERY,11284,42,123,3311
876303,957838,957.838,SENSOR,1,BATTERY,11286,42,153,3310
877239,958858,958.858,SENSOR,1,BATTERY,11285,42,132,3311
878184,959878,959.878,SENSOR,1,BATTERY,11283,42,122,3309
879130,960898,960.898,SENSOR,1,BATTERY,11282,42,135,3311
880075,961918,961.918,SENSOR,1,BATTERY,11284,42,116,3312
881020,962938,962.938,SENSOR,1,BATTERY,11284,42,129,3309
881966,963958,963.958,SENSOR,1,BATTERY,11285,42,159,3307
882911,964978,964.978,SENSOR,1,BATTERY,11284,43,148,3311
883857,965998,965.998,SENSOR,1,BATTERY,11284,43,156,3312
884802,967018,967.018,SENSOR,1,BATTERY,11283,43,154,3312
885750,968038,968.038,SENSOR,1,BATTERY,11287,43,158,3310
886696,969058,969.058,SENSOR,1,BATTERY,11284,43,139,3311
887641,970078,970.078,SENSOR,1,BATTERY,11287,43,154,3308
888587,971098,971.098,SENSOR,1,BATTERY,11285,43,163,3311
889532,972118,972.118,SENSOR,1,BATTERY,11285,43,142,3311
890477,973138,973.138,SENSOR,1,BATTERY,11286,43,123,3310
891423,974158,974.158,SENSOR,1,BATTERY,11286,43,171,3311
892368,975178,975.178,SENSOR,1,BATTERY,11288,43,149,3311
893314,976198,976.198,SENSOR,1,BATTERY,11286,43,157,3310
894259,977218,977.218,SENSOR,1,BATTERY,11285,43,137,3312
895204,978238,978.238,SENSOR,1,BATTERY,11285,43,149,3312
896150,979258,979.258,SENSOR,1,BATTERY,11283,43,178,3312
897095,980278,980.278,SENSOR,1,BATTERY,11286,43,145,3310
898041,981298,981.298,SENSOR,1,BATTERY,11286,43,148,3311
898986,982318,982.318,SENSOR,1,BATTERY,11286,43,122,3313
899931,983338,983.338,SENSOR,1,BATTERY,11288,43,148,3311
900877,984358,984.358,SENSOR,1,BATTERY,11287,43,145,3312
901822,985378,985.378,SENSOR,1,BATTERY,11288,43,148,3312
902768,986398,986.398,SENSOR,1,BATTERY,11288,43,139,3310
903713,987418,987.418,SENSOR,1,BATTERY,11287,43,157,3312
904658,988438,988.438,SENSOR,1,BATTERY,11288,43,133,3312
905604,989458,989.458,SENSOR,1,BATTERY,11284,44,145,3312
906549,990478,990.478,SENSOR,1,BATTERY,11283,44,124,3311
907495,991498,991.498,SENSOR,1,BATTERY,11285,44,149,3311
908440,992518,992.518,SENSOR,1,BATTERY,11288,44,141,3310
909388,993538,993.538,SENSOR,1,BATTERY,11287,44,134,3312
910334,994558,994.558,SENSOR,1,BATTERY,11288,44,142,3311
911279,995578,995.578,SENSOR,1,BATTERY,11288,44,157,3312
912225,996598,996.598,SENSOR,1,BATTERY,11286,44,135,3311
913170,997618,997.618,SENSOR,1,BATTERY,11282,44,121,3309
914115,998638,998.638,SENSOR,1,BATTERY,11286,44,149,3313
915061,999658,999.658,SENSOR,1,BATTERY,11282,44,139,3310
916006,1000678,1000.678,SENSOR,1,BATTERY,11282,44,137,3311
916952,1001698,1001.698,SENSOR,1,BATTERY,11280,44,136,3311
917897,1002718,1002.718,SENSOR,1,BATTERY,11281,44,160,3311
918842,1003738,1003.738,SENSOR,1,BATTERY,11280,44,157,3310
919788,1004758,1004.758,SENSOR,1,BATTERY,11279,44,146,3312
920733,1005778,1005.778,SENSOR,1,BATTERY,11282,44,135,3311
921679,1006798,1006.798,SENSOR,1,BATTERY,11280,44,116,3311
922642,1007818,1007.818,SENSOR,1,BATTERY,11281,44,141,3311
923569,1008838,1008.838,SENSOR,1,BATTERY,11282,44,120,3311
924515,1009858,1009.858,SENSOR,1,BATTERY,11284,44,118,3311
925460,1010878,1010.878,SENSOR,1,BATTERY,11282,44,151,3311
926406,1011898,1011.898,SENSOR,1,BATTERY,11285,44,139,3309
927351,1012918,1012.918,SENSOR,1,BATTERY,11282,44,147,3310
928296,1013938,1013.938,SENSOR,1,BATTERY,11282,44,126,3310
929242,1014958,1014.958,SENSOR,1,BATTERY,11283,44,115,3312
930187,1015978,1015.978,SENSOR,1,BATTERY,11281,45,147,3311
931133,1016998,1016.998,SENSOR,1,BATTERY,11282,45,155,3311
932078,1018018,1018.018,SENSOR,1,BATTERY,11280,45,140,3313
933026,1019038,1019.038,SENSOR,1,BATTERY,11281,45,112,3310
933972,1020058,1020.058,SENSOR,1,BATTERY,11281,45,141,3311
934917,1021078,1021.078,SENSOR,1,BATTERY,11283,45,133,3310
935863,1022098,1022.098,SENSOR,1,BATTERY,11280,45,147,3310
936808,1023118,1023.118,SENSOR,1,BATTERY,11278,45,147,3311
937753,1024138,1024.138,SENSOR,1,BATTERY,11282,45,129,3310
938699,1025158,1025.158,SENSOR,1,BATTERY,11281,45,128,3312
939644,1026178,1026.178,SENSOR,1,BATTERY,11278,45,123,3310
940590,1027198,1027.198,SENSOR,1,BATTERY,11277,45,146,3312
941535,1028218,1028.218,SENSOR,1,BATTERY,11279,45,156,3312
942480,1029238,1029.238,SENSOR,1,BATTERY,11280,45,126,3310
943426,1030258,1030.258,SENSOR,1,BATTERY,11279,45,140,3313
944371,1031278,1031.278,SENSOR,1,BATTERY,11282,45,122,3310
945317,1032298,1032.298,SENSOR,1,BATTERY,11282,45,146,3311
946262,1033318,1033.318,SENSOR,1,BATTERY,11283,45,121,3309
947207,1034338,1034.338,SENSOR,1,BATTERY,11281,45,156,3312
948153,1035358,1035.358,SENSOR,1,BATTERY,11283,45,136,3309
949098,1036378,1036.378,SENSOR,1,BATTERY,11284,45,134,3312
949976,1037398,1037.398,SENSOR,1,BATTERY,11280,45,147,3311
950921,1038418,1038.418,SENSOR,1,BATTERY,11281,45,134,3312
951866,1039438,1039.438,SENSOR,1,BATTERY,11279,45,148,3311
952812,1040458,1040.458,SENSOR,1,BATTERY,11276,45,142,3311
953757,1041478,1041.478,SENSOR,1,BATTERY,11279,45,138,3312
954703,1042498,1042.498,SENSOR,1,BATTERY,11278,46,160,3311
955669,1043518,1043.518,SENSOR,1,BATTERY,11280,46,122,3311
956596,1044538,1044.538,SENSOR,1,BATTERY,11281,46,130,3312
957542,1045558,1045.558,SENSOR,1,BATTERY,11281,46,108,3313
958487,1046578,1046.578,SENSOR,1,BATTERY,11281,46,145,3310
959433,1047598,1047.598,SENSOR,1,BATTERY,11280,46,141,3311
960378,1048618,1048.618,SENSOR,1,BATTERY,11281,46,158,3310
961323,1049638,1049.638,SENSOR,1,BATTERY,11282,46,120,3311
962269,1050658,1050.658,SENSOR,1,BATTERY,11283,46,149,3312
963214,1051678,1051.678,SENSOR,1,BATTERY,11279,46,131,3310
964032,1052698,1052.698,SENSOR,1,BATTERY,11281,46,157,3311
964432,1053718,1053.718,SENSOR,1,BATTERY,11282,46,111,3311
965387,1054738,1054.738,SENSOR,1,BATTERY,11282,46,165,3312
966323,1055758,1055.758,SENSOR,1,BATTERY,11282,46,162,3311
967268,1056778,1056.778,SENSOR,1,BATTERY,11282,46,134,3312
968214,1057798,1057.798,SENSOR,1,BATTERY,11284,46,157,3311
969159,1058818,1058.818,SENSOR,1,BATTERY,11282,46,114,3312
970104,1059838,1059.838,SENSOR,1,BATTERY,11285,46,137,3312
971050,1060858,1060.858,SENSOR,1,BATTERY,11283,46,157,3312
971995,1061878,1061.878,SENSOR,1,BATTERY,11282,46,123,3311
972941,1062898,1062.898,SENSOR,1,BATTERY,11283,46,160,3312
973886,1063918,1063.918,SENSOR,1,BATTERY,11282,46,117,3312
974831,1064938,1064.938,SENSOR,1,BATTERY,11284,46,143,3312
975777,1065958,1065.958,SENSOR,1,BATTERY,11280,46,108,3311
976722,1066978,1066.978,SENSOR,1,BATTERY,11283,46,133,3312
977668,1067998,1067.998,SENSOR,1,BATTERY,11280,46,135,3311
978613,1069018,1069.018,SENSOR,1,BATTERY,11281,47,125,3311
979561,1070038,1070.038,SENSOR,1,BATTERY,11282,47,139,3310
980507,1071058,1071.058,SENSOR,1,BATTERY,11283,47,145,3312
981452,1072078,1072.078,SENSOR,1,BATTERY,11283,47,138,3314
982398,1073098,1073.098,SENSOR,1,BATTERY,11285,47,164,3311
983343,1074118,1074.118,SENSOR,1,BATTERY,11279,47,138,3311
984288,1075138,1075.138,SENSOR,1,BATTERY,11278,47,122,3310
985234,1076158,1076.158,SENSOR,1,BATTERY,11276,47,139,3310
986179,1077178,1077.178,SENSOR,1,BATTERY,11282,47,125,3310
987125,1078198,1078.198,SENSOR,1,BATTERY,11278,47,123,3310
988070,1079218,1079.218,SENSOR,1,BATTERY,11283,47,143,3309
989015,1080238,1080.238,SENSOR,1,BATTERY,11282,47,137,3311
989961,1081258,1081.258,SENSOR,1,BATTERY,11282,47,145,3310
990906,1082278,1082.278,SENSOR,1,BATTERY,11284,47,122,3311
991759,1083298,1083.298,SENSOR,1,BATTERY,11281,47,117,3310
992416,1084318,1084.318,SENSOR,1,BATTERY,11282,47,134,3310
993361,1085338,1085.338,SENSOR,1,BATTERY,11282,47,112,3311
994307,1086358,1086.358,SENSOR,1,BATTERY,11278,47,170,3311
995252,1087378,1087.378,SENSOR,1,BATTERY,11284,47,121,3313
996198,1088398,1088.398,SENSOR,1,BATTERY,11281,47,126,3310
997143,1089418,1089.418,SENSOR,1,BATTERY,11282,47,143,3311
998088,1090438,1090.438,SENSOR,1,BATTERY,11281,47,126,3313
999034,1091458,1091.458,SENSOR,1,BATTERY,11282,47,138,3312
999979,1092478,1092.478,SENSOR,1,BATTERY,11281,47,125,3312
1000925,1093498,1093.498,SENSOR,1,BATTERY,11283,47,117,3310
1001870,1094518,1094.518,SENSOR,1,BATTERY,11281,47,97,3310
1002818,1095538,1095.538,SENSOR,1,BATTERY,11287,47,115,3310
1003764,1096558,1096.558,SENSOR,1,BATTERY,11283,48,121,3311
1004709,1097578,1097.578,SENSOR,1,BATTERY,11286,48,118,3311
1005655,1098598,1098.598,SENSOR,1,BATTERY,11283,48,107,3311
1006600,1099618,1099.618,SENSOR,1,BATTERY,11285,48,127,3312
1007545,1100638,1100.638,SENSOR,1,BATTERY,11285,48,112,3310
1008491,1101658,1101.658,SENSOR,1,BATTERY,11286,48,123,3310
1009436,1102678,1102.678,SENSOR,1,BATTERY,11285,48,149,3312
1010382,1103698,1103.698,SENSOR,1,BATTERY,11285,48,129,3312
1011327,1104718,1104.718,SENSOR,1,BATTERY,11281,48,114,3310
1012282,1105738,1105.738,SENSOR,1,BATTERY,11285,48,91,3311
1013218,1106758,1106.758,SENSOR,1,BATTERY,11285,48,120,3313
1014163,1107778,1107.778,SENSOR,1,BATTERY,11289,48,123,3313
1015109,1108798,1108.798,SENSOR,1,BATTERY,11286,48,135,3311
1016054,1109818,1109.818,SENSOR,1,BATTERY,11287,48,119,3310
1016999,1110838,1110.838,SENSOR,1,BATTERY,11284,48,127,3312
1017945,1111858,1111.858,SENSOR,1,BATTERY,11284,48,108,3312
1018890,1112878,1112.878,SENSOR,1,BATTERY,11287,48,138,3312
1019836,1113898,1113.898,SENSOR,1,BATTERY,11287,48,135,3313
1020781,1114918,1114.918,SENSOR,1,BATTERY,11286,48,135,3311
1021726,1115938,1115.938,SENSOR,1,BATTERY,11285,48,116,3312
1022672,1116958,1116.958,SENSOR,1,BATTERY,11284,48,118,3310
1023617,1117978,1117.978,SENSOR,1,BATTERY,11285,48,112,3311
1024563,1118998,1118.998,SENSOR,1,BATTERY,11285,48,131,3311
1025508,1120018,1120.018,SENSOR,1,BATTERY,11286,48,138,3311
1026456,1121038,1121.038,SENSOR,1,BATTERY,11285,48,145,3311
1027402,1122058,1122.058,SENSOR,1,BATTERY,11282,48,151,3311
1028347,1123078,1123.078,SENSOR,1,BATTERY,11286,48,123,3311
1029293,1124098,1124.098,SENSOR,1,BATTERY,11283,48,138,3311
1030238,1125118,1125.118,SENSOR,1,BATTERY,11285,48,118,3310
1031183,1126138,1126.138,SENSOR,1,BATTERY,11284,49,106,3313
1032129,1127158,1127.158,SENSOR,1,BATTERY,11283,49,114,3312
1033502,1128178,1128.178,SENSOR,1,BATTERY,11287,49,139,3310
1033503,1129198,1129.198,SENSOR,1,BATTERY,11286,49,161,3309
1033513,1130218,1130.218,SENSOR,1,BATTERY,11285,49,130,3310
1033514,1131238,1131.238,SENSOR,1,BATTERY,11286,49,127,3312
1033524,1132258,1132.258,SENSOR,1,BATTERY,11288,49,143,3312
1034322,1133278,1133.278,SENSOR,1,BATTERY,11285,49,149,3310
1035268,1134298,1134.298,SENSOR,1,BATTERY,11286,49,130,3313
1036213,1135318,1135.318,SENSOR,1,BATTERY,11284,49,152,3312
1037158,1136338,1136.338,SENSOR,1,BATTERY,11284,49,177,3311
1038104,1137358,1137.358,SENSOR,1,BATTERY,11282,49,144,3312
1039049,1138378,1138.378,SENSOR,1,BATTERY,11285,49,145,3311
1039995,1139398,1139.398,SENSOR,1,BATTERY,11281,49,139,3310
1040940,1140418,1140.418,SENSOR,1,BATTERY,11285,49,155,3312
1041885,1141438,1141.438,SENSOR,1,BATTERY,11285,49,154,3312
1042831,1142458,1142.458,SENSOR,1,BATTERY,11283,49,167,3311
1043776,1143478,1143.478,SENSOR,1,BATTERY,11284,49,144,3312
1044722,1144498,1144.498,SENSOR,1,BATTERY,11281,49,129,3314
1045667,1145518,1145.518,SENSOR,1,BATTERY,11283,49,161,3312
1046615,1146538,1146.538,SENSOR,1,BATTERY,11285,49,125,3311
1047561,1147558,1147.558,SENSOR,1,BATTERY,11282,49,113,3309
1048506,1148578,1148.578,SENSOR,1,BATTERY,11288,49,133,3311
1049452,1149598,1149.598,SENSOR,1,BATTERY,11284,49,152,3312
1050397,1150618,1150.618,SENSOR,1,BATTERY,11285,49,147,3310
1051342,1151638,1151.638,SENSOR,1,BATTERY,11285,50,147,3311
1052288,1152658,1152.658,SENSOR,1,BATTERY,11283,50,150,3311
1053233,1153678,1153.678,SENSOR,1,BATTERY,11287,50,161,3312
1054179,1154698,1154.698,SENSOR,1,BATTERY,11286,50,145,3306
1055124,1155718,1155.718,SENSOR,1,BATTERY,11283,50,178,3310
1056069,1156738,1156.738,SENSOR,1,BATTERY,11285,50,151,3310
1057015,1157758,1157.758,SENSOR,1,BATTERY,11284,50,156,3310
1057960,1158778,1158.778,SENSOR,1,BATTERY,11288,50,159,3310
1058906,1159798,1159.798,SENSOR,1,BATTERY,11284,50,159,3309
1059851,1160818,1160.818,SENSOR,1,BATTERY,11288,50,166,3309
1060796,1161838,1161.838,SENSOR,1,BATTERY,11285,50,130,3313
1061742,1162858,1162.858,SENSOR,1,BATTERY,11287,50,136,3311
1062687,1163878,1163.878,SENSOR,1,BATTERY,11287,50,144,3311
1063633,1164898,1164.898,SENSOR,1,BATTERY,11286,50,149,3311
1064606,1165918,1165.918,SENSOR,1,BATTERY,11286,50,153,3312
1065523,1166938,1166.938,SENSOR,1,BATTERY,11287,50,134,3312
1066469,1167958,1167.958,SENSOR,1,BATTERY,11286,50,157,3310
1067414,1168978,1168.978,SENSOR,1,BATTERY,11288,50,177,3311
1068360,1169998,1169.998,SENSOR,1,BATTERY,11285,50,143,3311
1069305,1171018,1171.018,SENSOR,1,BATTERY,11292,50,137,3312
1070253,1172038,1172.038,SENSOR,1,BATTERY,11287,50,160,3311
1071199,1173058,1173.058,SENSOR,1,BATTERY,11291,50,173,3310
1072144,1174078,1174.078,SENSOR,1,BATTERY,11287,50,151,3311
1073090,1175098,1175.098,SENSOR,1,BATTERY,11290,50,166,3312
1074035,1176118,1176.118,SENSOR,1,BATTERY,11288,51,155,3309
1074980,1177138,1177.138,SENSOR,1,BATTERY,11290,51,132,3312
1075926,1178158,1178.158,SENSOR,1,BATTERY,11284,51,154,3312
1076880,1179178,1179.178,SENSOR,1,BATTERY,11287,51,161,3311
1077817,1180198,1180.198,SENSOR,1,BATTERY,11289,51,130,3313
1078762,1181218,1181.218,SENSOR,1,BATTERY,11288,51,148,3311
1079707,1182238,1182.238,SENSOR,1,BATTERY,11288,51,130,3309
1080653,1183258,1183.258,SENSOR,1,BATTERY,11290,51,148,3312
1081598,1184278,1184.278,SENSOR,1,BATTERY,11287,51,140,3311
1082544,1185298,1185.298,SENSOR,1,BATTERY,11288,51,129,3312
1083489,1186318,1186.318,SENSOR,1,BATTERY,11289,51,136,3312
1084434,1187338,1187.338,SENSOR,1,BATTERY,11289,51,138,3311
1085380,1188358,1188.358,SENSOR,1,BATTERY,11287,51,148,3312
1086325,1189378,1189.378,SENSOR,1,BATTERY,11290,51,149,3310
1087271,1190398,1190.398,SENSOR,1,BATTERY,11286,51,134,3312
1088216,1191418,1191.418,SENSOR,1,BATTERY,11289,51,171,3311
1089161,1192438,1192.438,SENSOR,1,BATTERY,11288,51,162,3309
1090107,1193458,1193.458,SENSOR,1,BATTERY,11290,51,127,3311
1091052,1194478,1194.478,SENSOR,1,BATTERY,11287,51,161,3311
1091998,1195498,1195.498,SENSOR,1,BATTERY,11288,51,150,3310
1092943,1196518,1196.518,SENSOR,1,BATTERY,11291,51,141,3312
1093900,1197538,1197.538,SENSOR,1,BATTERY,11290,51,166,3313
1094837,1198558,1198.558,SENSOR,1,BATTERY,11291,51,174,3313
1095782,1199578,1199.578,SENSOR,1,BATTERY,11290,51,195,3311
1096728,1200598,1200.598,SENSOR,1,BATTERY,11290,52,148,3313
1097673,1201618,1201.618,SENSOR,1,BATTERY,11291,52,149,3312
1098618,1202638,1202.638,SENSOR,1,BATTERY,11290,52,172,3311
1099564,1203658,1203.658,SENSOR,1,BATTERY,11293,52,173,3310
1100509,1204678,1204.678,SENSOR,1,BATTERY,11290,52,167,3313
1101455,1205698,1205.698,SENSOR,1,BATTERY,11291,52,187,3311
1102400,1206718,1206.718,SENSOR,1,BATTERY,11290,52,176,3312
1103345,1207738,1207.738,SENSOR,1,BATTERY,11290,52,166,3312
1104291,1208758,1208.758,SENSOR,1,BATTERY,11288,52,155,3312
1105236,1209778,1209.778,SENSOR,1,BATTERY,11289,52,180,3311
1106182,1210798,1210.798,SENSOR,1,BATTERY,11287,52,175,3311
1107127,1211818,1211.818,SENSOR,1,BATTERY,11291,52,153,3310
1108072,1212838,1212.838,SENSOR,1,BATTERY,11288,52,188,3313
1109018,1213858,1213.858,SENSOR,1,BATTERY,11290,52,170,3311
1109963,1214878,1214.878,SENSOR,1,BATTERY,11291,52,168,3309
1110909,1215898,1215.898,SENSOR,1,BATTERY,11291,52,164,3313
1111854,1216918,1216.918,SENSOR,1,BATTERY,11290,52,158,3311
1112799,1217938,1217.938,SENSOR,1,BATTERY,11290,52,183,3312
1113745,1218958,1218.958,SENSOR,1,BATTERY,11291,52,150,3309
1114690,1219978,1219.978,SENSOR,1,BATTERY,11293,52,176,3312
1115636,1220998,1220.998,SENSOR,1,BATTERY,11288,52,164,3311
1116581,1222018,1222.018,SENSOR,1,BATTERY,11290,53,151,3310
1117529,1223038,1223.038,SENSOR,1,BATTERY,11287,53,162,3312
1118475,1224058,1224.058,SENSOR,1,BATTERY,11291,53,183,3311
1119420,1225078,1225.078,SENSOR,1,BATTERY,11290,53,157,3312
1120366,1226098,1226.098,SENSOR,1,BATTERY,11293,53,148,3311
1121311,1227118,1227.118,SENSOR,1,BATTERY,11291,53,160,3311
1122256,1228138,1228.138,SENSOR,1,BATTERY,11289,53,193,3312
1123211,1229158,1229.158,SENSOR,1,BATTERY,11289,53,175,3314
1124147,1230178,1230.178,SENSOR,1,BATTERY,11289,53,163,3311
1125093,1231198,1231.198,SENSOR,1,BATTERY,11287,53,168,3311
1126038,1232218,1232.218,SENSOR,1,BATTERY,11292,53,138,3311
1126983,1233238,1233.238,SENSOR,1,BATTERY,11289,53,168,3312
1127929,1234258,1234.258,SENSOR,1,BATTERY,11291,53,177,3311
1128874,1235278,1235.278,SENSOR,1,BATTERY,11287,53,146,3311
1129820,1236298,1236.298,SENSOR,1,BATTERY,11291,53,176,3311
1130765,1237318,1237.318,SENSOR,1,BATTERY,11289,53,187,3311
1131710,1238338,1238.338,SENSOR,1,BATTERY,11288,53,170,3311
1132656,1239358,1239.358,SENSOR,1,BATTERY,11287,53,137,3312
1133601,1240378,1240.378,SENSOR,1,BATTERY,11288,53,169,3310
1134547,1241398,1241.398,SENSOR,1,BATTERY,11285,53,166,3312
1135520,1242418,1242.418,SENSOR,1,BATTERY,11288,53,161,3309
1136437,1243438,1243.438,SENSOR,1,BATTERY,11287,53,174,3311
1137383,1244458,1244.458,SENSOR,1,BATTERY,11290,54,164,3310
1138328,1245478,1245.478,SENSOR,1,BATTERY,11286,54,162,3311
1139274,1246498,1246.498,SENSOR,1,BATTERY,11288,54,181,3311
1140219,1247518,1247.518,SENSOR,1,BATTERY,11288,54,179,3311
1141167,1248538,1248.538,SENSOR,1,BATTERY,11290,54,163,3309
1142113,1249558,1249.558,SENSOR,1,BATTERY,11284,54,175,3312
1143058,1250578,1250.578,SENSOR,1,BATTERY,11288,54,180,3311
1144004,1251598,1251.598,SENSOR,1,BATTERY,11284,54,129,3313
1144949,1252618,1252.618,SENSOR,1,BATTERY,11288,54,175,3311
1145894,1253638,1253.638,SENSOR,1,BATTERY,11285,54,160,3311
1146840,1254658,1254.658,SENSOR,1,BATTERY,11286,54,177,3312
1147785,1255678,1255.678,SENSOR,1,BATTERY,11286,54,212,3310
1148731,1256698,1256.698,SENSOR,1,BATTERY,11287,54,177,3312
1149676,1257718,1257.718,SENSOR,1,BATTERY,11284,54,168,3310
1150621,1258738,1258.738,SENSOR,1,BATTERY,11287,54,170,3310
1151567,1259758,1259.758,SENSOR,1,BATTERY,11284,54,175,3311
1152512,1260778,1260.778,SENSOR,1,BATTERY,11287,54,171,3312
1153458,1261798,1261.798,SENSOR,1,BATTERY,11283,54,177,3312
1154403,1262818,1262.818,SENSOR,1,BATTERY,11284,54,171,3311
1155348,1263838,1263.838,SENSOR,1,BATTERY,11283,54,159,3311
1156294,1264858,1264.858,SENSOR,1,BATTERY,11283,54,189,3310
1157239,1265878,1265.878,SENSOR,1,BATTERY,11283,55,169,3312
1158185,1266898,1266.898,SENSOR,1,BATTERY,11285,55,174,3313
1159130,1267918,1267.918,SENSOR,1,BATTERY,11283,55,133,3310
1160075,1268938,1268.938,SENSOR,1,BATTERY,11283,55,180,3311
1161021,1269958,1269.958,SENSOR,1,BATTERY,11283,55,159,3311
1161966,1270978,1270.978,SENSOR,1,BATTERY,11282,55,138,3312
1162912,1271998,1271.998,SENSOR,1,BATTERY,11283,55,178,3313
1163857,1273018,1273.018,SENSOR,1,BATTERY,11282,55,165,3312
1164815,1274038,1274.038,SENSOR,1,BATTERY,11281,55,153,3313
1165751,1275058,1275.058,SENSOR,1,BATTERY,11282,55,158,3311
1166696,1276078,1276.078,SENSOR,1,BATTERY,11282,55,180,3311
1167642,1277098,1277.098,SENSOR,1,BATTERY,11282,55,165,3310
1168587,1278118,1278.118,SENSOR,1,BATTERY,11280,55,175,3310
1169532,1279138,1279.138,SENSOR,1,BATTERY,11280,55,156,3311
1170478,1280158,1280.158,SENSOR,1,BATTERY,11278,55,163,3312
1171423,1281178,1281.178,SENSOR,1,BATTERY,11280,55,168,3311
1172369,1282198,1282.198,SENSOR,1,BATTERY,11277,55,149,3313
1173314,1283218,1283.218,SENSOR,1,BATTERY,11279,55,136,3310
1174259,1284238,1284.238,SENSOR,1,BATTERY,11276,55,167,3312
1175205,1285258,1285.258,SENSOR,1,BATTERY,11281,55,144,3310
1176150,1286278,1286.278,SENSOR,1,BATTERY,11280,55,171,3313
1177105,1287298,1287.298,SENSOR,1,BATTERY,11281,55,144,3310
1178041,1288318,1288.318,SENSOR,1,BATTERY,11280,56,169,3312
1178986,1289338,1289.338,SENSOR,1,BATTERY,11283,56,165,3311
1179932,1290358,1290.358,SENSOR,1,BATTERY,11280,56,193,3310
1180877,1291378,1291.378,SENSOR,1,BATTERY,11281,56,160,3312
1181823,1292398,1292.398,SENSOR,1,BATTERY,11279,56,177,3311
1182768,1293418,1293.418,SENSOR,1,BATTERY,11278,56,183,3312
1183713,1294438,1294.438,SENSOR,1,BATTERY,11276,56,140,3310
1184659,1295458,1295.458,SENSOR,1,BATTERY,11280,56,184,3311
1185604,1296478,1296.478,SENSOR,1,BATTERY,11275,56,169,3311
1186550,1297498,1297.498,SENSOR,1,BATTERY,11278,56,152,3309
1187495,1298518,1298.518,SENSOR,1,BATTERY,11275,56,175,3311
1188443,1299538,1299.538,SENSOR,1,BATTERY,11278,56,177,3311
1189389,1300558,1300.558,SENSOR,1,BATTERY,11276,56,170,3312
1190334,1301578,1301.578,SENSOR,1,BATTERY,11280,56,119,3311
1191280,1302598,1302.598,SENSOR,1,BATTERY,11275,56,164,3310
1192225,1303618,1303.618,SENSOR,1,BATTERY,11276,56,156,3311
1193170,1304638,1304.638,SENSOR,1,BATTERY,11274,56,154,3312
1194116,1305658,1305.658,SENSOR,1,BATTERY,11278,56,165,3311
1195061,1306678,1306.678,SENSOR,1,BATTERY,11277,56,172,3311
1196007,1307698,1307.698,SENSOR,1,BATTERY,11279,56,183,3311
1196952,1308718,1308.718,SENSOR,1,BATTERY,11277,56,172,3311
1197897,1309738,1309.738,SENSOR,1,BATTERY,11277,56,170,3309
1198843,1310758,1310.758,SENSOR,1,BATTERY,11276,57,152,3312
1199788,1311778,1311.778,SENSOR,1,BATTERY,11278,57,175,3312
1200734,1312798,1312.798,SENSOR,1,BATTERY,11279,57,176,3311
1201679,1313818,1313.818,SENSOR,1,BATTERY,11277,57,177,3312
1202624,1314838,1314.838,SENSOR,1,BATTERY,11276,57,169,3311
1203570,1315858,1315.858,SENSOR,1,BATTERY,11278,57,183,3312
1204515,1316878,1316.878,SENSOR,1,BATTERY,11276,57,174,3308
1205461,1317898,1317.898,SENSOR,1,BATTERY,11280,57,177,3311
1206424,1318918,1318.918,SENSOR,1,BATTERY,11277,57,141,3312
1207351,1319938,1319.938,SENSOR,1,BATTERY,11278,57,152,3310
1208297,1320958,1320.958,SENSOR,1,BATTERY,11276,57,169,3311
1209242,1321978,1321.978,SENSOR,1,BATTERY,11278,57,149,3310
1210188,1322998,1322.998,SENSOR,1,BATTERY,11273,57,171,3310
1211133,1324018,1324.018,SENSOR,1,BATTERY,11278,57,154,3312
1212081,1325038,1325.038,SENSOR,1,BATTERY,11274,57,155,3309
1213027,1326058,1326.058,SENSOR,1,BATTERY,11279,57,184,3311
1213972,1327078,1327.078,SENSOR,1,BATTERY,11278,57,155,3311
1214918,1328098,1328.098,SENSOR,1,BATTERY,11280,57,159,3311
1215863,1329118,1329.118,SENSOR,1,BATTERY,11278,57,170,3310
1216808,1330138,1330.138,SENSOR,1,BATTERY,11278,57,184,3312
1217754,1331158,1331.158,SENSOR,1,BATTERY,11276,57,151,3311
1218699,1332178,1332.178,SENSOR,1,BATTERY,11277,58,147,3311
1219645,1333198,1333.198,SENSOR,1,BATTERY,11276,58,135,3312
1220590,1334218,1334.218,SENSOR,1,BATTERY,11274,58,179,3311
1221535,1335238,1335.238,SENSOR,1,BATTERY,11276,58,182,3310
1222481,1336258,1336.258,SENSOR,1,BATTERY,11277,58,161,3311
1223426,1337278,1337.278,SENSOR,1,BATTERY,11273,58,198,3311
1224372,1338298,1338.298,SENSOR,1,BATTERY,11277,58,148,3310
1225317,1339318,1339.318,SENSOR,1,BATTERY,11279,58,153,3312
1226262,1340338,1340.338,SENSOR,1,BATTERY,11279,58,159,3310
1227208,1341358,1341.358,SENSOR,1,BATTERY,11276,58,192,3310
1228153,1342378,1342.378,SENSOR,1,BATTERY,11278,58,155,3307
1229099,1343398,1343.398,SENSOR,1,BATTERY,11276,58,180,3312
1230044,1344418,1344.418,SENSOR,1,BATTERY,11273,58,183,3312
1230989,1345438,1345.438,SENSOR,1,BATTERY,11275,58,178,3310
1231935,1346458,1346.458,SENSOR,1,BATTERY,11277,58,188,3311
1232880,1347478,1347.478,SENSOR,1,BATTERY,11276,58,147,3310
1233826,1348498,1348.498,SENSOR,1,BATTERY,11278,58,159,3309
1234771,1349518,1349.518,SENSOR,1,BATTERY,11277,58,176,3310
1235719,1350538,1350.538,SENSOR,1,BATTERY,11275,58,182,3310
1236665,1351558,1351.558,SENSOR,1,BATTERY,11276,58,157,3309
1237610,1352578,1352.578,SENSOR,1,BATTERY,11278,58,169,3310
1238556,1353598,1353.598,SENSOR,1,BATTERY,11277,58,169,3311
1239501,1354618,1354.618,SENSOR,1,BATTERY,11278,59,179,3310
1240446,1355638,1355.638,SENSOR,1,BATTERY,11276,59,154,3311
1241392,1356658,1356.658,SENSOR,1,BATTERY,11277,59,157,3310
1242337,1357678,1357.678,SENSOR,1,BATTERY,11276,59,140,3310
1243283,1358698,1358.698,SENSOR,1,BATTERY,11279,59,155,3310
1244228,1359718,1359.718,SENSOR,1,BATTERY,11274,59,173,3312
1245173,1360738,1360.738,SENSOR,1,BATTERY,11280,59,170,3312
1246119,1361758,1361.758,SENSOR,1,BATTERY,11279,59,142,3310
1247064,1362778,1362.778,SENSOR,1,BATTERY,11279,59,173,3312
1248010,1363798,1363.798,SENSOR,1,BATTERY,11281,59,180,3311
1248955,1364818,1364.818,SENSOR,1,BATTERY,11276,59,193,3310
1249900,1365838,1365.838,SENSOR,1,BATTERY,11276,59,148,3313
1250846,1366858,1366.858,SENSOR,1,BATTERY,11280,59,176,3310
1251791,1367878,1367.878,SENSOR,1,BATTERY,11276,59,154,3311
1252737,1368898,1368.898,SENSOR,1,BATTERY,11279,59,157,3311
1253682,1369918,1369.918,SENSOR,1,BATTERY,11277,59,165,3311
1254627,1370938,1370.938,SENSOR,1,BATTERY,11278,59,176,3310
1255573,1371958,1371.958,SENSOR,1,BATTERY,11279,59,175,3311
1256518,1372978,1372.978,SENSOR,1,BATTERY,11281,59,146,3311
1257464,1373998,1373.998,SENSOR,1,BATTERY,11279,59,171,3313
1258409,1375018,1375.018,SENSOR,1,BATTERY,11281,59,180,3311
1259357,1376038,1376.038,SENSOR,1,BATTERY,11278,60,173,3312
1260303,1377058,1377.058,SENSOR,1,BATTERY,11281,60,171,3311
1261248,1378078,1378.078,SENSOR,1,BATTERY,11278,60,159,3311
1262194,1379098,1379.098,SENSOR,1,BATTERY,11281,60,154,3310
1263139,1380118,1380.118,SENSOR,1,BATTERY,11281,60,190,3311
1264084,1381138,1381.138,SENSOR,1,BATTERY,11278,60,153,3311
1265030,1382158,1382.158,SENSOR,1,BATTERY,11280,60,162,3312
1265975,1383178,1383.178,SENSOR,1,BATTERY,11282,60,170,3312
1266921,1384198,1384.198,SENSOR,1,BATTERY,11280,60,151,3311
1267866,1385218,1385.218,SENSOR,1,BATTERY,11282,60,150,3312
1268811,1386238,1386.238,SENSOR,1,BATTERY,11278,60,161,3311
1269757,1387258,1387.258,SENSOR,1,BATTERY,11282,60,153,3311
1270702,1388278,1388.278,SENSOR,1,BATTERY,11280,60,162,3312
1271648,1389298,1389.298,SENSOR,1,BATTERY,11281,60,178,3312
1272593,1390318,1390.318,SENSOR,1,BATTERY,11282,60,166,3312
1273538,1391338,1391.338,SENSOR,1,BATTERY,11279,60,193,3311
1274484,1392358,1392.358,SENSOR,1,BATTERY,11284,60,172,3312
1275429,1393378,1393.378,SENSOR,1,BATTERY,11282,60,147,3310
1276375,1394398,1394.398,SENSOR,1,BATTERY,11280,60,160,3311
1277320,1395418,1395.418,SENSOR,1,BATTERY,11281,60,157,3313
1278265,1396438,1396.438,SENSOR,1,BATTERY,11280,60,170,3312
1279211,1397458,1397.458,SENSOR,1,BATTERY,11282,60,169,3311
1280156,1398478,1398.478,SENSOR,1,BATTERY,11278,61,170,3312
1281102,1399498,1399.498,SENSOR,1,BATTERY,11283,61,173,3312
1282047,1400518,1400.518,SENSOR,1,BATTERY,11280,61,142,3311
1282995,1401538,1401.538,SENSOR,1,BATTERY,11281,61,150,3313
1283941,1402558,1402.558,SENSOR,1,BATTERY,11281,61,189,3312
1284886,1403578,1403.578,SENSOR,1,BATTERY,11286,61,164,3314
1285832,1404598,1404.598,SENSOR,1,BATTERY,11282,61,176,3311
1286777,1405618,1405.618,SENSOR,1,BATTERY,11281,61,167,3314
1287722,1406638,1406.638,SENSOR,1,BATTERY,11282,61,197,3311
1288668,1407658,1407.658,SENSOR,1,BATTERY,11280,61,157,3311
1289613,1408678,1408.678,SENSOR,1,BATTERY,11280,61,191,3311
1290559,1409698,1409.698,SENSOR,1,BATTERY,11280,61,168,3311
1291504,1410718,1410.718,SENSOR,1,BATTERY,11281,61,157,3311
1292436,1411738,1411.738,SENSOR,1,BATTERY,11282,61,170,3310
1293066,1412758,1412.758,SENSOR,1,BATTERY,11281,61,180,3309
1294011,1413778,1413.778,SENSOR,1,BATTERY,11283,61,170,3314
1294957,1414798,1414.798,SENSOR,1,BATTERY,11281,61,153,3311
1295902,1415818,1415.818,SENSOR,1,BATTERY,11281,61,134,3312
1296847,1416838,1416.838,SENSOR,1,BATTERY,11281,61,167,3311
1297793,1417858,1417.858,SENSOR,1,BATTERY,11282,61,164,3310
1298738,1418878,1418.878,SENSOR,1,BATTERY,11281,61,177,3312
1299684,1419898,1419.898,SENSOR,1,BATTERY,11280,61,167,3311
1300629,1420918,1420.918,SENSOR,1,BATTERY,11281,62,160,3312
1301574,1421938,1421.938,SENSOR,1,BATTERY,11282,62,151,3311
1302520,1422958,1422.958,SENSOR,1,BATTERY,11279,62,162,3309
1303465,1423978,1423.978,SENSOR,1,BATTERY,11279,62,171,3312
1304411,1424998,1424.998,SENSOR,1,BATTERY,11282,62,163,3309
1305356,1426018,1426.018,SENSOR,1,BATTERY,11281,62,179,3311
1306304,1427038,1427.038,SENSOR,1,BATTERY,11278,62,173,3312
1307250,1428058,1428.058,SENSOR,1,BATTERY,11277,62,157,3310
1308195,1429078,1429.078,SENSOR,1,BATTERY,11277,62,179,3312
1309141,1430098,1430.098,SENSOR,1,BATTERY,11279,62,163,3311
1310086,1431118,1431.118,SENSOR,1,BATTERY,11280,62,174,3312
1311031,1432138,1432.138,SENSOR,1,BATTERY,11277,62,177,3308
1311977,1433158,1433.158,SENSOR,1,BATTERY,11278,62,194,3311
1312922,1434178,1434.178,SENSOR,1,BATTERY,11278,62,149,3311
1313868,1435198,1435.198,SENSOR,1,BATTERY,11278,62,185,3310
1314813,1436218,1436.218,SENSOR,1,BATTERY,11277,62,177,3311
1315758,1437238,1437.238,SENSOR,1,BATTERY,11277,62,192,3309
1316704,1438258,1438.258,SENSOR,1,BATTERY,11277,62,176,3309
1317649,1439278,1439.278,SENSOR,1,BATTERY,11275,62,161,3310
1318595,1440298,1440.298,SENSOR,1,BATTERY,11277,62,147,3310
1319540,1441318,1441.318,SENSOR,1,BATTERY,11275,62,170,3311
1320095,1442338,1442.338,SENSOR,1,BATTERY,11274,63,170,3307
1321041,1443358,1443.358,SENSOR,1,BATTERY,11274,63,174,3309
1321995,1444378,1444.378,SENSOR,1,BATTERY,11276,63,153,3310
1322932,1445398,1445.398,SENSOR,1,BATTERY,11276,63,184,3310
1323877,1446418,1446.418,SENSOR,1,BATTERY,11276,63,137,3311
1324822,1447438,1447.438,SENSOR,1,BATTERY,11274,63,172,3310
1325768,1448458,1448.458,SENSOR,1,BATTERY,11274,63,184,3310
1326713,1449478,1449.478,SENSOR,1,BATTERY,11275,63,169,3312
1327659,1450498,1450.498,SENSOR,1,BATTERY,11276,63,170,3310
1328604,1451518,1451.518,SENSOR,1,BATTERY,11272,63,169,3311
1329561,1452538,1452.538,SENSOR,1,BATTERY,11276,63,134,3308
1330498,1453558,1453.558,SENSOR,1,BATTERY,11274,63,178,3310
1331443,1454578,1454.578,SENSOR,1,BATTERY,11274,63,180,3310
1332389,1455598,1455.598,SENSOR,1,BATTERY,11273,63,153,3310
1333403,1456618,1456.618,SENSOR,1,BATTERY,11272,63,154,3310
1334128,1457638,1457.638,SENSOR,1,BATTERY,11270,63,196,3310
1335064,1458658,1458.658,SENSOR,1,BATTERY,11274,63,185,3310
1336009,1459678,1459.678,SENSOR,1,BATTERY,11271,63,156,3312
1336955,1460698,1460.698,SENSOR,1,BATTERY,11272,63,174,3311
1337900,1461718,1461.718,SENSOR,1,BATTERY,11271,63,157,3312
1338845,1462738,1462.738,SENSOR,1,BATTERY,11275,63,158,3311
1339791,1463758,1463.758,SENSOR,1,BATTERY,11273,64,183,3311
1340736,1464778,1464.778,SENSOR,1,BATTERY,11275,64,148,3310
1341682,1465798,1465.798,SENSOR,1,BATTERY,11274,64,182,3309
1342627,1466818,1466.818,SENSOR,1,BATTERY,11273,64,181,3310
1343572,1467838,1467.838,SENSOR,1,BATTERY,11274,64,165,3310
1344518,1468858,1468.858,SENSOR,1,BATTERY,11271,64,163,3311
1345463,1469878,1469.878,SENSOR,1,BATTERY,11272,64,161,3311
1346409,1470898,1470.898,SENSOR,1,BATTERY,11277,64,174,3310
1347354,1471918,1471.918,SENSOR,1,BATTERY,11273,64,182,3310
1348299,1472938,1472.938,SENSOR,1,BATTERY,11274,64,172,3312
1349245,1473958,1473.958,SENSOR,1,BATTERY,11273,64,152,3311
1350190,1474978,1474.978,SENSOR,1,BATTERY,11271,64,170,3310
1351136,1475998,1475.998,SENSOR,1,BATTERY,11274,64,152,3311
1352081,1477018,1477.018,SENSOR,1,BATTERY,11272,64,159,3309
1353038,1478038,1478.038,SENSOR,1,BATTERY,11274,64,169,3310
1353975,1479058,1479.058,SENSOR,1,BATTERY,11274,64,188,3311
1354920,1480078,1480.078,SENSOR,1,BATTERY,11274,64,170,3313
1355866,1481098,1481.098,SENSOR,1,BATTERY,11275,64,164,3313
1356811,1482118,1482.118,SENSOR,1,BATTERY,11272,64,151,3311
1357756,1483138,1483.138,SENSOR,1,BATTERY,11273,64,167,3311
1358702,1484158,1484.158,SENSOR,1,BATTERY,11271,64,195,3310
1359647,1485178,1485.178,SENSOR,1,BATTERY,11274,65,185,3310
1360593,1486198,1486.198,SENSOR,1,BATTERY,11275,65,167,3311
1361271,1487218,1487.218,SENSOR,1,BATTERY,11275,65,181,3310
1361272,1488238,1488.238,SENSOR,1,BATTERY,11275,65,165,3313
1361292,1489258,1489.258,SENSOR,1,BATTERY,11275,65,201,3309
1361458,1490278,1490.278,SENSOR,1,BATTERY,11274,65,156,3309
1362404,1491298,1491.298,SENSOR,1,BATTERY,11274,65,171,3312
1363349,1492318,1492.318,SENSOR,1,BATTERY,11271,65,159,3313
1364294,1493338,1493.338,SENSOR,1,BATTERY,11272,65,188,3312
1365240,1494358,1494.358,SENSOR,1,BATTERY,11272,65,166,3311
1366185,1495378,1495.378,SENSOR,1,BATTERY,11274,65,167,3311
1367131,1496398,1496.398,SENSOR,1,BATTERY,11276,65,182,3312
1368076,1497418,1497.418,SENSOR,1,BATTERY,11271,65,173,3314
1369021,1498438,1498.438,SENSOR,1,BATTERY,11272,65,178,3310
1369967,1499458,1499.458,SENSOR,1,BATTERY,11273,65,185,3312
1370912,1500478,1500.478,SENSOR,1,BATTERY,11271,65,196,3313
1371858,1501498,1501.498,SENSOR,1,BATTERY,11275,65,164,3312
1372824,1502518,1502.518,SENSOR,1,BATTERY,11274,65,185,3313
1373760,1503538,1503.538,SENSOR,1,BATTERY,11273,65,176,3311
1374697,1504558,1504.558,SENSOR,1,BATTERY,11272,65,192,3314
1375642,1505578,1505.578,SENSOR,1,BATTERY,11269,65,169,3311
1376588,1506598,1506.598,SENSOR,1,BATTERY,11272,66,182,3312
1377533,1507618,1507.618,SENSOR,1,BATTERY,11270,66,180,3310
1378478,1508638,1508.638,SENSOR,1,BATTERY,11274,66,196,3312
1379424,1509658,1509.658,SENSOR,1,BATTERY,11273,66,158,3311
1380369,1510678,1510.678,SENSOR,1,BATTERY,11274,66,149,3312
1381315,1511698,1511.698,SENSOR,1,BATTERY,11271,66,176,3311
1382260,1512718,1512.718,SENSOR,1,BATTERY,11268,66,162,3313
1383205,1513738,1513.738,SENSOR,1,BATTERY,11270,66,194,3312
1384151,1514758,1514.758,SENSOR,1,BATTERY,11269,66,166,3312
1385096,1515778,1515.778,SENSOR,1,BATTERY,11268,66,189,3312
1386042,1516798,1516.798,SENSOR,1,BATTERY,11269,66,176,3310
1386987,1517818,1517.818,SENSOR,1,BATTERY,11266,66,150,3309
1387932,1518838,1518.838,SENSOR,1,BATTERY,11269,66,173,3311
1388878,1519858,1519.858,SENSOR,1,BATTERY,11268,66,158,3312
1389823,1520878,1520.878,SENSOR,1,BATTERY,11269,66,166,3311
1390769,1521898,1521.898,SENSOR,1,BATTERY,11268,66,137,3311
1391714,1522918,1522.918,SENSOR,1,BATTERY,11268,66,160,3312
1392659,1523938,1523.938,SENSOR,1,BATTERY,11269,66,143,3311
1393605,1524958,1524.958,SENSOR,1,BATTERY,11268,66,190,3311
1394550,1525978,1525.978,SENSOR,1,BATTERY,11266,66,156,3310
1395496,1526998,1526.998,SENSOR,1,BATTERY,11266,66,182,3310
1396441,1528018,1528.018,SENSOR,1,BATTERY,11270,67,171,3309
1397399,1529038,1529.038,SENSOR,1,BATTERY,11270,67,159,3310
1398335,1530058,1530.058,SENSOR,1,BATTERY,11268,67,153,3311
1399280,1531078,1531.078,SENSOR,1,BATTERY,11269,67,170,3311
1400226,1532098,1532.098,SENSOR,1,BATTERY,11271,67,183,3310
1401171,1533118,1533.118,SENSOR,1,BATTERY,11264,67,169,3309
1402116,1534138,1534.138,SENSOR,1,BATTERY,11270,67,158,3308
1403062,1535158,1535.158,SENSOR,1,BATTERY,11265,67,158,3311
1404007,1536178,1536.178,SENSOR,1,BATTERY,11269,67,154,3311
1404953,1537198,1537.198,SENSOR,1,BATTERY,11268,67,158,3310
1405898,1538218,1538.218,SENSOR,1,BATTERY,11270,67,184,3308
1406843,1539238,1539.238,SENSOR,1,BATTERY,11269,67,165,3311
1407789,1540258,1540.258,SENSOR,1,BATTERY,11267,67,145,3311
1408734,1541278,1541.278,SENSOR,1,BATTERY,11264,67,173,3310
1409680,1542298,1542.298,SENSOR,1,BATTERY,11267,67,167,3311
1410625,1543318,1543.318,SENSOR,1,BATTERY,11270,67,142,3313
1411570,1544338,1544.338,SENSOR,1,BATTERY,11272,67,157,3312
1412516,1545358,1545.358,SENSOR,1,BATTERY,11269,67,158,3312
1413461,1546378,1546.378,SENSOR,1,BATTERY,11269,67,165,3310
1414407,1547398,1547.398,SENSOR,1,BATTERY,11268,67,163,3311
1415352,1548418,1548.418,SENSOR,1,BATTERY,11266,67,161,3311
1416297,1549438,1549.438,SENSOR,1,BATTERY,11266,67,151,3313
1417243,1550458,1550.458,SENSOR,1,BATTERY,11263,68,160,3309
1418188,1551478,1551.478,SENSOR,1,BATTERY,11258,68,158,3311
1419134,1552498,1552.498,SENSOR,1,BATTERY,11263,68,173,3310
1420079,1553518,1553.518,SENSOR,1,BATTERY,11265,68,166,3310
1421027,1554538,1554.538,SENSOR,1,BATTERY,11266,68,157,3310
1421973,1555558,1555.558,SENSOR,1,BATTERY,11260,68,153,3311
1422918,1556578,1556.578,SENSOR,1,BATTERY,11266,68,151,3310
1423864,1557598,1557.598,SENSOR,1,BATTERY,11262,68,170,3310
1424809,1558618,1558.618,SENSOR,1,BATTERY,11264,68,134,3309
1425754,1559638,1559.638,SENSOR,1,BATTERY,11265,68,205,3310
1426700,1560658,1560.658,SENSOR,1,BATTERY,11264,68,169,3309
1427645,1561678,1561.678,SENSOR,1,BATTERY,11266,68,155,3310
1428591,1562698,1562.698,SENSOR,1,BATTERY,11268,68,161,3310
1429536,1563718,1563.718,SENSOR,1,BATTERY,11269,68,136,3310
1430481,1564738,1564.738,SENSOR,1,BATTERY,11268,68,168,3312
1431427,1565758,1565.758,SENSOR,1,BATTERY,11271,68,165,3311
1432372,1566778,1566.778,SENSOR,1,BATTERY,11267,68,172,3308
1433318,1567798,1567.798,SENSOR,1,BATTERY,11269,68,180,3308
1434263,1568818,1568.818,SENSOR,1,BATTERY,11267,68,172,3310
1435208,1569838,1569.838,SENSOR,1,BATTERY,11269,68,177,3311
1436154,1570858,1570.858,SENSOR,1,BATTERY,11267,68,169,3310
1437099,1571878,1571.878,SENSOR,1,BATTERY,11266,68,154,3310
1438045,1572898,1572.898,SENSOR,1,BATTERY,11265,69,185,3310
1438990,1573918,1573.918,SENSOR,1,BATTERY,11269,69,160,3309
1439935,1574938,1574.938,SENSOR,1,BATTERY,11267,69,173,3311
1440881,1575958,1575.958,SENSOR,1,BATTERY,11266,69,150,3311
1441826,1576978,1576.978,SENSOR,1,BATTERY,11264,69,160,3310
1442772,1577998,1577.998,SENSOR,1,BATTERY,11267,69,172,3309
1443748,1579018,1579.018,SENSOR,1,BATTERY,11267,69,169,3310
1444665,1580038,1580.038,SENSOR,1,BATTERY,11267,69,181,3310
1445611,1581058,1581.058,SENSOR,1,BATTERY,11265,69,153,3310
1446556,1582078,1582.078,SENSOR,1,BATTERY,11269,69,168,3310
1447502,1583098,1583.098,SENSOR,1,BATTERY,11268,69,167,3311
1448447,1584118,1584.118,SENSOR,1,BATTERY,11269,69,160,3307
1449392,1585138,1585.138,SENSOR,1,BATTERY,11266,69,146,3309
1450338,1586158,1586.158,SENSOR,1,BATTERY,11266,69,160,3310
1451283,1587178,1587.178,SENSOR,1,BATTERY,11268,69,177,3310
1452229,1588198,1588.198,SENSOR,1,BATTERY,11266,69,156,3310
1453174,1589218,1589.218,SENSOR,1,BATTERY,11268,69,134,3310
1454119,1590238,1590.238,SENSOR,1,BATTERY,11267,69,177,3309
1455065,1591258,1591.258,SENSOR,1,BATTERY,11267,69,162,3310
1456010,1592278,1592.278,SENSOR,1,BATTERY,11266,69,159,3311
1456956,1593298,1593.298,SENSOR,1,BATTERY,11268,69,152,3312
1457901,1594318,1594.318,SENSOR,1,BATTERY,11268,69,163,3312
1458846,1595338,1595.338,SENSOR,1,BATTERY,11268,70,166,3311
1459792,1596358,1596.358,SENSOR,1,BATTERY,11268,70,187,3308
1460737,1597378,1597.378,SENSOR,1,BATTERY,11267,70,157,3311
1461683,1598398,1598.398,SENSOR,1,BATTERY,11267,70,171,3309
1462628,1599418,1599.418,SENSOR,1,BATTERY,11265,70,172,3311
1463573,1600438,1600.438,SENSOR,1,BATTERY,11271,70,156,3311
1464519,1601458,1601.458,SENSOR,1,BATTERY,11270,70,187,3311
1465464,1602478,1602.478,SENSOR,1,BATTERY,11272,70,167,3308
1466410,1603498,1603.498,SENSOR,1,BATTERY,11269,70,178,3311
1467355,1604518,1604.518,SENSOR,1,BATTERY,11270,70,178,3311
1468313,1605538,1605.538,SENSOR,1,BATTERY,11270,70,184,3311
1469249,1606558,1606.558,SENSOR,1,BATTERY,11270,70,196,3312
1470194,1607578,1607.578,SENSOR,1,BATTERY,11270,70,167,3310
1471140,1608598,1608.598,SENSOR,1,BATTERY,11272,70,188,3311
1472085,1609618,1609.618,SENSOR,1,BATTERY,11268,70,182,3311
1473030,1610638,1610.638,SENSOR,1,BATTERY,11271,70,176,3311
1473976,1611658,1611.658,SENSOR,1,BATTERY,11270,70,191,3311
1474921,1612678,1612.678,SENSOR,1,BATTERY,11273,70,170,3311
1475867,1613698,1613.698,SENSOR,1,BATTERY,11271,70,160,3311
1476812,1614718,1614.718,SENSOR,1,BATTERY,11271,70,172,3309
1477757,1615738,1615.738,SENSOR,1,BATTERY,11272,70,174,3310
1478703,1616758,1616.758,SENSOR,1,BATTERY,11270,71,155,3310
1479648,1617778,1617.778,SENSOR,1,BATTERY,11269,71,181,3311
1480594,1618798,1618.798,SENSOR,1,BATTERY,11270,71,173,3311
1481539,1619818,1619.818,SENSOR,1,BATTERY,11264,71,167,3310
1482484,1620838,1620.838,SENSOR,1,BATTERY,11266,71,161,3311
1483430,1621858,1621.858,SENSOR,1,BATTERY,11259,71,139,3310
1484375,1622878,1622.878,SENSOR,1,BATTERY,11266,71,171,3309
1485321,1623898,1623.898,SENSOR,1,BATTERY,11263,71,188,3309
1486266,1624918,1624.918,SENSOR,1,BATTERY,11264,71,191,3308
1487211,1625938,1625.938,SENSOR,1,BATTERY,11260,71,170,3309
1488157,1626958,1626.958,SENSOR,1,BATTERY,11262,71,179,3309
1489102,1627978,1627.978,SENSOR,1,BATTERY,11261,71,179,3310
1490057,1628998,1628.998,SENSOR,1,BATTERY,11260,71,166,3308
1490993,1630018,1630.018,SENSOR,1,BATTERY,11258,71,155,3309
1491941,1631038,1631.038,SENSOR,1,BATTERY,11262,71,156,3310
1492887,1632058,1632.058,SENSOR,1,BATTERY,11258,71,174,3310
1493832,1633078,1633.078,SENSOR,1,BATTERY,11259,71,162,3308
1494778,1634098,1634.098,SENSOR,1,BATTERY,11258,71,166,3310
1495723,1635118,1635.118,SENSOR,1,BATTERY,11262,71,153,3310
1496678,1636138,1636.138,SENSOR,1,BATTERY,11261,71,164,3310
1497614,1637158,1637.158,SENSOR,1,BATTERY,11258,71,151,3309
1498559,1638178,1638.178,SENSOR,1,BATTERY,11257,72,160,3309
1499505,1639198,1639.198,SENSOR,1,BATTERY,11261,72,176,3309
1500450,1640218,1640.218,SENSOR,1,BATTERY,11255,72,161,3309
1501395,1641238,1641.238,SENSOR,1,BATTERY,11260,72,163,3310
1502341,1642258,1642.258,SENSOR,1,BATTERY,11255,72,161,3310
1503286,1643278,1643.278,SENSOR,1,BATTERY,11258,72,174,3308
1504232,1644298,1644.298,SENSOR,1,BATTERY,11255,72,146,3311
1505177,1645318,1645.318,SENSOR,1,BATTERY,11257,72,181,3307
1506122,1646338,1646.338,SENSOR,1,BATTERY,11255,72,162,3308
1507068,1647358,1647.358,SENSOR,1,BATTERY,11255,72,162,3309
1508013,1648378,1648.378,SENSOR,1,BATTERY,11253,72,155,3309
1508959,1649398,1649.398,SENSOR,1,BATTERY,11253,72,166,3310
1509904,1650418,1650.418,SENSOR,1,BATTERY,11249,72,176,3308
1510849,1651438,1651.438,SENSOR,1,BATTERY,11250,72,164,3309
1511795,1652458,1652.458,SENSOR,1,BATTERY,11245,72,168,3308
1512740,1653478,1653.478,SENSOR,1,BATTERY,11250,72,156,3308
1513686,1654498,1654.498,SENSOR,1,BATTERY,11247,72,160,3310
1514631,1655518,1655.518,SENSOR,1,BATTERY,11249,72,125,3309
1515579,1656538,1656.538,SENSOR,1,BATTERY,11248,72,160,3309
1516525,1657558,1657.558,SENSOR,1,BATTERY,11248,72,157,3308
1517470,1658578,1658.578,SENSOR,1,BATTERY,11246,72,186,3307
1518416,1659598,1659.598,SENSOR,1,BATTERY,11248,72,175,3309
1519379,1660618,1660.618,SENSOR,1,BATTERY,11246,73,139,3309
1520306,1661638,1661.638,SENSOR,1,BATTERY,11247,73,149,3309
1521252,1662658,1662.658,SENSOR,1,BATTERY,11245,73,154,3310
1522197,1663678,1663.678,SENSOR,1,BATTERY,11248,73,175,3309
1523143,1664698,1664.698,SENSOR,1,BATTERY,11243,73,188,3306
1524088,1665718,1665.718,SENSOR,1,BATTERY,11250,73,164,3310
1525033,1666738,1666.738,SENSOR,1,BATTERY,11245,73,179,3309
1525979,1667758,1667.758,SENSOR,1,BATTERY,11246,73,163,3309
1526924,1668778,1668.778,SENSOR,1,BATTERY,11244,73,152,3309
1527870,1669798,1669.798,SENSOR,1,BATTERY,11244,73,170,3310
1528815,1670818,1670.818,SENSOR,1,BATTERY,11242,73,172,3309
1529760,1671838,1671.838,SENSOR,1,BATTERY,11243,73,162,3309
1530706,1672858,1672.858,SENSOR,1,BATTERY,11241,73,175,3308
1531651,1673878,1673.878,SENSOR,1,BATTERY,11241,73,176,3310
1532597,1674898,1674.898,SENSOR,1,BATTERY,11242,73,146,3311
1533542,1675918,1675.918,SENSOR,1,BATTERY,11245,73,152,3309
1534487,1676938,1676.938,SENSOR,1,BATTERY,11243,73,188,3313
1535433,1677958,1677.958,SENSOR,1,BATTERY,11245,73,183,3309
1536378,1678978,1678.978,SENSOR,1,BATTERY,11241,73,162,3310
1537324,1679998,1679.998,SENSOR,1,BATTERY,11242,73,178,3309
1538269,1681018,1681.018,SENSOR,1,BATTERY,11241,73,167,3309
1539217,1682038,1682.038,SENSOR,1,BATTERY,11241,73,182,3309
1540163,1683058,1683.058,SENSOR,1,BATTERY,11241,74,145,3308
1541108,1684078,1684.078,SENSOR,1,BATTERY,11245,74,185,3309
1542054,1685098,1685.098,SENSOR,1,BATTERY,11240,74,156,3309
1542999,1686118,1686.118,SENSOR,1,BATTERY,11243,74,167,3309
1543954,1687138,1687.138,SENSOR,1,BATTERY,11242,74,156,3310
1544890,1688158,1688.158,SENSOR,1,BATTERY,11243,74,149,3310
1545835,1689178,1689.178,SENSOR,1,BATTERY,11245,74,179,3309
1546781,1690198,1690.198,SENSOR,1,BATTERY,11241,74,184,3311
1547726,1691218,1691.218,SENSOR,1,BATTERY,11238,74,152,3309
1548671,1692238,1692.238,SENSOR,1,BATTERY,11238,74,162,3307
1549617,1693258,1693.258,SENSOR,1,BATTERY,11238,74,159,3308
1550562,1694278,1694.278,SENSOR,1,BATTERY,11243,74,160,3309
1551508,1695298,1695.298,SENSOR,1,BATTERY,11242,74,153,3309
1552453,1696318,1696.318,SENSOR,1,BATTERY,11244,74,173,3309
1553398,1697338,1697.338,SENSOR,1,BATTERY,11242,74,146,3311
1554344,1698358,1698.358,SENSOR,1,BATTERY,11243,74,172,3307
1555289,1699378,1699.378,SENSOR,1,BATTERY,11246,74,169,3312
1556235,1700398,1700.398,SENSOR,1,BATTERY,11246,74,185,3311
1557180,1701418,1701.418,SENSOR,1,BATTERY,11246,74,176,3310
1558125,1702438,1702.438,SENSOR,1,BATTERY,11245,74,152,3310
1559071,1703458,1703.458,SENSOR,1,BATTERY,11242,74,142,3310
1560016,1704478,1704.478,SENSOR,1,BATTERY,11245,74,138,3309
1560971,1705498,1705.498,SENSOR,1,BATTERY,11243,75,160,3311
1561907,1706518,1706.518,SENSOR,1,BATTERY,11246,75,171,3306
1562855,1707538,1707.538,SENSOR,1,BATTERY,11246,75,161,3309
1563801,1708558,1708.558,SENSOR,1,BATTERY,11245,75,177,3309
1564746,1709578,1709.578,SENSOR,1,BATTERY,11246,75,147,3309
1565692,1710598,1710.598,SENSOR,1,BATTERY,11247,75,183,3308
1566637,1711618,1711.618,SENSOR,1,BATTERY,11244,75,162,3310
1567582,1712638,1712.638,SENSOR,1,BATTERY,11245,75,155,3310
1568528,1713658,1713.658,SENSOR,1,BATTERY,11241,75,183,3311
1569473,1714678,1714.678,SENSOR,1,BATTERY,11245,75,182,3308
1570419,1715698,1715.698,SENSOR,1,BATTERY,11241,75,161,3310
1571364,1716718,1716.718,SENSOR,1,BATTERY,11246,75,135,3309
1572309,1717738,1717.738,SENSOR,1,BATTERY,11243,75,175,3309
1573255,1718758,1718.758,SENSOR,1,BATTERY,11244,75,159,3309
1574200,1719778,1719.778,SENSOR,1,BATTERY,11244,75,164,3311
1575146,1720798,1720.798,SENSOR,1,BATTERY,11246,75,180,3311
1576091,1721818,1721.818,SENSOR,1,BATTERY,11242,75,183,3310
1577036,1722838,1722.838,SENSOR,1,BATTERY,11246,75,178,3310
1577982,1723858,1723.858,SENSOR,1,BATTERY,11242,75,181,3310
1578927,1724878,1724.878,SENSOR,1,BATTERY,11243,75,155,3308
1579873,1725898,1725.898,SENSOR,1,BATTERY,11241,75,172,3310
1580818,1726918,1726.918,SENSOR,1,BATTERY,11244,76,162,3309
1581763,1727938,1727.938,SENSOR,1,BATTERY,11240,76,176,3308
1582709,1728958,1728.958,SENSOR,1,BATTERY,11243,76,186,3310
1583654,1729978,1729.978,SENSOR,1,BATTERY,11242,76,159,3310
1584600,1730998,1730.998,SENSOR,1,BATTERY,11243,76,174,3305
1585545,1732018,1732.018,SENSOR,1,BATTERY,11244,76,192,3311
1586493,1733038,1733.038,SENSOR,1,BATTERY,11243,76,173,3311
1587439,1734058,1734.058,SENSOR,1,BATTERY,11242,76,143,3310
1588384,1735078,1735.078,SENSOR,1,BATTERY,11244,76,158,3310
1589330,1736098,1736.098,SENSOR,1,BATTERY,11242,76,172,3310
1590275,1737118,1737.118,SENSOR,1,BATTERY,11246,76,191,3309
1591220,1738138,1738.138,SENSOR,1,BATTERY,11241,76,179,3309
1592166,1739158,1739.158,SENSOR,1,BATTERY,11242,76,170,3310
1593111,1740178,1740.178,SENSOR,1,BATTERY,11242,76,138,3310
1594057,1741198,1741.198,SENSOR,1,BATTERY,11246,76,157,3310
1595002,1742218,1742.218,SENSOR,1,BATTERY,11243,76,188,3311
1595947,1743238,1743.238,SENSOR,1,BATTERY,11244,76,173,3310
1596893,1744258,1744.258,SENSOR,1,BATTERY,11240,76,184,3307
1597838,1745278,1745.278,SENSOR,1,BATTERY,11243,76,158,3311
1598784,1746298,1746.298,SENSOR,1,BATTERY,11243,76,159,3309
1599729,1747318,1747.318,SENSOR,1,BATTERY,11243,76,182,3310
