sb_data_pressure,sb_data_temp,sb_data_gyro_x,sb_data_gyro_y,sb_data_gyro_z,sb_data_acc_x,sb_data_acc_y,sb_data_acc_z,battery_battery,battery_current,battery_consumption,gps_hour,gps_minute,gps_second,gps_satellite,gps_lat_deg,gps_lat_decimal,gps_lon_deg,gps_lon_decimal,altitude,velocity,airbrake_extension,flight_phase,ts,cs
64197,6322,1598,1688,1723,1246,1357,1476,12,2,4,14,15,23,3,10,3456,13,7699,30000,7777,43,3,14331,206
64198,6322,1598,1688,1723,1246,1357,1476,12,2,4,14,15,23,3,10,3456,13,7699,30000,7777,43,3,14332,204
64199,6322,1598,1688,1723,1246,1357,1476,12,2,4,14,15,23,3,10,3456,13,7699,30000,7777,43,3,14333,202
64200,6322,1598,1688,1723,1246,1357,1476,12,2,4,14,15,23,3,10,3456,13,7699,30000,7777,43,3,14334,200
64201,6322,1598,1688,1723,1246,1357,1476,12,2,4,14,15,23,3,10,3456,13,7699,30000,7777,43,3,14335,198
64202,6322,1598,1688,1723,1246,1357,1476,12,2,4,14,15,23,3,10,3456,13,7699,30000,7777,43,3,14336,195
64203,6322,1598,1688,1723,1246,1357,1476,12,2,4,14,15,23,3,10,3456,13,7699,30000,7777,43,3,14337,193
64204,6322,1598,1688,1723,1246,1357,1476,12,2,4,14,15,23,3,10,3456,13,7699,30000,7777,43,3,14338,191
64205,6322,1598,1688,1723,1246,1357,1476,12,2,4,14,15,23,3,10,3456,13,7699,30000,7777,43,3,14339,189
64206,6322,1598,1688,1723,1246,1357,1476,12,2,4,14,15,23,3,10,3456,13,7699,30000,7777,43,3,14340,187
64207,6322,1598,1688,1723,1246,1357,1476,12,2,4,14,15,23,3,10,3456,13,7699,30000,7777,43,3,14341,185
64208,6322,1598,1688,1723,1246,1357,1476,12,2,4,14,15,23,3,10,3456,13,7699,30000,7777,43,3,14342,183
64209,6322,1598,1688,1723,1246,1357,1476,12,2,4,14,15,23,3,10,3456,13,7699,30000,7777,43,3,14343,181
64210,6322,1598,1688,1723,1246,1357,1476,12,2,4,14,15,23,3,10,3456,13,7699,30000,7777,43,3,14344,179
64211,6322,1598,1688,1723,1246,1357,1476,12,2,4,14,15,23,3,10,3456,13,7699,30000,7777,43,3,14345,177
64212,6322,1598,1688,1723,1246,1357,1476,12,2,4,14,15,23,3,10,3456,13,7699,30000,7777,43,3,14346,175
64213,6322,1598,1688,1723,1246,1357,1476,12,2,4,14,15,23,3,10,3456,13,7699,30000,7777,43,3,14347,173
64214,6322,1598,1688,1723,1246,1357,1476,12,2,4,14,15,23,3,10,3456,13,7699,30000,7777,43,3,14348,171
64215,6322,1598,1688,1723,1246,1357,1476,12,2,4,14,15,23,3,10,3456,13,7699,30000,7777,43,3,14349,169
64216,6322,1598,1688,1723,1246,1357,1476,12,2,4,14,15,23,3,10,3456,13,7699,30000,7777,43,3,14350,167
64217,6322,1598,1688,1723,1246,1357,1476,12,2,4,14,15,23,3,10,3456,13,7699,30000,7777,43,3,14351,165
64218,6322,1598,1688,1723,1246,1357,1476,12,2,4,14,15,23,3,10,3456,13,7699,30000,7777,43,3,14352,163
64219,6322,1598,1688,1723,1246,1357,1476,12,2,4,14,15,23,3,10,3456,13,7699,30000,7777,43,3,14353,161
64220,6322,1598,1688,1723,1246,1357,1476,12,2,4,14,15,23,3,10,3456,13,7699,30000,7777,43,3,14354,159
64221,6322,1598,1688,1723,1246,1357,1476,12,2,4,14,15,23,3,10,3456,13,7699,30000,7777,43,3,14355,157
64222,6322,1598,1688,1723,1246,1357,1476,12,2,4,14,15,23,3,10,3456,13,7699,30000,7777,43,3,14356,155
64223,6322,1598,1688,1723,1246,1357,1476,12,2,4,14,15,23,3,10,3456,13,7699,30000,7777,43,3,14357,153
64224,6322,1598,1688,1723,1246,1357,1476,12,2,4,14,15,23,3,10,3456,13,7699,30000,7777,43,3,14358,151
64225,6322,1598,1688,1723,1246,1357,1476,12,2,4,14,15,23,3,10,3456,13,7699,30000,7777,43,3,14359,149
64226,6322,1598,1688,1723,1246,1357,1476,12,2,4,14,15,23,3,10,3456,13,7699,30000,7777,43,3,14360,147
64227,6322,1598,1688,1723,1246,1357,1476,12,2,4,14,15,23,3,10,3456,13,7699,30000,7777,43,3,14361,145
64228,6322,1598,1688,1723,1246,1357,1476,12,2,4,14,15,23,3,10,3456,13,7699,30000,7777,43,3,14362,143
64229,6322,1598,1688,1723,1246,1357,1476,12,2,4,14,15,23,3,10,3456,13,7699,30000,7777,43,3,14363,141
64230,6322,1598,1688,1723,1246,1357,1476,12,2,4,14,15,23,3,10,3456,13,7699,30000,7777,43,3,14364,139
64231,6322,1598,1688,1723,1246,1357,1476,12,2,4,14,15,23,3,10,3456,13,7699,30000,7777,43,3,14365,137
64232,6322,1598,1688,1723,1246,1357,1476,12,2,4,14,15,23,3,10,3456,13,7699,30000,7777,43,3,14366,135
64233,6322,1598,1688,1723,1246,1357,1476,12,2,4,14,15,23,3,10,3456,13,7699,30000,7777,43,3,14367,133
64234,6322,1598,1688,1723,1246,1357,1476,12,2,4,14,15,23,3,10,3456,13,7699,30000,7777,43,3,14368,131
64235,6322,1598,1688,1723,1246,1357,1476,12,2,4,14,15,23,3,10,3456,13,7699,30000,7777,43,3,14369,129
64236,6322,1598,1688,1723,1246,1357,1476,12,2,4,14,15,23,3,10,3456,13,7699,30000,7777,43,3,14370,127
64237,6322,1598,1688,1723,1246,1357,1476,12,2,4,14,15,23,3,10,3456,13,7699,30000,7777,43,3,14371,125
64238,6322,1598,1688,1723,1246,1357,1476,12,2,4,14,15,23,3,10,3456,13,7699,30000,7777,43,3,14372,123
64239,6322,1598,1688,1723,1246,1357,1476,12,2,4,14,15,23,3,10,3456,13,7699,30000,7777,43,3,14373,121
64240,6322,1598,1688,1723,1246,1357,1476,12,2,4,14,15,23,3,10,3456,13,7699,30000,7777,43,3,14374,119
64241,6322,1598,1688,1723,1246,1357,1476,12,2,4,14,15,23,3,10,3456,13,7699,30000,7777,43,3,14375,117
64242,6322,1598,1688,1723,1246,1357,1476,12,2,4,14,15,23,3,10,3456,13,7699,30000,7777,43,3,14376,115
64243,6322,1598,1688,1723,1246,1357,1476,12,2,4,14,15,23,3,10,3456,13,7699,30000,7777,43,3,14377,113
64244,6322,1598,1688,1723,1246,1357,1476,12,2,4,14,15,23,3,10,3456,13,7699,30000,7777,43,3,14378,111
64245,6322,1598,1688,1723,1246,1357,1476,12,2,4,14,15,23,3,10,3456,13,7699,30000,7777,43,3,14379,109
64246,6322,1598,1688,1723,1246,1357,1476,12,2,4,14,15,23,3,10,3456,13,7699,30000,7777,43,3,14380,107
64247,6322,1598,1688,1723,1246,1357,1476,12,2,4,14,15,23,3,10,3456,13,7699,30000,7777,43,3,14381,105
64248,6322,1598,1688,1723,1246,1357,1476,12,2,4,14,15,23,3,10,3456,13,7699,30000,7777,43,3,14382,103
64249,6322,1598,1688,1723,1246,1357,1476,12,2,4,14,15,23,3,10,3456,13,7699,30000,7777,43,3,14383,101
64250,6322,1598,1688,1723,1246,1357,1476,12,2,4,14,15,23,3,10,3456,13,7699,30000,7777,43,3,14384,99
64251,6322,1598,1688,1723,1246,1357,1476,12,2,4,14,15,23,3,10,3456,13,7699,30000,7777,43,3,14385,97
64252,6322,1598,1688,1723,1246,1357,1476,12,2,4,14,15,23,3,10,3456,13,7699,30000,7777,43,3,14386,95
64253,6322,1598,1688,1723,1246,1357,1476,12,2,4,14,15,23,3,10,3456,13,7699,30000,7777,43,3,14387,93
64254,6322,1598,1688,1723,1246,1357,1476,12,2,4,14,15,23,3,10,3456,13,7699,30000,7777,43,3,14388,91
64255,6322,1598,1688,1723,1246,1357,1476,12,2,4,14,15,23,3,10,3456,13,7699,30000,7777,43,3,14389,89
64256,6322,1598,1688,1723,1246,1357,1476,12,2,4,14,15,23,3,10,3456,13,7699,30000,7777,43,3,14390,86
64257,6322,1598,1688,1723,1246,1357,1476,12,2,4,14,15,23,3,10,3456,13,7699,30000,7777,43,3,14391,84
64258,6322,1598,1688,1723,1246,1357,1476,12,2,4,14,15,23,3,10,3456,13,7699,30000,7777,43,3,14392,82
64259,6322,1598,1688,1723,1246,1357,1476,12,2,4,14,15,23,3,10,3456,13,7699,30000,7777,43,3,14393,80
64260,6322,1598,1688,1723,1246,1357,1476,12,2,4,14,15,23,3,10,3456,13,7699,30000,7777,43,3,14394,78
64261,6322,1598,1688,1723,1246,1357,1476,12,2,4,14,15,23,3,10,3456,13,7699,30000,7777,43,3,14395,76
64262,6322,1598,1688,1723,1246,1357,1476,12,2,4,14,15,23,3,10,3456,13,7699,30000,7777,43,3,14396,74
64263,6322,1598,1688,1723,1246,1357,1476,12,2,4,14,15,23,3,10,3456,13,7699,30000,7777,43,3,14397,72
64264,6322,1598,1688,1723,1246,1357,1476,12,2,4,14,15,23,3,10,3456,13,7699,30000,7777,43,3,14398,70
64265,6322,1598,1688,1723,1246,1357,1476,12,2,4,14,15,23,3,10,3456,13,7699,30000,7777,43,3,14399,68
64266,6322,1598,1688,1723,1246,1357,1476,12,2,4,14,15,23,3,10,3456,13,7699,30000,7777,43,3,14400,66
64267,6322,1598,1688,1723,1246,1357,1476,12,2,4,14,15,23,3,10,3456,13,7699,30000,7777,43,3,14401,64
64268,6322,1598,1688,1723,1246,1357,1476,12,2,4,14,15,23,3,10,3456,13,7699,30000,7777,43,3,14402,62
64269,6322,1598,1688,1723,1246,1357,1476,12,2,4,14,15,23,3,10,3456,13,7699,30000,7777,43,3,14403,60
64270,6322,1598,1688,1723,1246,1357,1476,12,2,4,14,15,23,3,10,3456,13,7699,30000,7777,43,3,14404,58
64271,6322,1598,1688,1723,1246,1357,1476,12,2,4,14,15,23,3,10,3456,13,7699,30000,7777,43,3,14405,56
64272,6322,1598,1688,1723,1246,1357,1476,12,2,4,14,15,23,3,10,3456,13,7699,30000,7777,43,3,14406,54
64273,6322,1598,1688,1723,1246,1357,1476,12,2,4,14,15,23,3,10,3456,13,7699,30000,7777,43,3,14407,52
64274,6322,1598,1688,1723,1246,1357,1476,12,2,4,14,15,23,3,10,3456,13,7699,30000,7777,43,3,14408,50
64275,6322,1598,1688,1723,1246,1357,1476,12,2,4,14,15,23,3,10,3456,13,7699,30000,7777,43,3,14409,48
64276,6322,1598,1688,1723,1246,1357,1476,12,2,4,14,15,23,3,10,3456,13,7699,30000,7777,43,3,14410,46
64277,6322,1598,1688,1723,1246,1357,1476,12,2,4,14,15,23,3,10,3456,13,7699,30000,7777,43,3,14411,44
64278,6322,1598,1688,1723,1246,1357,1476,12,2,4,14,15,23,3,10,3456,13,7699,30000,7777,43,3,14412,42
64279,6322,1598,1688,1723,1246,1357,1476,12,2,4,14,15,23,3,10,3456,13,7699,30000,7777,43,3,14413,40
64280,6322,1598,1688,1723,1246,1357,1476,12,2,4,14,15,23,3,10,3456,13,7699,30000,7777,43,3,14414,38
64281,6322,1598,1688,1723,1246,1357,1476,12,2,4,14,15,23,3,10,3456,13,7699,30000,7777,43,3,14415,36
64282,6322,1598,1688,1723,1246,1357,1476,12,2,4,14,15,23,3,10,3456,13,7699,30000,7777,43,3,14416,34
64283,6322,1598,1688,1723,1246,1357,1476,12,2,4,14,15,23,3,10,3456,13,7699,30000,7777,43,3,14417,32
64284,6322,1598,1688,1723,1246,1357,1476,12,2,4,14,15,23,3,10,3456,13,7699,30000,7777,43,3,14418,30
64285,6322,1598,1688,1723,1246,1357,1476,12,2,4,14,15,23,3,10,3456,13,7699,30000,7777,43,3,14419,28
64286,6322,1598,1688,1723,1246,1357,1476,12,2,4,14,15,23,3,10,3456,13,7699,30000,7777,43,3,14420,26
64287,6322,1598,1688,1723,1246,1357,1476,12,2,4,14,15,23,3,10,3456,13,7699,30000,7777,43,3,14421,24
64288,6322,1598,1688,1723,1246,1357,1476,12,2,4,14,15,23,3,10,3456,13,7699,30000,7777,43,3,14422,22
64289,6322,1598,1688,1723,1246,1357,1476,12,2,4,14,15,23,3,10,3456,13,7699,30000,7777,43,3,14423,20
64290,6322,1598,1688,1723,1246,1357,1476,12,2,4,14,15,23,3,10,3456,13,7699,30000,7777,43,3,14424,18
64291,6322,1598,1688,1723,1246,1357,1476,12,2,4,14,15,23,3,10,3456,13,7699,30000,7777,43,3,14425,16
64292,6322,1598,1688,1723,1246,1357,1476,12,2,4,14,15,23,3,10,3456,13,7699,30000,7777,43,3,14426,14
64293,6322,1598,1688,1723,1246,1357,1476,12,2,4,14,15,23,3,10,3456,13,7699,30000,7777,43,3,14427,12
64294,6322,1598,1688,1723,1246,1357,1476,12,2,4,14,15,23,3,10,3456,13,7699,30000,7777,43,3,14428,10
64295,6322,1598,1688,1723,1246,1357,1476,12,2,4,14,15,23,3,10,3456,13,7699,30000,7777,43,3,14429,8
64296,6322,1598,1688,1723,1246,1357,1476,12,2,4,14,15,23,3,10,3456,13,7699,30000,7777,43,3,14430,6
64297,6322,1598,1688,1723,1246,1357,1476,12,2,4,14,15,23,3,10,3456,13,7699,30000,7777,43,3,14431,4
64298,6322,1598,1688,1723,1246,1357,1476,12,2,4,14,15,23,3,10,3456,13,7699,30000,7777,43,3,14432,2
64299,6322,1598,1688,1723,1246,1357,1476,12,2,4,14,15,23,3,10,3456,13,7699,30000,7777,43,3,14433,0
64300,6322,1598,1688,1723,1246,1357,1476,12,2,4,14,15,23,3,10,3456,13,7699,30000,7777,43,3,14434,254
64301,6322,1598,1688,1723,1246,1357,1476,12,2,4,14,15,23,3,10,3456,13,7699,30000,7777,43,3,14435,252
64302,6322,1598,1688,1723,1246,1357,1476,12,2,4,14,15,23,3,10,3456,13,7699,30000,7777,43,3,14436,250
64304,6322,1598,1688,1723,1246,1357,1476,12,2,4,14,15,23,3,10,3456,13,7699,30000,7777,43,3,14438,246
64305,6322,1598,1688,1723,1246,1357,1476,12,2,4,14,15,23,3,10,3456,13,7699,30000,7777,43,3,14439,244
64306,6322,1598,1688,1723,1246,1357,1476,12,2,4,14,15,23,3,10,3456,13,7699,30000,7777,43,3,14440,242
64307,6322,1598,1688,1723,1246,1357,1476,12,2,4,14,15,23,3,10,3456,13,7699,30000,7777,43,3,14441,240
64308,6322,1598,1688,1723,1246,1357,1476,12,2,4,14,15,23,3,10,3456,13,7699,30000,7777,43,3,14442,238
64309,6322,1598,1688,1723,1246,1357,1476,12,2,4,14,15,23,3,10,3456,13,7699,30000,7777,43,3,14443,236
64310,6322,1598,1688,1723,1246,1357,1476,12,2,4,14,15,23,3,10,3456,13,7699,30000,7777,43,3,14444,234
64311,6322,1598,1688,1723,1246,1357,1476,12,2,4,14,15,23,3,10,3456,13,7699,30000,7777,43,3,14445,232
64312,6322,1598,1688,1723,1246,1357,1476,12,2,4,14,15,23,3,10,3456,13,7699,30000,7777,43,3,14446,230
64313,6322,1598,1688,1723,1246,1357,1476,12,2,4,14,15,23,3,10,3456,13,7699,30000,7777,43,3,14447,228
64314,6322,1598,1688,1723,1246,1357,1476,12,2,4,14,15,23,3,10,3456,13,7699,30000,7777,43,3,14448,226
64315,6322,1598,1688,1723,1246,1357,1476,12,2,4,14,15,23,3,10,3456,13,7699,30000,7777,43,3,14449,224
64316,6322,1598,1688,1723,1246,1357,1476,12,2,4,14,15,23,3,10,3456,13,7699,30000,7777,43,3,14450,222
64317,6322,1598,1688,1723,1246,1357,1476,12,2,4,14,15,23,3,10,3456,13,7699,30000,7777,43,3,14451,220
64318,6322,1598,1688,1723,1246,1357,1476,12,2,4,14,15,23,3,10,3456,13,7699,30000,7777,43,3,14452,218
64319,6322,1598,1688,1723,1246,1357,1476,12,2,4,14,15,23,3,10,3456,13,7699,30000,7777,43,3,14453,216
64320,6322,1598,1688,1723,1246,1357,1476,12,2,4,14,15,23,3,10,3456,13,7699,30000,7777,43,3,14454,214
64321,6322,1598,1688,1723,1246,1357,1476,12,2,4,14,15,23,3,10,3456,13,7699,30000,7777,43,3,14455,212
64322,6322,1598,1688,1723,1246,1357,1476,12,2,4,14,15,23,3,10,3456,13,7699,30000,7777,43,3,14456,210
64323,6322,1598,1688,1723,1246,1357,1476,12,2,4,14,15,23,3,10,3456,13,7699,30000,7777,43,3,14457,208
64324,6322,1598,1688,1723,1246,1357,1476,12,2,4,14,15,23,3,10,3456,13,7699,30000,7777,43,3,14458,206
64325,6322,1598,1688,1723,1246,1357,1476,12,2,4,14,15,23,3,10,3456,13,7699,30000,7777,43,3,14459,204
64326,6322,1598,1688,1723,1246,1357,1476,12,2,4,14,15,23,3,10,3456,13,7699,30000,7777,43,3,14460,202
64327,6322,1598,1688,1723,1246,1357,1476,12,2,4,14,15,23,3,10,3456,13,7699,30000,7777,43,3,14461,200
64328,6322,1598,1688,1723,1246,1357,1476,12,2,4,14,15,23,3,10,3456,13,7699,30000,7777,43,3,14462,198
64329,6322,1598,1688,1723,1246,1357,1476,12,2,4,14,15,23,3,10,3456,13,7699,30000,7777,43,3,14463,196
64330,6322,1598,1688,1723,1246,1357,1476,12,2,4,14,15,23,3,10,3456,13,7699,30000,7777,43,3,14464,194
64331,6322,1598,1688,1723,1246,1357,1476,12,2,4,14,15,23,3,10,3456,13,7699,30000,7777,43,3,14465,192
64332,6322,1598,1688,1723,1246,1357,1476,12,2,4,14,15,23,3,10,3456,13,7699,30000,7777,43,3,14466,190
64333,6322,1598,1688,1723,1246,1357,1476,12,2,4,14,15,23,3,10,3456,13,7699,30000,7777,43,3,14467,188
64334,6322,1598,1688,1723,1246,1357,1476,12,2,4,14,15,23,3,10,3456,13,7699,30000,7777,43,3,14468,186
64335,6322,1598,1688,1723,1246,1357,1476,12,2,4,14,15,23,3,10,3456,13,7699,30000,7777,43,3,14469,184
64336,6322,1598,1688,1723,1246,1357,1476,12,2,4,14,15,23,3,10,3456,13,7699,30000,7777,43,3,14470,182
64337,6322,1598,1688,1723,1246,1357,1476,12,2,4,14,15,23,3,10,3456,13,7699,30000,7777,43,3,14471,180
64338,6322,1598,1688,1723,1246,1357,1476,12,2,4,14,15,23,3,10,3456,13,7699,30000,7777,43,3,14472,178
64339,6322,1598,1688,1723,1246,1357,1476,12,2,4,14,15,23,3,10,3456,13,7699,30000,7777,43,3,14473,176
64340,6322,1598,1688,1723,1246,1357,1476,12,2,4,14,15,23,3,10,3456,13,7699,30000,7777,43,3,14474,174
64341,6322,1598,1688,1723,1246,1357,1476,12,2,4,14,15,23,3,10,3456,13,7699,30000,7777,43,3,14475,172
64342,6322,1598,1688,1723,1246,1357,1476,12,2,4,14,15,23,3,10,3456,13,7699,30000,7777,43,3,14476,170
64343,6322,1598,1688,1723,1246,1357,1476,12,2,4,14,15,23,3,10,3456,13,7699,30000,7777,43,3,14477,168
64344,6322,1598,1688,1723,1246,1357,1476,12,2,4,14,15,23,3,10,3456,13,7699,30000,7777,43,3,14478,166
64345,6322,1598,1688,1723,1246,1357,1476,12,2,4,14,15,23,3,10,3456,13,7699,30000,7777,43,3,14479,164
64346,6322,1598,1688,1723,1246,1357,1476,12,2,4,14,15,23,3,10,3456,13,7699,30000,7777,43,3,14480,162
64347,6322,1598,1688,1723,1246,1357,1476,12,2,4,14,15,23,3,10,3456,13,7699,30000,7777,43,3,14481,160
64348,6322,1598,1688,1723,1246,1357,1476,12,2,4,14,15,23,3,10,3456,13,7699,30000,7777,43,3,14482,158
64349,6322,1598,1688,1723,1246,1357,1476,12,2,4,14,15,23,3,10,3456,13,7699,30000,7777,43,3,14483,156
64350,6322,1598,1688,1723,1246,1357,1476,12,2,4,14,15,23,3,10,3456,13,7699,30000,7777,43,3,14484,154
64351,6322,1598,1688,1723,1246,1357,1476,12,2,4,14,15,23,3,10,3456,13,7699,30000,7777,43,3,14485,152
64352,6322,1598,1688,1723,1246,1357,1476,12,2,4,14,15,23,3,10,3456,13,7699,30000,7777,43,3,14486,150
64353,6322,1598,1688,1723,1246,1357,1476,12,2,4,14,15,23,3,10,3456,13,7699,30000,7777,43,3,14487,148
64354,6322,1598,1688,1723,1246,1357,1476,12,2,4,14,15,23,3,10,3456,13,7699,30000,7777,43,3,14488,146
64355,6322,1598,1688,1723,1246,1357,1476,12,2,4,14,15,23,3,10,3456,13,7699,30000,7777,43,3,14489,144
64356,6322,1598,1688,1723,1246,1357,1476,12,2,4,14,15,23,3,10,3456,13,7699,30000,7777,43,3,14490,142
64357,6322,1598,1688,1723,1246,1357,1476,12,2,4,14,15,23,3,10,3456,13,7699,30000,7777,43,3,14491,140
64358,6322,1598,1688,1723,1246,1357,1476,12,2,4,14,15,23,3,10,3456,13,7699,30000,7777,43,3,14492,138
64359,6322,1598,1688,1723,1246,1357,1476,12,2,4,14,15,23,3,10,3456,13,7699,30000,7777,43,3,14493,136
64360,6322,1598,1688,1723,1246,1357,1476,12,2,4,14,15,23,3,10,3456,13,7699,30000,7777,43,3,14494,134
64361,6322,1598,1688,1723,1246,1357,1476,12,2,4,14,15,23,3,10,3456,13,7699,30000,7777,43,3,14495,132
64362,6322,1598,1688,1723,1246,1357,1476,12,2,4,14,15,23,3,10,3456,13,7699,30000,7777,43,3,14496,130
64363,6322,1598,1688,1723,1246,1357,1476,12,2,4,14,15,23,3,10,3456,13,7699,30000,7777,43,3,14497,128
64364,6322,1598,1688,1723,1246,1357,1476,12,2,4,14,15,23,3,10,3456,13,7699,30000,7777,43,3,14498,126
64365,6322,1598,1688,1723,1246,1357,1476,12,2,4,14,15,23,3,10,3456,13,7699,30000,7777,43,3,14499,124
64366,6322,1598,1688,1723,1246,1357,1476,12,2,4,14,15,23,3,10,3456,13,7699,30000,7777,43,3,14500,122
64367,6322,1598,1688,1723,1246,1357,1476,12,2,4,14,15,23,3,10,3456,13,7699,30000,7777,43,3,14501,120
64368,6322,1598,1688,1723,1246,1357,1476,12,2,4,14,15,23,3,10,3456,13,7699,30000,7777,43,3,14502,118
64369,6322,1598,1688,1723,1246,1357,1476,12,2,4,14,15,23,3,10,3456,13,7699,30000,7777,43,3,14503,116
64370,6322,1598,1688,1723,1246,1357,1476,12,2,4,14,15,23,3,10,3456,13,7699,30000,7777,43,3,14504,114
64371,6322,1598,1688,1723,1246,1357,1476,12,2,4,14,15,23,3,10,3456,13,7699,30000,7777,43,3,14505,112
64372,6322,1598,1688,1723,1246,1357,1476,12,2,4,14,15,23,3,10,3456,13,7699,30000,7777,43,3,14506,110
64373,6322,1598,1688,1723,1246,1357,1476,12,2,4,14,15,23,3,10,3456,13,7699,30000,7777,43,3,14507,108
64374,6322,1598,1688,1723,1246,1357,1476,12,2,4,14,15,23,3,10,3456,13,7699,30000,7777,43,3,14508,106
64375,6322,1598,1688,1723,1246,1357,1476,12,2,4,14,15,23,3,10,3456,13,7699,30000,7777,43,3,14509,104
64376,6322,1598,1688,1723,1246,1357,1476,12,2,4,14,15,23,3,10,3456,13,7699,30000,7777,43,3,14510,102
64377,6322,1598,1688,1723,1246,1357,1476,12,2,4,14,15,23,3,10,3456,13,7699,30000,7777,43,3,14511,100
64378,6322,1598,1688,1723,1246,1357,1476,12,2,4,14,15,23,3,10,3456,13,7699,30000,7777,43,3,14512,98
64379,6322,1598,1688,1723,1246,1357,1476,12,2,4,14,15,23,3,10,3456,13,7699,30000,7777,43,3,14513,96
64380,6322,1598,1688,1723,1246,1357,1476,12,2,4,14,15,23,3,10,3456,13,7699,30000,7777,43,3,14514,94
64381,6322,1598,1688,1723,1246,1357,1476,12,2,4,14,15,23,3,10,3456,13,7699,30000,7777,43,3,14515,92
64382,6322,1598,1688,1723,1246,1357,1476,12,2,4,14,15,23,3,10,3456,13,7699,30000,7777,43,3,14516,90
64383,6322,1598,1688,1723,1246,1357,1476,12,2,4,14,15,23,3,10,3456,13,7699,30000,7777,43,3,14517,88
64384,6322,1598,1688,1723,1246,1357,1476,12,2,4,14,15,23,3,10,3456,13,7699,30000,7777,43,3,14518,86
64385,6322,1598,1688,1723,1246,1357,1476,12,2,4,14,15,23,3,10,3456,13,7699,30000,7777,43,3,14519,84
64386,6322,1598,1688,1723,1246,1357,1476,12,2,4,14,15,23,3,10,3456,13,7699,30000,7777,43,3,14520,82
64387,6322,1598,1688,1723,1246,1357,1476,12,2,4,14,15,23,3,10,3456,13,7699,30000,7777,43,3,14521,80
64388,6322,1598,1688,1723,1246,1357,1476,12,2,4,14,15,23,3,10,3456,13,7699,30000,7777,43,3,14522,78
64389,6322,1598,1688,1723,1246,1357,1476,12,2,4,14,15,23,3,10,3456,13,7699,30000,7777,43,3,14523,76
64390,6322,1598,1688,1723,1246,1357,1476,12,2,4,14,15,23,3,10,3456,13,7699,30000,7777,43,3,14524,74
64391,6322,1598,1688,1723,1246,1357,1476,12,2,4,14,15,23,3,10,3456,13,7699,30000,7777,43,3,14525,72
64392,6322,1598,1688,1723,1246,1357,1476,12,2,4,14,15,23,3,10,3456,13,7699,30000,7777,43,3,14526,70
64393,6322,1598,1688,1723,1246,1357,1476,12,2,4,14,15,23,3,10,3456,13,7699,30000,7777,43,3,14527,68
64394,6322,1598,1688,1723,1246,1357,1476,12,2,4,14,15,23,3,10,3456,13,7699,30000,7777,43,3,14528,66
64395,6322,1598,1688,1723,1246,1357,1476,12,2,4,14,15,23,3,10,3456,13,7699,30000,7777,43,3,14529,64
64396,6322,1598,1688,1723,1246,1357,1476,12,2,4,14,15,23,3,10,3456,13,7699,30000,7777,43,3,14530,62
64397,6322,1598,1688,1723,1246,1357,1476,12,2,4,14,15,23,3,10,3456,13,7699,30000,7777,43,3,14531,60
64398,6322,1598,1688,1723,1246,1357,1476,12,2,4,14,15,23,3,10,3456,13,7699,30000,7777,43,3,14532,58
64399,6322,1598,1688,1723,1246,1357,1476,12,2,4,14,15,23,3,10,3456,13,7699,30000,7777,43,3,14533,56
64400,6322,1598,1688,1723,1246,1357,1476,12,2,4,14,15,23,3,10,3456,13,7699,30000,7777,43,3,14534,54
64401,6322,1598,1688,1723,1246,1357,1476,12,2,4,14,15,23,3,10,3456,13,7699,30000,7777,43,3,14535,52
64402,6322,1598,1688,1723,1246,1357,1476,12,2,4,14,15,23,3,10,3456,13,7699,30000,7777,43,3,14536,50
64403,6322,1598,1688,1723,1246,1357,1476,12,2,4,14,15,23,3,10,3456,13,7699,30000,7777,43,3,14537,48
64404,6322,1598,1688,1723,1246,1357,1476,12,2,4,14,15,23,3,10,3456,13,7699,30000,7777,43,3,14538,46
64405,6322,1598,1688,1723,1246,1357,1476,12,2,4,14,15,23,3,10,3456,13,7699,30000,7777,43,3,14539,44
64406,6322,1598,1688,1723,1246,1357,1476,12,2,4,14,15,23,3,10,3456,13,7699,30000,7777,43,3,14540,42
64407,6322,1598,1688,1723,1246,1357,1476,12,2,4,14,15,23,3,10,3456,13,7699,30000,7777,43,3,14541,40
64408,6322,1598,1688,1723,1246,1357,1476,12,2,4,14,15,23,3,10,3456,13,7699,30000,7777,43,3,14542,38
64409,6322,1598,1688,1723,1246,1357,1476,12,2,4,14,15,23,3,10,3456,13,7699,30000,7777,43,3,14543,36
64410,6322,1598,1688,1723,1246,1357,1476,12,2,4,14,15,23,3,10,3456,13,7699,30000,7777,43,3,14544,34
64411,6322,1598,1688,1723,1246,1357,1476,12,2,4,14,15,23,3,10,3456,13,7699,30000,7777,43,3,14545,32
64412,6322,1598,1688,1723,1246,1357,1476,12,2,4,14,15,23,3,10,3456,13,7699,30000,7777,43,3,14546,30
64413,6322,1598,1688,1723,1246,1357,1476,12,2,4,14,15,23,3,10,3456,13,7699,30000,7777,43,3,14547,28
64414,6322,1598,1688,1723,1246,1357,1476,12,2,4,14,15,23,3,10,3456,13,7699,30000,7777,43,3,14548,26
64415,6322,1598,1688,1723,1246,1357,1476,12,2,4,14,15,23,3,10,3456,13,7699,30000,7777,43,3,14549,24
64416,6322,1598,1688,1723,1246,1357,1476,12,2,4,14,15,23,3,10,3456,13,7699,30000,7777,43,3,14550,22
64417,6322,1598,1688,1723,1246,1357,1476,12,2,4,14,15,23,3,10,3456,13,7699,30000,7777,43,3,14551,20
64418,6322,1598,1688,1723,1246,1357,1476,12,2,4,14,15,23,3,10,3456,13,7699,30000,7777,43,3,14552,18
64419,6322,1598,1688,1723,1246,1357,1476,12,2,4,14,15,23,3,10,3456,13,7699,30000,7777,43,3,14553,16
64420,6322,1598,1688,1723,1246,1357,1476,12,2,4,14,15,23,3,10,3456,13,7699,30000,7777,43,3,14554,14
64421,6322,1598,1688,1723,1246,1357,1476,12,2,4,14,15,23,3,10,3456,13,7699,30000,7777,43,3,14555,12
64422,6322,1598,1688,1723,1246,1357,1476,12,2,4,14,15,23,3,10,3456,13,7699,30000,7777,43,3,14556,10
64423,6322,1598,1688,1723,1246,1357,1476,12,2,4,14,15,23,3,10,3456,13,7699,30000,7777,43,3,14557,8
64424,6322,1598,1688,1723,1246,1357,1476,12,2,4,14,15,23,3,10,3456,13,7699,30000,7777,43,3,14558,6
64425,6322,1598,1688,1723,1246,1357,1476,12,2,4,14,15,23,3,10,3456,13,7699,30000,7777,43,3,14559,4
64426,6322,1598,1688,1723,1246,1357,1476,12,2,4,14,15,23,3,10,3456,13,7699,30000,7777,43,3,14560,2
64427,6322,1598,1688,1723,1246,1357,1476,12,2,4,14,15,23,3,10,3456,13,7699,30000,7777,43,3,14561,0
64428,6322,1598,1688,1723,1246,1357,1476,12,2,4,14,15,23,3,10,3456,13,7699,30000,7777,43,3,14562,254
64429,6322,1598,1688,1723,1246,1357,1476,12,2,4,14,15,23,3,10,3456,13,7699,30000,7777,43,3,14563,252
64430,6322,1598,1688,1723,1246,1357,1476,12,2,4,14,15,23,3,10,3456,13,7699,30000,7777,43,3,14564,250
64431,6322,1598,1688,1723,1246,1357,1476,12,2,4,14,15,23,3,10,3456,13,7699,30000,7777,43,3,14565,248
64432,6322,1598,1688,1723,1246,1357,1476,12,2,4,14,15,23,3,10,3456,13,7699,30000,7777,43,3,14566,246
64433,6322,1598,1688,1723,1246,1357,1476,12,2,4,14,15,23,3,10,3456,13,7699,30000,7777,43,3,14567,244
64434,6322,1598,1688,1723,1246,1357,1476,12,2,4,14,15,23,3,10,3456,13,7699,30000,7777,43,3,14568,242
64435,6322,1598,1688,1723,1246,1357,1476,12,2,4,14,15,23,3,10,3456,13,7699,30000,7777,43,3,14569,240
64436,6322,1598,1688,1723,1246,1357,1476,12,2,4,14,15,23,3,10,3456,13,7699,30000,7777,43,3,14570,238
64437,6322,1598,1688,1723,1246,1357,1476,12,2,4,14,15,23,3,10,3456,13,7699,30000,7777,43,3,14571,236
64438,6322,1598,1688,1723,1246,1357,1476,12,2,4,14,15,23,3,10,3456,13,7699,30000,7777,43,3,14572,234
64439,6322,1598,1688,1723,1246,1357,1476,12,2,4,14,15,23,3,10,3456,13,7699,30000,7777,43,3,14573,232
64440,6322,1598,1688,1723,1246,1357,1476,12,2,4,14,15,23,3,10,3456,13,7699,30000,7777,43,3,14574,230
64441,6322,1598,1688,1723,1246,1357,1476,12,2,4,14,15,23,3,10,3456,13,7699,30000,7777,43,3,14575,228
64442,6322,1598,1688,1723,1246,1357,1476,12,2,4,14,15,23,3,10,3456,13,7699,30000,7777,43,3,14576,226
64443,6322,1598,1688,1723,1246,1357,1476,12,2,4,14,15,23,3,10,3456,13,7699,30000,7777,43,3,14577,224
64444,6322,1598,1688,1723,1246,1357,1476,12,2,4,14,15,23,3,10,3456,13,7699,30000,7777,43,3,14578,222
64445,6322,1598,1688,1723,1246,1357,1476,12,2,4,14,15,23,3,10,3456,13,7699,30000,7777,43,3,14579,220
64446,6322,1598,1688,1723,1246,1357,1476,12,2,4,14,15,23,3,10,3456,13,7699,30000,7777,43,3,14580,218
64447,6322,1598,1688,1723,1246,1357,1476,12,2,4,14,15,23,3,10,3456,13,7699,30000,7777,43,3,14581,216
64448,6322,1598,1688,1723,1246,1357,1476,12,2,4,14,15,23,3,10,3456,13,7699,30000,7777,43,3,14582,214
64449,6322,1598,1688,1723,1246,1357,1476,12,2,4,14,15,23,3,10,3456,13,7699,30000,7777,43,3,14583,212
64450,6322,1598,1688,1723,1246,1357,1476,12,2,4,14,15,23,3,10,3456,13,7699,30000,7777,43,3,14584,210
64451,6322,1598,1688,1723,1246,1357,1476,12,2,4,14,15,23,3,10,3456,13,7699,30000,7777,43,3,14585,208
64452,6322,1598,1688,1723,1246,1357,1476,12,2,4,14,15,23,3,10,3456,13,7699,30000,7777,43,3,14586,206
64453,6322,1598,1688,1723,1246,1357,1476,12,2,4,14,15,23,3,10,3456,13,7699,30000,7777,43,3,14587,204
64454,6322,1598,1688,1723,1246,1357,1476,12,2,4,14,15,23,3,10,3456,13,7699,30000,7777,43,3,14588,202
64455,6322,1598,1688,1723,1246,1357,1476,12,2,4,14,15,23,3,10,3456,13,7699,30000,7777,43,3,14589,200
64456,6322,1598,1688,1723,1246,1357,1476,12,2,4,14,15,23,3,10,3456,13,7699,30000,7777,43,3,14590,198
64457,6322,1598,1688,1723,1246,1357,1476,12,2,4,14,15,23,3,10,3456,13,7699,30000,7777,43,3,14591,196
64458,6322,1598,1688,1723,1246,1357,1476,12,2,4,14,15,23,3,10,3456,13,7699,30000,7777,43,3,14592,193
64459,6322,1598,1688,1723,1246,1357,1476,12,2,4,14,15,23,3,10,3456,13,7699,30000,7777,43,3,14593,191
64460,6322,1598,1688,1723,1246,1357,1476,12,2,4,14,15,23,3,10,3456,13,7699,30000,7777,43,3,14594,189
64461,6322,1598,1688,1723,1246,1357,1476,12,2,4,14,15,23,3,10,3456,13,7699,30000,7777,43,3,14595,187
64462,6322,1598,1688,1723,1246,1357,1476,12,2,4,14,15,23,3,10,3456,13,7699,30000,7777,43,3,14596,185
64463,6322,1598,1688,1723,1246,1357,1476,12,2,4,14,15,23,3,10,3456,13,7699,30000,7777,43,3,14597,183
64464,6322,1598,1688,1723,1246,1357,1476,12,2,4,14,15,23,3,10,3456,13,7699,30000,7777,43,3,14598,181
64465,6322,1598,1688,1723,1246,1357,1476,12,2,4,14,15,23,3,10,3456,13,7699,30000,7777,43,3,14599,179
64466,6322,1598,1688,1723,1246,1357,1476,12,2,4,14,15,23,3,10,3456,13,7699,30000,7777,43,3,14600,177
64467,6322,1598,1688,1723,1246,1357,1476,12,2,4,14,15,23,3,10,3456,13,7699,30000,7777,43,3,14601,175
64468,6322,1598,1688,1723,1246,1357,1476,12,2,4,14,15,23,3,10,3456,13,7699,30000,7777,43,3,14602,173
64469,6322,1598,1688,1723,1246,1357,1476,12,2,4,14,15,23,3,10,3456,13,7699,30000,7777,43,3,14603,171
64470,6322,1598,1688,1723,1246,1357,1476,12,2,4,14,15,23,3,10,3456,13,7699,30000,7777,43,3,14604,169
64471,6322,1598,1688,1723,1246,1357,1476,12,2,4,14,15,23,3,10,3456,13,7699,30000,7777,43,3,14605,167
64472,6322,1598,1688,1723,1246,1357,1476,12,2,4,14,15,23,3,10,3456,13,7699,30000,7777,43,3,14606,165
64473,6322,1598,1688,1723,1246,1357,1476,12,2,4,14,15,23,3,10,3456,13,7699,30000,7777,43,3,14607,163
64474,6322,1598,1688,1723,1246,1357,1476,12,2,4,14,15,23,3,10,3456,13,7699,30000,7777,43,3,14608,161
64475,6322,1598,1688,1723,1246,1357,1476,12,2,4,14,15,23,3,10,3456,13,7699,30000,7777,43,3,14609,159
64476,6322,1598,1688,1723,1246,1357,1476,12,2,4,14,15,23,3,10,3456,13,7699,30000,7777,43,3,14610,157
64477,6322,1598,1688,1723,1246,1357,1476,12,2,4,14,15,23,3,10,3456,13,7699,30000,7777,43,3,14611,155
64478,6322,1598,1688,1723,1246,1357,1476,12,2,4,14,15,23,3,10,3456,13,7699,30000,7777,43,3,14612,153
64479,6322,1598,1688,1723,1246,1357,1476,12,2,4,14,15,23,3,10,3456,13,7699,30000,7777,43,3,14613,151
64480,6322,1598,1688,1723,1246,1357,1476,12,2,4,14,15,23,3,10,3456,13,7699,30000,7777,43,3,14614,149
64481,6322,1598,1688,1723,1246,1357,1476,12,2,4,14,15,23,3,10,3456,13,7699,30000,7777,43,3,14615,147
64482,6322,1598,1688,1723,1246,1357,1476,12,2,4,14,15,23,3,10,3456,13,7699,30000,7777,43,3,14616,145
64483,6322,1598,1688,1723,1246,1357,1476,12,2,4,14,15,23,3,10,3456,13,7699,30000,7777,43,3,14617,143
64484,6322,1598,1688,1723,1246,1357,1476,12,2,4,14,15,23,3,10,3456,13,7699,30000,7777,43,3,14618,141
64485,6322,1598,1688,1723,1246,1357,1476,12,2,4,14,15,23,3,10,3456,13,7699,30000,7777,43,3,14619,139
64486,6322,1598,1688,1723,1246,1357,1476,12,2,4,14,15,23,3,10,3456,13,7699,30000,7777,43,3,14620,137
64487,6322,1598,1688,1723,1246,1357,1476,12,2,4,14,15,23,3,10,3456,13,7699,30000,7777,43,3,14621,135
64488,6322,1598,1688,1723,1246,1357,1476,12,2,4,14,15,23,3,10,3456,13,7699,30000,7777,43,3,14622,133
64489,6322,1598,1688,1723,1246,1357,1476,12,2,4,14,15,23,3,10,3456,13,7699,30000,7777,43,3,14623,131
64490,6322,1598,1688,1723,1246,1357,1476,12,2,4,14,15,23,3,10,3456,13,7699,30000,7777,43,3,14624,129
64491,6322,1598,1688,1723,1246,1357,1476,12,2,4,14,15,23,3,10,3456,13,7699,30000,7777,43,3,14625,127
64492,6322,1598,1688,1723,1246,1357,1476,12,2,4,14,15,23,3,10,3456,13,7699,30000,7777,43,3,14626,125
64493,6322,1598,1688,1723,1246,1357,1476,12,2,4,14,15,23,3,10,3456,13,7699,30000,7777,43,3,14627,123
64494,6322,1598,1688,1723,1246,1357,1476,12,2,4,14,15,23,3,10,3456,13,7699,30000,7777,43,3,14628,121
64495,6322,1598,1688,1723,1246,1357,1476,12,2,4,14,15,23,3,10,3456,13,7699,30000,7777,43,3,14629,119
64496,6322,1598,1688,1723,1246,1357,1476,12,2,4,14,15,23,3,10,3456,13,7699,30000,7777,43,3,14630,117
64497,6322,1598,1688,1723,1246,1357,1476,12,2,4,14,15,23,3,10,3456,13,7699,30000,7777,43,3,14631,115
64498,6322,1598,1688,1723,1246,1357,1476,12,2,4,14,15,23,3,10,3456,13,7699,30000,7777,43,3,14632,113
64499,6322,1598,1688,1723,1246,1357,1476,12,2,4,14,15,23,3,10,3456,13,7699,30000,7777,43,3,14633,111
64500,6322,1598,1688,1723,1246,1357,1476,12,2,4,14,15,23,3,10,3456,13,7699,30000,7777,43,3,14634,109
64501,6322,1598,1688,1723,1246,1357,1476,12,2,4,14,15,23,3,10,3456,13,7699,30000,7777,43,3,14635,107
64502,6322,1598,1688,1723,1246,1357,1476,12,2,4,14,15,23,3,10,3456,13,7699,30000,7777,43,3,14636,105
64503,6322,1598,1688,1723,1246,1357,1476,12,2,4,14,15,23,3,10,3456,13,7699,30000,7777,43,3,14637,103
64504,6322,1598,1688,1723,1246,1357,1476,12,2,4,14,15,23,3,10,3456,13,7699,30000,7777,43,3,14638,101
64505,6322,1598,1688,1723,1246,1357,1476,12,2,4,14,15,23,3,10,3456,13,7699,30000,7777,43,3,14639,99
64506,6322,1598,1688,1723,1246,1357,1476,12,2,4,14,15,23,3,10,3456,13,7699,30000,7777,43,3,14640,97
64507,6322,1598,1688,1723,1246,1357,1476,12,2,4,14,15,23,3,10,3456,13,7699,30000,7777,43,3,14641,95
64508,6322,1598,1688,1723,1246,1357,1476,12,2,4,14,15,23,3,10,3456,13,7699,30000,7777,43,3,14642,93
64509,6322,1598,1688,1723,1246,1357,1476,12,2,4,14,15,23,3,10,3456,13,7699,30000,7777,43,3,14643,91
64510,6322,1598,1688,1723,1246,1357,1476,12,2,4,14,15,23,3,10,3456,13,7699,30000,7777,43,3,14644,89
64511,6322,1598,1688,1723,1246,1357,1476,12,2,4,14,15,23,3,10,3456,13,7699,30000,7777,43,3,14645,87
64512,6322,1598,1688,1723,1246,1357,1476,12,2,4,14,15,23,3,10,3456,13,7699,30000,7777,43,3,14646,84
64513,6322,1598,1688,1723,1246,1357,1476,12,2,4,14,15,23,3,10,3456,13,7699,30000,7777,43,3,14647,82
64514,6322,1598,1688,1723,1246,1357,1476,12,2,4,14,15,23,3,10,3456,13,7699,30000,7777,43,3,14648,80
64515,6322,1598,1688,1723,1246,1357,1476,12,2,4,14,15,23,3,10,3456,13,7699,30000,7777,43,3,14649,78
64516,6322,1598,1688,1723,1246,1357,1476,12,2,4,14,15,23,3,10,3456,13,7699,30000,7777,43,3,14650,76
64517,6322,1598,1688,1723,1246,1357,1476,12,2,4,14,15,23,3,10,3456,13,7699,30000,7777,43,3,14651,74
64518,6322,1598,1688,1723,1246,1357,1476,12,2,4,14,15,23,3,10,3456,13,7699,30000,7777,43,3,14652,72
64519,6322,1598,1688,1723,1246,1357,1476,12,2,4,14,15,23,3,10,3456,13,7699,30000,7777,43,3,14653,70
64520,6322,1598,1688,1723,1246,1357,1476,12,2,4,14,15,23,3,10,3456,13,7699,30000,7777,43,3,14654,68
64521,6322,1598,1688,1723,1246,1357,1476,12,2,4,14,15,23,3,10,3456,13,7699,30000,7777,43,3,14655,66
64522,6322,1598,1688,1723,1246,1357,1476,12,2,4,14,15,23,3,10,3456,13,7699,30000,7777,43,3,14656,64
64523,6322,1598,1688,1723,1246,1357,1476,12,2,4,14,15,23,3,10,3456,13,7699,30000,7777,43,3,14657,62
64524,6322,1598,1688,1723,1246,1357,1476,12,2,4,14,15,23,3,10,3456,13,7699,30000,7777,43,3,14658,60
64525,6322,1598,1688,1723,1246,1357,1476,12,2,4,14,15,23,3,10,3456,13,7699,30000,7777,43,3,14659,58
64526,6322,1598,1688,1723,1246,1357,1476,12,2,4,14,15,23,3,10,3456,13,7699,30000,7777,43,3,14660,56
64527,6322,1598,1688,1723,1246,1357,1476,12,2,4,14,15,23,3,10,3456,13,7699,30000,7777,43,3,14661,54
64528,6322,1598,1688,1723,1246,1357,1476,12,2,4,14,15,23,3,10,3456,13,7699,30000,7777,43,3,14662,52
64529,6322,1598,1688,1723,1246,1357,1476,12,2,4,14,15,23,3,10,3456,13,7699,30000,7777,43,3,14663,50
64530,6322,1598,1688,1723,1246,1357,1476,12,2,4,14,15,23,3,10,3456,13,7699,30000,7777,43,3,14664,48
64531,6322,1598,1688,1723,1246,1357,1476,12,2,4,14,15,23,3,10,3456,13,7699,30000,7777,43,3,14665,46
64532,6322,1598,1688,1723,1246,1357,1476,12,2,4,14,15,23,3,10,3456,13,7699,30000,7777,43,3,14666,44
64533,6322,1598,1688,1723,1246,1357,1476,12,2,4,14,15,23,3,10,3456,13,7699,30000,7777,43,3,14667,42
64534,6322,1598,1688,1723,1246,1357,1476,12,2,4,14,15,23,3,10,3456,13,7699,30000,7777,43,3,14668,40
64535,6322,1598,1688,1723,1246,1357,1476,12,2,4,14,15,23,3,10,3456,13,7699,30000,7777,43,3,14669,38
64536,6322,1598,1688,1723,1246,1357,1476,12,2,4,14,15,23,3,10,3456,13,7699,30000,7777,43,3,14670,36
64537,6322,1598,1688,1723,1246,1357,1476,12,2,4,14,15,23,3,10,3456,13,7699,30000,7777,43,3,14671,34
64538,6322,1598,1688,1723,1246,1357,1476,12,2,4,14,15,23,3,10,3456,13,7699,30000,7777,43,3,14672,32
64539,6322,1598,1688,1723,1246,1357,1476,12,2,4,14,15,23,3,10,3456,13,7699,30000,7777,43,3,14673,30
64540,6322,1598,1688,1723,1246,1357,1476,12,2,4,14,15,23,3,10,3456,13,7699,30000,7777,43,3,14674,28
64541,6322,1598,1688,1723,1246,1357,1476,12,2,4,14,15,23,3,10,3456,13,7699,30000,7777,43,3,14675,26
64542,6322,1598,1688,1723,1246,1357,1476,12,2,4,14,15,23,3,10,3456,13,7699,30000,7777,43,3,14676,24
64543,6322,1598,1688,1723,1246,1357,1476,12,2,4,14,15,23,3,10,3456,13,7699,30000,7777,43,3,14677,22
64544,6322,1598,1688,1723,1246,1357,1476,12,2,4,14,15,23,3,10,3456,13,7699,30000,7777,43,3,14678,20
64545,6322,1598,1688,1723,1246,1357,1476,12,2,4,14,15,23,3,10,3456,13,7699,30000,7777,43,3,14679,18
64546,6322,1598,1688,1723,1246,1357,1476,12,2,4,14,15,23,3,10,3456,13,7699,30000,7777,43,3,14680,16
64547,6322,1598,1688,1723,1246,1357,1476,12,2,4,14,15,23,3,10,3456,13,7699,30000,7777,43,3,14681,14
64548,6322,1598,1688,1723,1246,1357,1476,12,2,4,14,15,23,3,10,3456,13,7699,30000,7777,43,3,14682,12
64549,6322,1598,1688,1723,1246,1357,1476,12,2,4,14,15,23,3,10,3456,13,7699,30000,7777,43,3,14683,10
64550,6322,1598,1688,1723,1246,1357,1476,12,2,4,14,15,23,3,10,3456,13,7699,30000,7777,43,3,14684,8
64551,6322,1598,1688,1723,1246,1357,1476,12,2,4,14,15,23,3,10,3456,13,7699,30000,7777,43,3,14685,6
64552,6322,1598,1688,1723,1246,1357,1476,12,2,4,14,15,23,3,10,3456,13,7699,30000,7777,43,3,14686,4
64553,6322,1598,1688,1723,1246,1357,1476,12,2,4,14,15,23,3,10,3456,13,7699,30000,7777,43,3,14687,2
64554,6322,1598,1688,1723,1246,1357,1476,12,2,4,14,15,23,3,10,3456,13,7699,30000,7777,43,3,14688,0
64555,6322,1598,1688,1723,1246,1357,1476,12,2,4,14,15,23,3,10,3456,13,7699,30000,7777,43,3,14689,254
64556,6322,1598,1688,1723,1246,1357,1476,12,2,4,14,15,23,3,10,3456,13,7699,30000,7777,43,3,14690,252
64557,6322,1598,1688,1723,1246,1357,1476,12,2,4,14,15,23,3,10,3456,13,7699,30000,7777,43,3,14691,250
64558,6322,1598,1688,1723,1246,1357,1476,12,2,4,14,15,23,3,10,3456,13,7699,30000,7777,43,3,14692,248
64559,6322,1598,1688,1723,1246,1357,1476,12,2,4,14,15,23,3,10,3456,13,7699,30000,7777,43,3,14693,246
64560,6322,1598,1688,1723,1246,1357,1476,12,2,4,14,15,23,3,10,3456,13,7699,30000,7777,43,3,14694,244
64561,6322,1598,1688,1723,1246,1357,1476,12,2,4,14,15,23,3,10,3456,13,7699,30000,7777,43,3,14695,242
64562,6322,1598,1688,1723,1246,1357,1476,12,2,4,14,15,23,3,10,3456,13,7699,30000,7777,43,3,14696,240
64563,6322,1598,1688,1723,1246,1357,1476,12,2,4,14,15,23,3,10,3456,13,7699,30000,7777,43,3,14697,238
64564,6322,1598,1688,1723,1246,1357,1476,12,2,4,14,15,23,3,10,3456,13,7699,30000,7777,43,3,14698,236
64565,6322,1598,1688,1723,1246,1357,1476,12,2,4,14,15,23,3,10,3456,13,7699,30000,7777,43,3,14699,234
64566,6322,1598,1688,1723,1246,1357,1476,12,2,4,14,15,23,3,10,3456,13,7699,30000,7777,43,3,14700,232
64567,6322,1598,1688,1723,1246,1357,1476,12,2,4,14,15,23,3,10,3456,13,7699,30000,7777,43,3,14701,230
64568,6322,1598,1688,1723,1246,1357,1476,12,2,4,14,15,23,3,10,3456,13,7699,30000,7777,43,3,14702,228
64569,6322,1598,1688,1723,1246,1357,1476,12,2,4,14,15,23,3,10,3456,13,7699,30000,7777,43,3,14703,226
64570,6322,1598,1688,1723,1246,1357,1476,12,2,4,14,15,23,3,10,3456,13,7699,30000,7777,43,3,14704,224
64571,6322,1598,1688,1723,1246,1357,1476,12,2,4,14,15,23,3,10,3456,13,7699,30000,7777,43,3,14705,222
64572,6322,1598,1688,1723,1246,1357,1476,12,2,4,14,15,23,3,10,3456,13,7699,30000,7777,43,3,14706,220
64573,6322,1598,1688,1723,1246,1357,1476,12,2,4,14,15,23,3,10,3456,13,7699,30000,7777,43,3,14707,218
64574,6322,1598,1688,1723,1246,1357,1476,12,2,4,14,15,23,3,10,3456,13,7699,30000,7777,43,3,14708,216
64575,6322,1598,1688,1723,1246,1357,1476,12,2,4,14,15,23,3,10,3456,13,7699,30000,7777,43,3,14709,214
64576,6322,1598,1688,1723,1246,1357,1476,12,2,4,14,15,23,3,10,3456,13,7699,30000,7777,43,3,14710,212
64577,6322,1598,1688,1723,1246,1357,1476,12,2,4,14,15,23,3,10,3456,13,7699,30000,7777,43,3,14711,210
64578,6322,1598,1688,1723,1246,1357,1476,12,2,4,14,15,23,3,10,3456,13,7699,30000,7777,43,3,14712,208
64579,6322,1598,1688,1723,1246,1357,1476,12,2,4,14,15,23,3,10,3456,13,7699,30000,7777,43,3,14713,206
64580,6322,1598,1688,1723,1246,1357,1476,12,2,4,14,15,23,3,10,3456,13,7699,30000,7777,43,3,14714,204
64581,6322,1598,1688,1723,1246,1357,1476,12,2,4,14,15,23,3,10,3456,13,7699,30000,7777,43,3,14715,202
64582,6322,1598,1688,1723,1246,1357,1476,12,2,4,14,15,23,3,10,3456,13,7699,30000,7777,43,3,14716,200
64583,6322,1598,1688,1723,1246,1357,1476,12,2,4,14,15,23,3,10,3456,13,7699,30000,7777,43,3,14717,198
64584,6322,1598,1688,1723,1246,1357,1476,12,2,4,14,15,23,3,10,3456,13,7699,30000,7777,43,3,14718,196
64585,6322,1598,1688,1723,1246,1357,1476,12,2,4,14,15,23,3,10,3456,13,7699,30000,7777,43,3,14719,194
64586,6322,1598,1688,1723,1246,1357,1476,12,2,4,14,15,23,3,10,3456,13,7699,30000,7777,43,3,14720,192
64587,6322,1598,1688,1723,1246,1357,1476,12,2,4,14,15,23,3,10,3456,13,7699,30000,7777,43,3,14721,190
64588,6322,1598,1688,1723,1246,1357,1476,12,2,4,14,15,23,3,10,3456,13,7699,30000,7777,43,3,14722,188
64589,6322,1598,1688,1723,1246,1357,1476,12,2,4,14,15,23,3,10,3456,13,7699,30000,7777,43,3,14723,186
64590,6322,1598,1688,1723,1246,1357,1476,12,2,4,14,15,23,3,10,3456,13,7699,30000,7777,43,3,14724,184
64591,6322,1598,1688,1723,1246,1357,1476,12,2,4,14,15,23,3,10,3456,13,7699,30000,7777,43,3,14725,182
64592,6322,1598,1688,1723,1246,1357,1476,12,2,4,14,15,23,3,10,3456,13,7699,30000,7777,43,3,14726,180
64593,6322,1598,1688,1723,1246,1357,1476,12,2,4,14,15,23,3,10,3456,13,7699,30000,7777,43,3,14727,178
64594,6322,1598,1688,1723,1246,1357,1476,12,2,4,14,15,23,3,10,3456,13,7699,30000,7777,43,3,14728,176
64595,6322,1598,1688,1723,1246,1357,1476,12,2,4,14,15,23,3,10,3456,13,7699,30000,7777,43,3,14729,174
64596,6322,1598,1688,1723,1246,1357,1476,12,2,4,14,15,23,3,10,3456,13,7699,30000,7777,43,3,14730,172
64597,6322,1598,1688,1723,1246,1357,1476,12,2,4,14,15,23,3,10,3456,13,7699,30000,7777,43,3,14731,170
64598,6322,1598,1688,1723,1246,1357,1476,12,2,4,14,15,23,3,10,3456,13,7699,30000,7777,43,3,14732,168
64599,6322,1598,1688,1723,1246,1357,1476,12,2,4,14,15,23,3,10,3456,13,7699,30000,7777,43,3,14733,166
64600,6322,1598,1688,1723,1246,1357,1476,12,2,4,14,15,23,3,10,3456,13,7699,30000,7777,43,3,14734,164
64601,6322,1598,1688,1723,1246,1357,1476,12,2,4,14,15,23,3,10,3456,13,7699,30000,7777,43,3,14735,162
64602,6322,1598,1688,1723,1246,1357,1476,12,2,4,14,15,23,3,10,3456,13,7699,30000,7777,43,3,14736,160
64603,6322,1598,1688,1723,1246,1357,1476,12,2,4,14,15,23,3,10,3456,13,7699,30000,7777,43,3,14737,158
64604,6322,1598,1688,1723,1246,1357,1476,12,2,4,14,15,23,3,10,3456,13,7699,30000,7777,43,3,14738,156
64605,6322,1598,1688,1723,1246,1357,1476,12,2,4,14,15,23,3,10,3456,13,7699,30000,7777,43,3,14739,154
64606,6322,1598,1688,1723,1246,1357,1476,12,2,4,14,15,23,3,10,3456,13,7699,30000,7777,43,3,14740,152
64607,6322,1598,1688,1723,1246,1357,1476,12,2,4,14,15,23,3,10,3456,13,7699,30000,7777,43,3,14741,150
64608,6322,1598,1688,1723,1246,1357,1476,12,2,4,14,15,23,3,10,3456,13,7699,30000,7777,43,3,14742,148
64609,6322,1598,1688,1723,1246,1357,1476,12,2,4,14,15,23,3,10,3456,13,7699,30000,7777,43,3,14743,146
64610,6322,1598,1688,1723,1246,1357,1476,12,2,4,14,15,23,3,10,3456,13,7699,30000,7777,43,3,14744,144
64611,6322,1598,1688,1723,1246,1357,1476,12,2,4,14,15,23,3,10,3456,13,7699,30000,7777,43,3,14745,142
64612,6322,1598,1688,1723,1246,1357,1476,12,2,4,14,15,23,3,10,3456,13,7699,30000,7777,43,3,14746,140
64613,6322,1598,1688,1723,1246,1357,1476,12,2,4,14,15,23,3,10,3456,13,7699,30000,7777,43,3,14747,138
64614,6322,1598,1688,1723,1246,1357,1476,12,2,4,14,15,23,3,10,3456,13,7699,30000,7777,43,3,14748,136
64615,6322,1598,1688,1723,1246,1357,1476,12,2,4,14,15,23,3,10,3456,13,7699,30000,7777,43,3,14749,134
64616,6322,1598,1688,1723,1246,1357,1476,12,2,4,14,15,23,3,10,3456,13,7699,30000,7777,43,3,14750,132
64617,6322,1598,1688,1723,1246,1357,1476,12,2,4,14,15,23,3,10,3456,13,7699,30000,7777,43,3,14751,130
64618,6322,1598,1688,1723,1246,1357,1476,12,2,4,14,15,23,3,10,3456,13,7699,30000,7777,43,3,14752,128
64619,6322,1598,1688,1723,1246,1357,1476,12,2,4,14,15,23,3,10,3456,13,7699,30000,7777,43,3,14753,126
64620,6322,1598,1688,1723,1246,1357,1476,12,2,4,14,15,23,3,10,3456,13,7699,30000,7777,43,3,14754,124
64621,6322,1598,1688,1723,1246,1357,1476,12,2,4,14,15,23,3,10,3456,13,7699,30000,7777,43,3,14755,122
64622,6322,1598,1688,1723,1246,1357,1476,12,2,4,14,15,23,3,10,3456,13,7699,30000,7777,43,3,14756,120
64623,6322,1598,1688,1723,1246,1357,1476,12,2,4,14,15,23,3,10,3456,13,7699,30000,7777,43,3,14757,118
64624,6322,1598,1688,1723,1246,1357,1476,12,2,4,14,15,23,3,10,3456,13,7699,30000,7777,43,3,14758,116
64625,6322,1598,1688,1723,1246,1357,1476,12,2,4,14,15,23,3,10,3456,13,7699,30000,7777,43,3,14759,114
64626,6322,1598,1688,1723,1246,1357,1476,12,2,4,14,15,23,3,10,3456,13,7699,30000,7777,43,3,14760,112
64627,6322,1598,1688,1723,1246,1357,1476,12,2,4,14,15,23,3,10,3456,13,7699,30000,7777,43,3,14761,110
