23,0,0,0,167,117,1,0,206,10,0,0,7,0,246,255,239,255,233,255,4,0,31,4,62,2,0,0,0,0,0,0,0,0,0,0,0,0,0,0,0,0,0,0,0,0,0,0,0,0,0,0,0,0,0,0,0,0,0,0,0,0,0,0,0,0,0,0,246,0,0,0,250,0,0,0,0,0,0,0,1,0,0,0,180,14,1,0,6,0,0,0
23,0,0,0,167,117,1,0,206,10,0,0,7,0,246,255,239,255,234,255,4,0,29,4,143,17,0,0,0,0,0,0,0,0,0,0,0,0,0,0,0,0,0,0,0,0,0,0,0,0,0,0,0,0,0,0,0,0,0,0,0,0,0,0,0,0,0,0,226,0,0,0,244,0,0,0,0,0,0,0,1,0,0,0,24,15,1,0,92,0,0,0
23,0,0,0,186,117,1,0,206,10,0,0,7,0,247,255,240,255,236,255,5,0,31,4,143,17,0,0,0,0,0,0,0,0,0,0,0,0,0,0,0,0,0,0,0,0,0,0,0,0,0,0,0,0,0,0,0,0,0,0,0,0,0,0,0,0,0,0,212,0,0,0,239,0,0,0,0,0,0,0,1,0,0,0,124,15,1,0,241,0,0,0
23,0,0,0,167,117,1,0,206,10,0,0,8,0,245,255,239,255,234,255,6,0,30,4,143,17,0,0,0,0,0,0,0,0,0,0,0,0,0,0,0,0,0,0,0,0,0,0,0,0,0,0,0,0,0,0,0,0,0,0,0,0,0,0,0,0,0,0,204,0,0,0,238,0,0,0,0,0,0,0,1,0,0,0,224,15,1,0,173,0,0,0
23,0,0,0,186,117,1,0,206,10,0,0,7,0,245,255,239,255,236,255,5,0,30,4,143,17,0,0,0,0,0,0,0,0,0,0,0,0,0,0,0,0,0,0,0,0,0,0,0,0,0,0,0,0,0,0,0,0,0,0,0,0,0,0,0,0,0,0,212,0,0,0,240,0,0,0,0,0,0,0,1,0,0,0,68,16,1,0,43,0,0,0
23,0,0,0,167,117,1,0,206,10,0,0,7,0,247,255,239,255,234,255,6,0,32,4,143,17,0,0,0,0,0,0,0,0,0,0,0,0,0,0,0,0,0,0,0,0,0,0,0,0,0,0,0,0,0,0,0,0,0,0,0,0,0,0,0,0,0,0,182,0,0,0,231,0,0,0,0,0,0,0,1,0,0,0,168,16,1,0,254,0,0,0
23,0,0,0,167,117,1,0,206,10,0,0,7,0,246,255,239,255,234,255,4,0,33,4,143,17,0,0,0,0,0,0,0,0,0,0,0,0,0,0,0,0,0,0,0,0,0,0,0,0,0,0,0,0,0,0,0,0,0,0,0,0,0,0,0,0,0,0,183,0,0,0,229,0,0,0,0,0,0,0,1,0,0,0,12,17,1,0,156,0,0,0
23,0,0,0,167,117,1,0,206,10,0,0,7,0,247,255,238,255,236,255,6,0,31,4,143,17,0,0,0,0,0,0,0,0,0,0,0,0,0,0,0,0,0,0,0,0,0,0,0,0,0,0,0,0,0,0,0,0,0,0,0,0,0,0,0,0,0,0,172,0,0,0,227,0,0,0,0,0,0,0,1,0,0,0,112,17,1,0,67,0,0,0
23,0,0,0,171,117,1,0,208,10,0,0,7,0,246,255,240,255,233,255,4,0,31,4,143,17,0,0,0,0,0,0,0,0,0,0,0,0,0,0,0,0,0,0,0,0,0,0,0,0,0,0,0,0,0,0,0,0,0,0,0,0,0,0,0,0,0,0,154,0,0,0,223,0,0,0,0,0,0,0,1,0,0,0,212,17,1,0,243,0,0,0
23,0,0,0,171,117,1,0,208,10,0,0,8,0,246,255,238,255,235,255,6,0,30,4,143,17,0,0,0,0,0,0,0,0,0,0,0,0,0,0,0,0,0,0,0,0,0,0,0,0,0,0,0,0,0,0,0,0,0,0,0,0,0,0,0,0,0,0,136,0,0,0,218,0,0,0,0,0,0,0,1,0,0,0,56,18,1,0,163,0,0,0
23,0,0,0,171,117,1,0,208,10,0,0,7,0,246,255,239,255,235,255,4,0,31,4,143,17,0,0,0,0,0,0,0,0,0,0,0,0,0,0,0,0,0,0,0,0,0,0,0,0,0,0,0,0,0,0,0,0,0,0,0,0,0,0,0,0,0,0,118,0,0,0,214,0,0,0,0,0,0,0,1,0,0,0,156,18,1,0,86,0,0,0
23,0,0,0,189,117,1,0,208,10,0,0,7,0,246,255,239,255,235,255,4,0,28,4,120,42,231,0,0,0,0,0,0,0,0,0,0,0,0,0,0,0,0,0,0,0,0,0,0,0,0,0,0,0,0,0,0,0,0,0,0,0,0,0,0,0,0,0,109,0,0,0,212,0,0,0,0,0,0,0,1,0,0,0,0,19,1,0,4,0,0,0
23,0,0,0,171,117,1,0,208,10,0,0,7,0,246,255,239,255,233,255,3,0,30,4,120,42,231,0,0,0,0,0,0,0,0,0,0,0,0,0,0,0,0,0,0,0,0,0,0,0,0,0,0,0,0,0,0,0,0,0,0,0,0,0,0,0,0,0,83,0,0,0,206,0,0,0,0,0,0,0,1,0,0,0,100,19,1,0,211,0,0,0
23,0,0,0,171,117,1,0,208,10,0,0,8,0,247,255,239,255,236,255,6,0,30,4,120,42,231,0,0,0,0,0,0,0,0,0,0,0,0,0,0,0,0,0,0,0,0,0,0,0,0,0,0,0,0,0,0,0,0,0,0,0,0,0,0,0,0,0,66,0,0,0,202,0,0,0,0,0,0,0,1,0,0,0,200,19,1,0,124,0,0,0
23,0,0,0,171,117,1,0,208,10,0,0,7,0,246,255,239,255,235,255,6,0,31,4,120,42,231,0,0,0,0,0,0,0,0,0,0,0,0,0,0,0,0,0,0,0,0,0,0,0,0,0,0,0,0,0,0,0,0,0,0,0,0,0,0,0,0,0,58,0,0,0,202,0,0,0,0,0,0,0,1,0,0,0,44,20,1,0,33,0,0,0
23,0,0,0,171,117,1,0,208,10,0,0,7,0,246,255,239,255,235,255,5,0,31,4,120,42,231,0,0,0,0,0,0,0,0,0,0,0,0,0,0,0,0,0,0,0,0,0,0,0,0,0,0,0,0,0,0,0,0,0,0,0,0,0,0,0,0,0,30,0,0,0,195,0,0,0,0,0,0,0,1,0,0,0,144,20,1,0,225,0,0,0
23,0,0,0,193,117,1,0,209,10,0,0,7,0,246,255,240,255,235,255,4,0,31,4,120,42,231,0,0,0,0,0,0,0,0,0,0,0,0,0,0,0,0,0,0,0,0,0,0,0,0,0,0,0,0,0,0,0,0,0,0,0,0,0,0,0,0,0,11,0,0,0,191,0,0,0,0,0,0,0,1,0,0,0,244,20,1,0,125,0,0,0
23,0,0,0,174,117,1,0,209,10,0,0,7,0,245,255,239,255,234,255,3,0,31,4,120,42,231,0,0,0,0,0,0,0,0,0,0,0,0,0,0,0,0,0,0,0,0,0,0,0,0,0,0,0,0,0,0,0,0,0,0,0,0,0,0,0,0,0,1,0,0,0,190,0,0,0,0,0,0,0,1,0,0,0,88,21,1,0,58,0,0,0
23,0,0,0,174,117,1,0,209,10,0,0,7,0,246,255,239,255,235,255,6,0,31,4,120,42,231,0,0,0,0,0,0,0,0,0,0,0,0,0,0,0,0,0,0,0,0,0,0,0,0,0,0,0,0,0,0,0,0,0,0,0,0,0,0,0,0,0,243,255,255,255,188,0,0,0,0,0,0,0,1,0,0,0,188,21,1,0,228,0,0,0
23,0,0,0,174,117,1,0,209,10,0,0,7,0,246,255,239,255,236,255,5,0,30,4,120,42,231,0,0,0,0,0,0,0,0,0,0,0,0,0,0,0,0,0,0,0,0,0,0,0,0,0,0,0,0,0,0,0,0,0,0,0,0,0,0,0,0,0,213,255,255,255,181,0,0,0,0,0,0,0,1,0,0,0,32,22,1,0,165,0,0,0
23,0,0,0,174,117,1,0,209,10,0,0,7,0,246,255,239,255,234,255,5,0,28,4,120,42,231,0,0,0,0,0,0,0,0,0,0,0,0,0,0,0,0,0,0,0,0,0,0,0,0,0,0,0,0,0,0,0,0,0,0,0,0,0,0,0,0,0,200,255,255,255,179,0,0,0,0,0,0,0,1,0,0,0,132,22,1,0,84,0,0,0
23,0,0,0,174,117,1,0,209,10,0,0,8,0,245,255,239,255,234,255,4,0,28,4,116,42,30,1,0,0,0,0,0,0,0,0,0,0,0,0,0,0,0,0,0,0,0,0,0,0,0,0,0,0,0,0,0,0,0,0,0,0,0,0,0,0,0,0,186,255,255,255,176,0,0,0,0,0,0,0,1,0,0,0,232,22,1,0,206,0,0,0
23,0,0,0,156,117,1,0,209,10,0,0,7,0,246,255,239,255,233,255,4,0,29,4,116,42,30,1,0,0,0,0,0,0,0,0,0,0,0,0,0,0,0,0,0,0,0,0,0,0,0,0,0,0,0,0,0,0,0,0,0,0,0,0,0,0,0,0,182,255,255,255,181,0,0,0,0,0,0,0,1,0,0,0,76,23,1,0,122,0,0,0
23,0,0,0,178,117,1,0,211,10,0,0,7,0,246,255,239,255,235,255,5,0,31,4,116,42,30,1,0,0,0,0,0,0,0,0,0,0,0,0,0,0,0,0,0,0,0,0,0,0,0,0,0,0,0,0,0,0,0,0,0,0,0,0,0,0,0,0,191,255,255,255,185,0,0,0,0,0,0,0,1,0,0,0,176,23,1,0,236,0,0,0
23,0,0,0,174,117,1,0,209,10,0,0,8,0,246,255,240,255,234,255,4,0,30,4,116,42,30,1,0,0,0,0,0,0,0,0,0,0,0,0,0,0,0,0,0,0,0,0,0,0,0,0,0,0,0,0,0,0,0,0,0,0,0,0,0,0,0,0,181,255,255,255,184,0,0,0,0,0,0,0,1,0,0,0,20,24,1,0,153,0,0,0
23,0,0,0,178,117,1,0,211,10,0,0,8,0,246,255,239,255,235,255,5,0,29,4,116,42,30,1,0,0,0,0,0,0,0,0,0,0,0,0,0,0,0,0,0,0,0,0,0,0,0,0,0,0,0,0,0,0,0,0,0,0,0,0,0,0,0,0,148,255,255,255,177,0,0,0,0,0,0,0,1,0,0,0,120,24,1,0,87,0,0,0
23,0,0,0,174,117,1,0,209,10,0,0,7,0,246,255,239,255,235,255,4,0,31,4,116,42,30,1,0,0,0,0,0,0,0,0,0,0,0,0,0,0,0,0,0,0,0,0,0,0,0,0,0,0,0,0,0,0,0,0,0,0,0,0,0,0,0,0,131,255,255,255,174,0,0,0,0,0,0,0,1,0,0,0,220,24,1,0,13,0,0,0
23,0,0,0,174,117,1,0,209,10,0,0,8,0,246,255,239,255,234,255,5,0,30,4,116,42,30,1,0,0,0,0,0,0,0,0,0,0,0,0,0,0,0,0,0,0,0,0,0,0,0,0,0,0,0,0,0,0,0,0,0,0,0,0,0,0,0,0,133,255,255,255,177,0,0,0,0,0,0,0,1,0,0,0,64,25,1,0,163,0,0,0
23,0,0,0,174,117,1,0,209,10,0,0,7,0,246,255,239,255,235,255,4,0,32,4,116,42,30,1,0,0,0,0,0,0,0,0,0,0,0,0,0,0,0,0,0,0,0,0,0,0,0,0,0,0,0,0,0,0,0,0,0,0,0,0,0,0,0,0,133,255,255,255,179,0,0,0,0,0,0,0,1,0,0,0,164,25,1,0,60,0,0,0
23,0,0,0,178,117,1,0,211,10,0,0,7,0,245,255,239,255,234,255,5,0,32,4,116,42,30,1,0,0,0,0,0,0,0,0,0,0,0,0,0,0,0,0,0,0,0,0,0,0,0,0,0,0,0,0,0,0,0,0,0,0,0,0,0,0,0,0,132,255,255,255,181,0,0,0,0,0,0,0,1,0,0,0,8,26,1,0,209,0,0,0
23,0,0,0,178,117,1,0,211,10,0,0,8,0,246,255,240,255,234,255,5,0,28,4,116,42,30,1,0,0,0,0,0,0,0,0,0,0,0,0,0,0,0,0,0,0,0,0,0,0,0,0,0,0,0,0,0,0,0,0,0,0,0,0,0,0,0,0,138,255,255,255,184,0,0,0,0,0,0,0,1,0,0,0,108,26,1,0,101,0,0,0
23,0,0,0,178,117,1,0,211,10,0,0,8,0,246,255,240,255,235,255,5,0,29,4,116,42,30,1,0,0,0,0,0,0,0,0,0,0,0,0,0,0,0,0,0,0,0,0,0,0,0,0,0,0,0,0,0,0,0,0,0,0,0,0,0,0,0,0,133,255,255,255,185,0,0,0,0,0,0,0,1,0,0,0,208,26,1,0,3,0,0,0
23,0,0,0,178,117,1,0,211,10,0,0,8,0,245,255,239,255,236,255,5,0,32,4,121,42,224,0,0,0,0,0,0,0,0,0,0,0,0,0,0,0,0,0,0,0,0,0,0,0,0,0,0,0,0,0,0,0,0,0,0,0,0,0,0,0,0,0,130,255,255,255,186,0,0,0,0,0,0,0,1,0,0,0,52,27,1,0,216,0,0,0
23,0,0,0,178,117,1,0,211,10,0,0,7,0,245,255,239,255,236,255,4,0,32,4,121,42,224,0,0,0,0,0,0,0,0,0,0,0,0,0,0,0,0,0,0,0,0,0,0,0,0,0,0,0,0,0,0,0,0,0,0,0,0,0,0,0,0,0,131,255,255,255,188,0,0,0,0,0,0,0,1,0,0,0,152,27,1,0,115,0,0,0
23,0,0,0,159,117,1,0,211,10,0,0,7,0,246,255,239,255,234,255,2,0,30,4,121,42,224,0,0,0,0,0,0,0,0,0,0,0,0,0,0,0,0,0,0,0,0,0,0,0,0,0,0,0,0,0,0,0,0,0,0,0,0,0,0,0,0,0,135,255,255,255,191,0,0,0,0,0,0,0,1,0,0,0,252,27,1,0,32,0,0,0
23,0,0,0,159,117,1,0,211,10,0,0,8,0,246,255,239,255,234,255,5,0,31,4,121,42,224,0,0,0,0,0,0,0,0,0,0,0,0,0,0,0,0,0,0,0,0,0,0,0,0,0,0,0,0,0,0,0,0,0,0,0,0,0,0,0,0,0,123,255,255,255,189,0,0,0,0,0,0,0,1,0,0,0,96,28,1,0,196,0,0,0
23,0,0,0,163,117,1,0,213,10,0,0,7,0,246,255,239,255,234,255,5,0,28,4,121,42,224,0,0,0,0,0,0,0,0,0,0,0,0,0,0,0,0,0,0,0,0,0,0,0,0,0,0,0,0,0,0,0,0,0,0,0,0,0,0,0,0,0,98,255,255,255,183,0,0,0,0,0,0,0,1,0,0,0,196,28,1,0,125,0,0,0
23,0,0,0,178,117,1,0,211,10,0,0,7,0,246,255,239,255,236,255,5,0,32,4,121,42,224,0,0,0,0,0,0,0,0,0,0,0,0,0,0,0,0,0,0,0,0,0,0,0,0,0,0,0,0,0,0,0,0,0,0,0,0,0,0,0,0,0,73,255,255,255,178,0,0,0,0,0,0,0,1,0,0,0,40,29,1,0,35,0,0,0
23,0,0,0,163,117,1,0,213,10,0,0,8,0,246,255,239,255,235,255,4,0,31,4,121,42,224,0,0,0,0,0,0,0,0,0,0,0,0,0,0,0,0,0,0,0,0,0,0,0,0,0,0,0,0,0,0,0,0,0,0,0,0,0,0,0,0,0,70,255,255,255,178,0,0,0,0,0,0,0,1,0,0,0,140,29,1,0,209,0,0,0
23,0,0,0,159,117,1,0,211,10,0,0,8,0,246,255,239,255,235,255,4,0,30,4,121,42,224,0,0,0,0,0,0,0,0,0,0,0,0,0,0,0,0,0,0,0,0,0,0,0,0,0,0,0,0,0,0,0,0,0,0,0,0,0,0,0,0,0,95,255,255,255,187,0,0,0,0,0,0,0,1,0,0,0,240,29,1,0,82,0,0,0
23,0,0,0,178,117,1,0,211,10,0,0,8,0,245,255,239,255,235,255,4,0,32,4,121,42,224,0,0,0,0,0,0,0,0,0,0,0,0,0,0,0,0,0,0,0,0,0,0,0,0,0,0,0,0,0,0,0,0,0,0,0,0,0,0,0,0,0,98,255,255,255,186,0,0,0,0,0,0,0,1,0,0,0,84,30,1,0,215,0,0,0
23,0,0,0,163,117,1,0,213,10,0,0,7,0,246,255,240,255,235,255,3,0,30,4,121,42,224,0,0,0,0,0,0,0,0,0,0,0,0,0,0,0,0,0,0,0,0,0,0,0,0,0,0,0,0,0,0,0,0,0,0,0,0,0,0,0,0,0,96,255,255,255,187,0,0,0,0,0,0,0,1,0,0,0,184,30,1,0,131,0,0,0
23,0,0,0,182,117,1,0,213,10,0,0,7,0,246,255,239,255,234,255,4,0,31,4,122,42,254,0,0,0,0,0,0,0,0,0,0,0,0,0,0,0,0,0,0,0,0,0,0,0,0,0,0,0,0,0,0,0,0,0,0,0,0,0,0,0,0,0,73,255,255,255,181,0,0,0,0,0,0,0,1,0,0,0,28,31,1,0,9,0,0,0
23,0,0,0,182,117,1,0,213,10,0,0,7,0,247,255,239,255,236,255,3,0,29,4,122,42,254,0,0,0,0,0,0,0,0,0,0,0,0,0,0,0,0,0,0,0,0,0,0,0,0,0,0,0,0,0,0,0,0,0,0,0,0,0,0,0,0,0,75,255,255,255,184,0,0,0,0,0,0,0,1,0,0,0,128,31,1,0,160,0,0,0
23,0,0,0,163,117,1,0,213,10,0,0,8,0,245,255,238,255,235,255,5,0,29,4,122,42,254,0,0,0,0,0,0,0,0,0,0,0,0,0,0,0,0,0,0,0,0,0,0,0,0,0,0,0,0,0,0,0,0,0,0,0,0,0,0,0,0,0,78,255,255,255,187,0,0,0,0,0,0,0,1,0,0,0,228,31,1,0,74,0,0,0
23,0,0,0,163,117,1,0,213,10,0,0,8,0,246,255,239,255,235,255,5,0,31,4,122,42,254,0,0,0,0,0,0,0,0,0,0,0,0,0,0,0,0,0,0,0,0,0,0,0,0,0,0,0,0,0,0,0,0,0,0,0,0,0,0,0,0,0,97,255,255,255,194,0,0,0,0,0,0,0,1,0,0,0,72,32,1,0,199,0,0,0
23,0,0,0,163,117,1,0,213,10,0,0,7,0,246,255,239,255,235,255,5,0,31,4,122,42,254,0,0,0,0,0,0,0,0,0,0,0,0,0,0,0,0,0,0,0,0,0,0,0,0,0,0,0,0,0,0,0,0,0,0,0,0,0,0,0,0,0,96,255,255,255,196,0,0,0,0,0,0,0,1,0,0,0,172,32,1,0,99,0,0,0
23,0,0,0,186,117,1,0,215,10,0,0,6,0,246,255,240,255,235,255,4,0,29,4,122,42,254,0,0,0,0,0,0,0,0,0,0,0,0,0,0,0,0,0,0,0,0,0,0,0,0,0,0,0,0,0,0,0,0,0,0,0,0,0,0,0,0,0,120,255,255,255,206,0,0,0,0,0,0,0,1,0,0,0,16,33,1,0,198,0,0,0
23,0,0,0,182,117,1,0,213,10,0,0,8,0,245,255,240,255,234,255,6,0,31,4,122,42,254,0,0,0,0,0,0,0,0,0,0,0,0,0,0,0,0,0,0,0,0,0,0,0,0,0,0,0,0,0,0,0,0,0,0,0,0,0,0,0,0,0,100,255,255,255,200,0,0,0,0,0,0,0,1,0,0,0,116,33,1,0,126,0,0,0
23,0,0,0,167,117,1,0,215,10,0,0,7,0,246,255,240,255,234,255,5,0,29,4,122,42,254,0,0,0,0,0,0,0,0,0,0,0,0,0,0,0,0,0,0,0,0,0,0,0,0,0,0,0,0,0,0,0,0,0,0,0,0,0,0,0,0,0,85,255,255,255,197,0,0,0,0,0,0,0,1,0,0,0,216,33,1,0,60,0,0,0
23,0,0,0,186,117,1,0,215,10,0,0,8,0,245,255,240,255,234,255,4,0,32,4,122,42,254,0,0,0,0,0,0,0,0,0,0,0,0,0,0,0,0,0,0,0,0,0,0,0,0,0,0,0,0,0,0,0,0,0,0,0,0,0,0,0,0,0,88,255,255,255,200,0,0,0,0,0,0,0,1,0,0,0,60,34,1,0,188,0,0,0
23,0,0,0,167,117,1,0,215,10,0,0,7,0,246,255,238,255,235,255,3,0,30,4,122,42,254,0,0,0,0,0,0,0,0,0,0,0,0,0,0,0,0,0,0,0,0,0,0,0,0,0,0,0,0,0,0,0,0,0,0,0,0,0,0,0,0,0,75,255,255,255,197,0,0,0,0,0,0,0,1,0,0,0,160,34,1,0,127,0,0,0
23,0,0,0,186,117,1,0,215,10,0,0,7,0,246,255,239,255,233,255,5,0,32,4,114,42,253,0,0,0,0,0,0,0,0,0,0,0,0,0,0,0,0,0,0,0,0,0,0,0,0,0,0,0,0,0,0,0,0,0,0,0,0,0,0,0,0,0,58,255,255,255,194,0,0,0,0,0,0,0,1,0,0,0,4,35,1,0,33,0,0,0
23,0,0,0,167,117,1,0,215,10,0,0,7,0,246,255,239,255,235,255,4,0,31,4,114,42,253,0,0,0,0,0,0,0,0,0,0,0,0,0,0,0,0,0,0,0,0,0,0,0,0,0,0,0,0,0,0,0,0,0,0,0,0,0,0,0,0,0,67,255,255,255,199,0,0,0,0,0,0,0,1,0,0,0,104,35,1,0,194,0,0,0
23,0,0,0,167,117,1,0,215,10,0,0,8,0,245,255,239,255,236,255,5,0,30,4,114,42,253,0,0,0,0,0,0,0,0,0,0,0,0,0,0,0,0,0,0,0,0,0,0,0,0,0,0,0,0,0,0,0,0,0,0,0,0,0,0,0,0,0,81,255,255,255,205,0,0,0,0,0,0,0,1,0,0,0,204,35,1,0,73,0,0,0
23,0,0,0,167,117,1,0,215,10,0,0,8,0,246,255,239,255,235,255,4,0,31,4,114,42,253,0,0,0,0,0,0,0,0,0,0,0,0,0,0,0,0,0,0,0,0,0,0,0,0,0,0,0,0,0,0,0,0,0,0,0,0,0,0,0,0,0,85,255,255,255,208,0,0,0,0,0,0,0,1,0,0,0,48,36,1,0,221,0,0,0
23,0,0,0,167,117,1,0,215,10,0,0,8,0,246,255,239,255,234,255,4,0,31,4,114,42,253,0,0,0,0,0,0,0,0,0,0,0,0,0,0,0,0,0,0,0,0,0,0,0,0,0,0,0,0,0,0,0,0,0,0,0,0,0,0,0,0,0,94,255,255,255,212,0,0,0,0,0,0,0,1,0,0,0,148,36,1,0,109,0,0,0
23,0,0,0,148,117,1,0,215,10,0,0,8,0,246,255,239,255,236,255,4,0,30,4,114,42,253,0,0,0,0,0,0,0,0,0,0,0,0,0,0,0,0,0,0,0,0,0,0,0,0,0,0,0,0,0,0,0,0,0,0,0,0,0,0,0,0,0,107,255,255,255,214,0,0,0,0,0,0,0,1,0,0,0,248,36,1,0,12,0,0,0
23,0,0,0,186,117,1,0,215,10,0,0,7,0,246,255,239,255,235,255,5,0,31,4,114,42,253,0,0,0,0,0,0,0,0,0,0,0,0,0,0,0,0,0,0,0,0,0,0,0,0,0,0,0,0,0,0,0,0,0,0,0,0,0,0,0,0,0,119,255,255,255,218,0,0,0,0,0,0,0,1,0,0,0,92,37,1,0,113,0,0,0
23,0,0,0,186,117,1,0,215,10,0,0,7,0,246,255,240,255,233,255,6,0,30,4,114,42,253,0,0,0,0,0,0,0,0,0,0,0,0,0,0,0,0,0,0,0,0,0,0,0,0,0,0,0,0,0,0,0,0,0,0,0,0,0,0,0,0,0,113,255,255,255,217,0,0,0,0,0,0,0,1,0,0,0,192,37,1,0,21,0,0,0
23,0,0,0,167,117,1,0,215,10,0,0,9,0,246,255,239,255,236,255,5,0,31,4,114,42,253,0,0,0,0,0,0,0,0,0,0,0,0,0,0,0,0,0,0,0,0,0,0,0,0,0,0,0,0,0,0,0,0,0,0,0,0,0,0,0,0,0,129,255,255,255,223,0,0,0,0,0,0,0,1,0,0,0,36,38,1,0,169,0,0,0
23,0,0,0,186,117,1,0,215,10,0,0,8,0,246,255,239,255,235,255,5,0,28,4,114,42,253,0,0,0,0,0,0,0,0,0,0,0,0,0,0,0,0,0,0,0,0,0,0,0,0,0,0,0,0,0,0,0,0,0,0,0,0,0,0,0,0,0,128,255,255,255,224,0,0,0,0,0,0,0,1,0,0,0,136,38,1,0,55,0,0,0
23,0,0,0,167,117,1,0,215,10,0,0,7,0,245,255,239,255,235,255,6,0,31,4,121,42,250,0,0,0,0,0,0,0,0,0,0,0,0,0,0,0,0,0,0,0,0,0,0,0,0,0,0,0,0,0,0,0,0,0,0,0,0,0,0,0,0,0,129,255,255,255,225,0,0,0,0,0,0,0,1,0,0,0,236,38,1,0,222,0,0,0
23,0,0,0,167,117,1,0,215,10,0,0,8,0,246,255,239,255,236,255,4,0,32,4,121,42,250,0,0,0,0,0,0,0,0,0,0,0,0,0,0,0,0,0,0,0,0,0,0,0,0,0,0,0,0,0,0,0,0,0,0,0,0,0,0,0,0,0,120,255,255,255,229,0,0,0,0,0,0,0,1,0,0,0,80,39,1,0,124,0,0,0
23,0,0,0,167,117,1,0,215,10,0,0,8,0,246,255,238,255,234,255,4,0,32,4,121,42,250,0,0,0,0,0,0,0,0,0,0,0,0,0,0,0,0,0,0,0,0,0,0,0,0,0,0,0,0,0,0,0,0,0,0,0,0,0,0,0,0,0,114,255,255,255,228,0,0,0,0,0,0,0,1,0,0,0,180,39,1,0,34,0,0,0
23,0,0,0,167,117,1,0,215,10,0,0,7,0,246,255,239,255,235,255,5,0,30,4,121,42,250,0,0,0,0,0,0,0,0,0,0,0,0,0,0,0,0,0,0,0,0,0,0,0,0,0,0,0,0,0,0,0,0,0,0,0,0,0,0,0,0,0,116,255,255,255,230,0,0,0,0,0,0,0,1,0,0,0,24,40,1,0,185,0,0,0
23,0,0,0,148,117,1,0,215,10,0,0,7,0,247,255,239,255,235,255,4,0,31,4,121,42,250,0,0,0,0,0,0,0,0,0,0,0,0,0,0,0,0,0,0,0,0,0,0,0,0,0,0,0,0,0,0,0,0,0,0,0,0,0,0,0,0,0,123,255,255,255,233,0,0,0,0,0,0,0,1,0,0,0,124,40,1,0,93,0,0,0
23,0,0,0,167,117,1,0,215,10,0,0,8,0,246,255,239,255,234,255,5,0,29,4,121,42,250,0,0,0,0,0,0,0,0,0,0,0,0,0,0,0,0,0,0,0,0,0,0,0,0,0,0,0,0,0,0,0,0,0,0,0,0,0,0,0,0,0,150,255,255,255,242,0,0,0,0,0,0,0,1,0,0,0,224,40,1,0,196,0,0,0
23,0,0,0,167,117,1,0,215,10,0,0,8,0,246,255,239,255,235,255,4,0,29,4,121,42,250,0,0,0,0,0,0,0,0,0,0,0,0,0,0,0,0,0,0,0,0,0,0,0,0,0,0,0,0,0,0,0,0,0,0,0,0,0,0,0,0,0,161,255,255,255,246,0,0,0,0,0,0,0,1,0,0,0,68,41,1,0,80,0,0,0
23,0,0,0,167,117,1,0,215,10,0,0,7,0,246,255,239,255,235,255,5,0,29,4,121,42,250,0,0,0,0,0,0,0,0,0,0,0,0,0,0,0,0,0,0,0,0,0,0,0,0,0,0,0,0,0,0,0,0,0,0,0,0,0,0,0,0,0,163,255,255,255,246,0,0,0,0,0,0,0,1,0,0,0,168,41,1,0,234,0,0,0
23,0,0,0,167,117,1,0,215,10,0,0,7,0,246,255,239,255,235,255,5,0,29,4,121,42,250,0,0,0,0,0,0,0,0,0,0,0,0,0,0,0,0,0,0,0,0,0,0,0,0,0,0,0,0,0,0,0,0,0,0,0,0,0,0,0,0,0,169,255,255,255,248,0,0,0,0,0,0,0,1,0,0,0,12,42,1,0,125,0,0,0
23,0,0,0,171,117,1,0,216,10,0,0,8,0,246,255,239,255,235,255,5,0,31,4,121,42,250,0,0,0,0,0,0,0,0,0,0,0,0,0,0,0,0,0,0,0,0,0,0,0,0,0,0,0,0,0,0,0,0,0,0,0,0,0,0,0,0,0,164,255,255,255,247,0,0,0,0,0,0,0,1,0,0,0,112,42,1,0,23,0,0,0
23,0,0,0,171,117,1,0,216,10,0,0,8,0,246,255,239,255,236,255,6,0,32,4,117,42,13,1,0,0,0,0,0,0,0,0,0,0,0,0,0,0,0,0,0,0,0,0,0,0,0,0,0,0,0,0,0,0,0,0,0,0,0,0,0,0,0,0,145,255,255,255,241,0,0,0,0,0,0,0,1,0,0,0,212,42,1,0,185,0,0,0
23,0,0,0,167,117,1,0,215,10,0,0,7,0,246,255,240,255,234,255,5,0,31,4,117,42,13,1,0,0,0,0,0,0,0,0,0,0,0,0,0,0,0,0,0,0,0,0,0,0,0,0,0,0,0,0,0,0,0,0,0,0,0,0,0,0,0,0,148,255,255,255,241,0,0,0,0,0,0,0,1,0,0,0,56,43,1,0,90,0,0,0
23,0,0,0,167,117,1,0,215,10,0,0,8,0,245,255,239,255,234,255,4,0,29,4,117,42,13,1,0,0,0,0,0,0,0,0,0,0,0,0,0,0,0,0,0,0,0,0,0,0,0,0,0,0,0,0,0,0,0,0,0,0,0,0,0,0,0,0,145,255,255,255,238,0,0,0,0,0,0,0,1,0,0,0,156,43,1,0,0,0,0,0
23,0,0,0,186,117,1,0,215,10,0,0,7,0,246,255,239,255,233,255,5,0,30,4,117,42,13,1,0,0,0,0,0,0,0,0,0,0,0,0,0,0,0,0,0,0,0,0,0,0,0,0,0,0,0,0,0,0,0,0,0,0,0,0,0,0,0,0,140,255,255,255,237,0,0,0,0,0,0,0,1,0,0,0,0,44,1,0,141,0,0,0
23,0,0,0,189,117,1,0,216,10,0,0,8,0,246,255,239,255,235,255,4,0,28,4,117,42,13,1,0,0,0,0,0,0,0,0,0,0,0,0,0,0,0,0,0,0,0,0,0,0,0,0,0,0,0,0,0,0,0,0,0,0,0,0,0,0,0,0,128,255,255,255,233,0,0,0,0,0,0,0,1,0,0,0,100,44,1,0,53,0,0,0
23,0,0,0,167,117,1,0,215,10,0,0,7,0,246,255,239,255,234,255,5,0,31,4,117,42,13,1,0,0,0,0,0,0,0,0,0,0,0,0,0,0,0,0,0,0,0,0,0,0,0,0,0,0,0,0,0,0,0,0,0,0,0,23,0,0,0,167,117,1,0,215,10,0,0,8,0,246,255,239,255,235,255,5,0,29,4,117,42,13,1,0
23,0,0,0,186,117,1,0,215,10,0,0,8,0,246,255,238,255,234,255,6,0,30,4,117,42,13,1,0,0,0,0,0,0,0,0,0,0,0,0,0,0,0,0,0,0,0,0,0,0,0,0,0,0,0,0,0,0,0,0,0,0,0,0,0,0,0,0,105,255,255,255,230,0,0,0,0,0,0,0,1,0,0,0,144,45,1,0,36,0,0,0
23,0,0,0,171,117,1,0,216,10,0,0,8,0,246,255,239,255,235,255,5,0,30,4,117,42,13,1,0,0,0,0,0,0,0,0,0,0,0,0,0,0,0,0,0,0,0,0,0,0,0,0,0,0,0,0,0,0,0,0,0,0,0,0,0,0,0,0,101,255,255,255,230,0,0,0,0,0,0,0,1,0,0,0,244,45,1,0,209,0,0,0
23,0,0,0,171,117,1,0,216,10,0,0,8,0,246,255,239,255,235,255,3,0,30,4,117,42,13,1,0,0,0,0,0,0,0,0,0,0,0,0,0,0,0,0,0,0,0,0,0,0,0,0,0,0,0,0,0,0,0,0,0,0,0,0,0,0,0,0,96,255,255,255,229,0,0,0,0,0,0,0,1,0,0,0,88,46,1,0,116,0,0,0
23,0,0,0,167,117,1,0,215,10,0,0,7,0,246,255,239,255,234,255,5,0,32,4,117,42,13,1,0,0,0,0,0,0,0,0,0,0,0,0,0,0,0,0,0,0,0,0,0,0,0,0,0,0,0,0,0,0,0,0,0,0,0,0,0,0,0,0,97,255,255,255,230,0,0,0,0,0,0,0,1,0,0,0,188,46,1,0,17,0,0,0
23,0,0,0,186,117,1,0,215,10,0,0,8,0,246,255,240,255,235,255,4,0,28,4,115,42,33,1,0,0,0,0,0,0,0,0,0,0,0,0,0,0,0,0,0,0,0,0,0,0,0,0,0,0,0,0,0,0,0,0,0,0,0,0,0,0,0,0,110,255,255,255,234,0,0,0,0,0,0,0,1,0,0,0,32,47,1,0,120,0,0,0
23,0,0,0,171,117,1,0,216,10,0,0,8,0,246,255,239,255,235,255,3,0,30,4,115,42,33,1,0,0,0,0,0,0,0,0,0,0,0,0,0,0,0,0,0,0,0,0,0,0,0,0,0,0,0,0,0,0,0,0,0,0,0,0,0,0,0,0,120,255,255,255,238,0,0,0,0,0,0,0,1,0,0,0,132,47,1,0,20,0,0,0
23,0,0,0,167,117,1,0,215,10,0,0,7,0,246,255,239,255,235,255,6,0,28,4,115,42,33,1,0,0,0,0,0,0,0,0,0,0,0,0,0,0,0,0,0,0,0,0,0,0,0,0,0,0,0,0,0,0,0,0,0,0,0,0,0,0,0,0,121,255,255,255,238,0,0,0,0,0,0,0,1,0,0,0,232,47,1,0,180,0,0,0
23,0,0,0,167,117,1,0,215,10,0,0,7,0,245,255,240,255,235,255,5,0,29,4,115,42,33,1,0,0,0,0,0,0,0,0,0,0,0,0,0,0,0,0,0,0,0,0,0,0,0,0,0,0,0,0,0,0,0,0,0,0,0,0,0,0,0,0,123,255,255,255,240,0,0,0,0,0,0,0,1,0,0,0,76,48,1,0,75,0,0,0
23,0,0,0,167,117,1,0,215,10,0,0,8,0,246,255,240,255,234,255,5,0,28,4,115,42,33,1,0,0,0,0,0,0,0,0,0,0,0,0,0,0,0,0,0,0,0,0,0,0,0,0,0,0,0,0,0,0,0,0,0,0,0,0,0,0,0,0,99,255,255,255,233,0,0,0,0,0,0,0,1,0,0,0,176,48,1,0,6,0,0,0
23,0,0,0,186,117,1,0,215,10,0,0,7,0,246,255,239,255,235,255,5,0,31,4,115,42,33,1,0,0,0,0,0,0,0,0,0,0,0,0,0,0,0,0,0,0,0,0,0,0,0,0,0,0,0,0,0,0,0,0,0,0,0,0,0,0,0,0,102,255,255,255,235,0,0,0,0,0,0,0,1,0,0,0,20,49,1,0,135,0,0,0
23,0,0,0,171,117,1,0,216,10,0,0,8,0,246,255,239,255,235,255,4,0,30,4,115,42,33,1,0,0,0,0,0,0,0,0,0,0,0,0,0,0,0,0,0,0,0,0,0,0,0,0,0,0,0,0,0,0,0,0,0,0,0,0,0,0,0,0,91,255,255,255,233,0,0,0,0,0,0,0,1,0,0,0,120,49,1,0,63,0,0,0
23,0,0,0,186,117,1,0,215,10,0,0,8,0,246,255,239,255,235,255,5,0,30,4,115,42,33,1,0,0,0,0,0,0,0,0,0,0,0,0,0,0,0,0,0,0,0,0,0,0,0,0,0,0,0,0,0,0,0,0,0,0,0,0,0,0,0,0,105,255,255,255,239,0,0,0,0,0,0,0,1,0,0,0,220,49,1,0,184,0,0,0
23,0,0,0,167,117,1,0,215,10,0,0,8,0,245,255,239,255,234,255,5,0,31,4,115,42,33,1,0,0,0,0,0,0,0,0,0,0,0,0,0,0,0,0,0,0,0,0,0,0,0,0,0,0,0,0,0,0,0,0,0,0,0,0,0,0,0,0,108,255,255,255,238,0,0,0,0,0,0,0,1,0,0,0,64,50,1,0,101,0,0,0
23,0,0,0,186,117,1,0,215,10,0,0,7,0,246,255,239,255,235,255,4,0,32,4,115,42,33,1,0,0,0,0,0,0,0,0,0,0,0,0,0,0,0,0,0,0,0,0,0,0,0,0,0,0,0,0,0,0,0,0,0,0,0,0,0,0,0,0,104,255,255,255,238,0,0,0,0,0,0,0,1,0,0,0,164,50,1,0,241,0,0,0
23,0,0,0,171,117,1,0,216,10,0,0,8,0,245,255,240,255,234,255,5,0,32,4,119,42,247,0,0,0,0,0,0,0,0,0,0,0,0,0,0,0,0,0,0,0,0,0,0,0,0,0,0,0,0,0,0,0,0,0,0,0,0,0,0,0,0,0,100,255,255,255,238,0,0,0,0,0,0,0,1,0,0,0,8,51,1,0,196,0,0,0
23,0,0,0,186,117,1,0,215,10,0,0,7,0,247,255,239,255,234,255,3,0,30,4,119,42,247,0,0,0,0,0,0,0,0,0,0,0,0,0,0,0,0,0,0,0,0,0,0,0,0,0,0,0,0,0,0,0,0,0,0,0,0,0,0,0,0,0,114,255,255,255,243,0,0,0,0,0,0,0,1,0,0,0,108,51,1,0,67,0,0,0
23,0,0,0,167,117,1,0,215,10,0,0,8,0,245,255,239,255,235,255,6,0,31,4,119,42,247,0,0,0,0,0,0,0,0,0,0,0,0,0,0,0,0,0,0,0,0,0,0,0,0,0,0,0,0,0,0,0,0,0,0,0,0,0,0,0,0,0,111,255,255,255,243,0,0,0,0,0,0,0,1,0,0,0,208,51,1,0,241,0,0,0
23,0,0,0,171,117,1,0,216,10,0,0,7,0,246,255,240,255,234,255,6,0,31,4,119,42,247,0,0,0,0,0,0,0,0,0,0,0,0,0,0,0,0,0,0,0,0,0,0,0,0,0,0,0,0,0,0,0,0,0,0,0,0,0,0,0,0,0,103,255,255,255,240,0,0,0,0,0,0,0,1,0,0,0,52,52,1,0,146,0,0,0
23,0,0,0,171,117,1,0,216,10,0,0,8,0,246,255,239,255,235,255,4,0,31,4,119,42,247,0,0,0,0,0,0,0,0,0,0,0,0,0,0,0,0,0,0,0,0,0,0,0,0,0,0,0,0,0,0,0,0,0,0,0,0,0,0,0,0,0,95,255,255,255,238,0,0,0,0,0,0,0,1,0,0,0,152,52,1,0,57,0,0,0
23,0,0,0,171,117,1,0,216,10,0,0,7,0,246,255,239,255,235,255,6,0,29,4,119,42,247,0,0,0,0,0,0,0,0,0,0,0,0,0,0,0,0,0,0,0,0,0,0,0,0,0,0,0,0,0,0,0,0,0,0,0,0,0,0,0,0,0,92,255,255,255,238,0,0,0,0,0,0,0,1,0,0,0,252,52,1,0,217,0,0,0
23,0,0,0,167,117,1,0,215,10,0,0,8,0,246,255,239,255,235,255,6,0,29,4,119,42,247,0,0,0,0,0,0,0,0,0,0,0,0,0,0,0,0,0,0,0,0,0,0,0,0,0,0,0,0,0,0,0,0,0,0,0,0,0,0,0,0,0,103,255,255,255,241,0,0,0,0,0,0,0,1,0,0,0,96,53,1,0,106,0,0,0
23,0,0,0,167,117,1,0,215,10,0,0,7,0,245,255,239,255,234,255,5,0,29,4,119,42,247,0,0,0,0,0,0,0,0,0,0,0,0,0,0,0,0,0,0,0,0,0,0,0,0,0,0,0,0,0,0,0,0,0,0,0,0,0,0,0,0,0,95,255,255,255,239,0,0,0,0,0,0,0,1,0,0,0,196,53,1,0,20,0,0,0
23,0,0,0,171,117,1,0,216,10,0,0,7,0,246,255,240,255,234,255,4,0,32,4,119,42,247,0,0,0,0,0,0,0,0,0,0,0,0,0,0,0,0,0,0,0,0,0,0,0,0,0,0,0,0,0,0,0,0,0,0,0,0,0,0,0,0,0,71,255,255,255,233,0,0,0,0,0,0,0,1,0,0,0,40,54,1,0,196,0,0,0
23,0,0,0,167,117,1,0,215,10,0,0,8,0,245,255,238,255,235,255,5,0,30,4,119,42,247,0,0,0,0,0,0,0,0,0,0,0,0,0,0,0,0,0,0,0,0,0,0,0,0,0,0,0,0,0,0,0,0,0,0,0,0,0,0,0,0,0,66,255,255,255,235,0,0,0,0,0,0,0,1,0,0,0,140,54,1,0,106,0,0,0
23,0,0,0,171,117,1,0,216,10,0,0,7,0,246,255,239,255,236,255,3,0,30,4,112,42,29,1,0,0,0,0,0,0,0,0,0,0,0,0,0,0,0,0,0,0,0,0,0,0,0,0,0,0,0,0,0,0,0,0,0,0,0,0,0,0,0,0,66,255,255,255,236,0,0,0,0,0,0,0,1,0,0,0,240,54,1,0,224,0,0,0
23,0,0,0,171,117,1,0,216,10,0,0,7,0,246,255,239,255,234,255,4,0,32,4,112,42,29,1,0,0,0,0,0,0,0,0,0,0,0,0,0,0,0,0,0,0,0,0,0,0,0,0,0,0,0,0,0,0,0,0,0,0,0,0,0,0,0,0,69,255,255,255,237,0,0,0,0,0,0,0,1,0,0,0,84,55,1,0,118,0,0,0
23,0,0,0,171,117,1,0,216,10,0,0,8,0,246,255,239,255,235,255,4,0,31,4,112,42,29,1,0,0,0,0,0,0,0,0,0,0,0,0,0,0,0,0,0,0,0,0,0,0,0,0,0,0,0,0,0,0,0,0,0,0,0,0,0,0,0,0,71,255,255,255,238,0,0,0,0,0,0,0,1,0,0,0,184,55,1,0,14,0,0,0
23,0,0,0,174,117,1,0,218,10,0,0,8,0,246,255,239,255,234,255,5,0,32,4,112,42,29,1,0,0,0,0,0,0,0,0,0,0,0,0,0,0,0,0,0,0,0,0,0,0,0,0,0,0,0,0,0,0,0,0,0,0,0,0,0,0,0,0,65,255,255,255,236,0,0,0,0,0,0,0,1,0,0,0,28,56,1,0,171,0,0,0
23,0,0,0,167,117,1,0,215,10,0,0,8,0,246,255,239,255,234,255,6,0,32,4,112,42,29,1,0,0,0,0,0,0,0,0,0,0,0,0,0,0,0,0,0,0,0,0,0,0,0,0,0,0,0,0,0,0,0,0,0,0,0,0,0,0,0,0,57,255,255,255,235,0,0,0,0,0,0,0,1,0,0,0,128,56,1,0,89,0,0,0
23,0,0,0,167,117,1,0,215,10,0,0,8,0,245,255,239,255,235,255,4,0,33,4,112,42,29,1,0,0,0,0,0,0,0,0,0,0,0,0,0,0,0,0,0,0,0,0,0,0,0,0,0,0,0,0,0,0,0,0,0,0,0,0,0,0,0,0,87,255,255,255,243,0,0,0,0,0,0,0,1,0,0,0,228,56,1,0,208,0,0,0
23,0,0,0,171,117,1,0,216,10,0,0,8,0,245,255,239,255,235,255,4,0,31,4,112,42,29,1,0,0,0,0,0,0,0,0,0,0,0,0,0,0,0,0,0,0,0,0,0,0,0,0,0,0,0,0,0,0,0,0,0,0,0,0,0,0,0,0,95,255,255,255,246,0,0,0,0,0,0,0,1,0,0,0,72,57,1,0,93,0,0,0
23,0,0,0,171,117,1,0,216,10,0,0,7,0,246,255,239,255,235,255,6,0,32,4,112,42,29,1,0,0,0,0,0,0,0,0,0,0,0,0,0,0,0,0,0,0,0,0,0,0,0,0,0,0,0,0,0,0,0,0,0,0,0,0,0,0,0,0,82,255,255,255,241,0,0,0,0,0,0,0,1,0,0,0,172,57,1,0,8,0,0,0
23,0,0,0,171,117,1,0,216,10,0,0,7,0,246,255,239,255,234,255,5,0,32,4,112,42,29,1,0,0,0,0,0,0,0,0,0,0,0,0,0,0,0,0,0,0,0,0,0,0,0,0,0,0,0,0,0,0,0,0,0,0,0,0,0,0,0,0,91,255,255,255,245,0,0,0,0,0,0,0,1,0,0,0,16,58,1,0,152,0,0,0
23,0,0,0,171,117,1,0,216,10,0,0,7,0,246,255,238,255,235,255,3,0,32,4,112,42,29,1,0,0,0,0,0,0,0,0,0,0,0,0,0,0,0,0,0,0,0,0,0,0,0,0,0,0,0,0,0,0,0,0,0,0,0,0,0,0,0,0,76,255,255,255,241,0,0,0,0,0,0,0,1,0,0,0,116,58,1,0,73,0,0,0
23,0,0,0,171,117,1,0,216,10,0,0,8,0,246,255,239,255,235,255,5,0,28,4,112,42,13,1,0,0,0,0,0,0,0,0,0,0,0,0,0,0,0,0,0,0,0,0,0,0,0,0,0,0,0,0,0,0,0,0,0,0,0,0,0,0,0,0,56,255,255,255,236,0,0,0,0,0,0,0,1,0,0,0,216,58,1,0,14,0,0,0
23,0,0,0,171,117,1,0,216,10,0,0,7,0,247,255,240,255,236,255,4,0,30,4,112,42,13,1,0,0,0,0,0,0,0,0,0,0,0,0,0,0,0,0,0,0,0,0,0,0,0,0,0,0,0,0,0,0,0,0,0,0,0,0,0,0,0,0,58,255,255,255,237,0,0,0,0,0,0,0,1,0,0,0,60,59,1,0,163,0,0,0
23,0,0,0,152,117,1,0,216,10,0,0,8,0,246,255,240,255,234,255,5,0,30,4,112,42,13,1,0,0,0,0,0,0,0,0,0,0,0,0,0,0,0,0,0,0,0,0,0,0,0,0,0,0,0,0,0,0,0,0,0,0,0,0,0,0,0,0,65,255,255,255,240,0,0,0,0,0,0,0,1,0,0,0,160,59,1,0,73,0,0,0
23,0,0,0,189,117,1,0,216,10,0,0,8,0,246,255,239,255,233,255,4,0,30,4,112,42,13,1,0,0,0,0,0,0,0,0,0,0,0,0,0,0,0,0,0,0,0,0,0,0,0,0,0,0,0,0,0,0,0,0,0,0,0,0,0,0,0,0,57,255,255,255,238,0,0,0,0,0,0,0,1,0,0,0,4,60,1,0,204,0,0,0
23,0,0,0,171,117,1,0,216,10,0,0,8,0,246,255,239,255,235,255,4,0,30,4,112,42,13,1,0,0,0,0,0,0,0,0,0,0,0,0,0,0,0,0,0,0,0,0,0,0,0,0,0,0,0,0,0,0,0,0,0,0,0,0,0,0,0,0,62,255,255,255,240,0,0,0,0,0,0,0,1,0,0,0,104,60,1,0,113,0,0,0
23,0,0,0,171,117,1,0,216,10,0,0,8,0,246,255,239,255,234,255,4,0,28,4,112,42,13,1,0,0,0,0,0,0,0,0,0,0,0,0,0,0,0,0,0,0,0,0,0,0,0,0,0,0,0,0,0,0,0,0,0,0,0,0,0,0,0,0,56,255,255,255,239,0,0,0,0,0,0,0,1,0,0,0,204,60,1,0,23,0,0,0
23,0,0,0,189,117,1,0,216,10,0,0,8,0,246,255,239,255,235,255,4,0,29,4,112,42,13,1,0,0,0,0,0,0,0,0,0,0,0,0,0,0,0,0,0,0,0,0,0,0,0,0,0,0,0,0,0,0,0,0,0,0,0,0,0,0,0,0,42,255,255,255,234,0,0,0,0,0,0,0,1,0,0,0,48,61,1,0,177,0,0,0
23,0,0,0,171,117,1,0,216,10,0,0,7,0,246,255,239,255,235,255,6,0,32,4,112,42,13,1,0,0,0,0,0,0,0,0,0,0,0,0,0,0,0,0,0,0,0,0,0,0,0,0,0,0,0,0,0,0,0,0,0,0,0,0,0,0,0,0,41,255,255,255,235,0,0,0,0,0,0,0,1,0,0,0,148,61,1,0,91,0,0,0
23,0,0,0,174,117,1,0,218,10,0,0,8,0,246,255,239,255,235,255,4,0,31,4,112,42,13,1,0,0,0,0,0,0,0,0,0,0,0,0,0,0,0,0,0,0,0,0,0,0,0,0,0,0,0,0,0,0,0,0,0,0,0,0,0,0,0,0,55,255,255,255,240,0,0,0,0,0,0,0,1,0,0,0,248,61,1,0,225,0,0,0
23,0,0,0,174,117,1,0,218,10,0,0,8,0,246,255,240,255,234,255,5,0,32,4,112,42,13,1,0,0,0,0,0,0,0,0,0,0,0,0,0,0,0,0,0,0,0,0,0,0,0,0,0,0,0,0,0,0,0,0,0,0,0,0,0,0,0,0,84,255,255,255,249,0,0,0,0,0,0,0,1,0,0,0,92,62,1,0,84,0,0,0
23,0,0,0,171,117,1,0,216,10,0,0,8,0,246,255,239,255,235,255,4,0,31,4,109,42,33,1,0,0,0,0,0,0,0,0,0,0,0,0,0,0,0,0,0,0,0,0,0,0,0,0,0,0,0,0,0,0,0,0,0,0,0,0,0,0,0,0,84,255,255,255,249,0,0,0,0,0,0,0,1,0,0,0,192,62,1,0,230,0,0,0
23,0,0,0,171,117,1,0,216,10,0,0,8,0,246,255,239,255,235,255,5,0,31,4,109,42,33,1,0,0,0,0,0,0,0,0,0,0,0,0,0,0,0,0,0,0,0,0,0,0,0,0,0,0,0,0,0,0,0,0,0,0,0,0,0,0,0,0,88,255,255,255,248,0,0,0,0,0,0,0,1,0,0,0,36,63,1,0,125,0,0,0
23,0,0,0,171,117,1,0,216,10,0,0,7,0,246,255,239,255,235,255,5,0,29,4,109,42,33,1,0,0,0,0,0,0,0,0,0,0,0,0,0,0,0,0,0,0,0,0,0,0,0,0,0,0,0,0,0,0,0,0,0,0,0,0,0,0,0,0,89,255,255,255,248,0,0,0,0,0,0,0,1,0,0,0,136,63,1,0,27,0,0,0
23,0,0,0,152,117,1,0,216,10,0,0,7,0,246,255,239,255,235,255,6,0,31,4,109,42,33,1,0,0,0,0,0,0,0,0,0,0,0,0,0,0,0,0,0,0,0,0,0,0,0,0,0,0,0,0,0,0,0,0,0,0,0,0,0,0,0,0,98,255,255,255,250,0,0,0,0,0,0,0,1,0,0,0,236,63,1,0,188,0,0,0
23,0,0,0,152,117,1,0,216,10,0,0,8,0,246,255,239,255,234,255,4,0,29,4,109,42,33,1,0,0,0,0,0,0,0,0,0,0,0,0,0,0,0,0,0,0,0,0,0,0,0,0,0,0,0,0,0,0,0,0,0,0,0,0,0,0,0,0,99,255,255,255,251,0,0,0,0,0,0,0,1,0,0,0,80,64,1,0,89,0,0,0
23,0,0,0,171,117,1,0,216,10,0,0,8,0,246,255,239,255,236,255,4,0,30,4,109,42,33,1,0,0,0,0,0,0,0,0,0,0,0,0,0,0,0,0,0,0,0,0,0,0,0,0,0,0,0,0,0,0,0,0,0,0,0,0,0,0,0,0,90,255,255,255,248,0,0,0,0,0,0,0,1,0,0,0,180,64,1,0,235,0,0,0
23,0,0,0,174,117,1,0,218,10,0,0,8,0,246,255,240,255,234,255,5,0,30,4,109,42,33,1,0,0,0,0,0,0,0,0,0,0,0,0,0,0,0,0,0,0,0,0,0,0,0,0,0,0,0,0,0,0,0,0,0,0,0,0,0,0,0,0,86,255,255,255,247,0,0,0,0,0,0,0,1,0,0,0,24,65,1,0,134,0,0,0
23,0,0,0,174,117,1,0,218,10,0,0,8,0,246,255,240,255,235,255,5,0,31,4,109,42,33,1,0,0,0,0,0,0,0,0,0,0,0,0,0,0,0,0,0,0,0,0,0,0,0,0,0,0,0,0,0,0,0,0,0,0,0,0,0,0,0,0,53,255,255,255,238,0,0,0,0,0,0,0,1,0,0,0,124,65,1,0,74,0,0,0
23,0,0,0,193,117,1,0,218,10,0,0,7,0,246,255,239,255,234,255,4,0,32,4,109,42,33,1,0,0,0,0,0,0,0,0,0,0,0,0,0,0,0,0,0,0,0,0,0,0,0,0,0,0,0,0,0,0,0,0,0,0,0,0,0,0,0,0,63,255,255,255,242,0,0,0,0,0,0,0,1,0,0,0,224,65,1,0,200,0,0,0
23,0,0,0,174,117,1,0,218,10,0,0,7,0,246,255,240,255,235,255,4,0,32,4,109,42,33,1,0,0,0,0,0,0,0,0,0,0,0,0,0,0,0,0,0,0,0,0,0,0,0,0,0,0,0,0,0,0,0,0,0,0,0,0,0,0,0,0,61,255,255,255,241,0,0,0,0,0,0,0,1,0,0,0,68,66,1,0,119,0,0,0
23,0,0,0,174,117,1,0,218,10,0,0,7,0,245,255,239,255,235,255,4,0,32,4,109,42,33,1,0,0,0,0,0,0,0,0,0,0,0,0,0,0,0,0,0,0,0,0,0,0,0,0,0,0,0,0,0,0,0,0,0,0,0,0,0,0,0,0,57,255,255,255,241,0,0,0,0,0,0,0,1,0,0,0,168,66,1,0,25,0,0,0
23,0,0,0,174,117,1,0,218,10,0,0,8,0,246,255,240,255,235,255,6,0,31,4,110,42,24,1,0,0,0,0,0,0,0,0,0,0,0,0,0,0,0,0,0,0,0,0,0,0,0,0,0,0,0,0,0,0,0,0,0,0,0,0,0,0,0,0,73,255,255,255,246,0,0,0,0,0,0,0,1,0,0,0,12,67,1,0,163,0,0,0
23,0,0,0,174,117,1,0,218,10,0,0,7,0,246,255,240,255,234,255,6,0,32,4,110,42,24,1,0,0,0,0,0,0,0,0,0,0,0,0,0,0,0,0,0,0,0,0,0,0,0,0,0,0,0,0,0,0,0,0,0,0,0,0,0,0,0,0,66,255,255,255,244,0,0,0,0,0,0,0,1,0,0,0,112,67,1,0,73,0,0,0
23,0,0,0,156,117,1,0,218,10,0,0,8,0,246,255,239,255,234,255,4,0,30,4,110,42,24,1,0,0,0,0,0,0,0,0,0,0,0,0,0,0,0,0,0,0,0,0,0,0,0,0,0,0,0,0,0,0,0,0,0,0,0,0,0,0,0,0,51,255,255,255,240,0,0,0,0,0,0,0,1,0,0,0,212,67,1,0,14,0,0,0
23,0,0,0,174,117,1,0,218,10,0,0,7,0,245,255,239,255,234,255,5,0,31,4,110,42,24,1,0,0,0,0,0,0,0,0,0,0,0,0,0,0,0,0,0,0,0,0,0,0,0,0,0,0,0,0,0,0,0,0,0,0,0,0,0,0,0,0,62,255,255,255,244,0,0,0,0,0,0,0,1,0,0,0,56,68,1,0,136,0,0,0
23,0,0,0,156,117,1,0,218,10,0,0,7,0,246,255,240,255,234,255,5,0,31,4,110,42,24,1,0,0,0,0,0,0,0,0,0,0,0,0,0,0,0,0,0,0,0,0,0,0,0,0,0,0,0,0,0,0,0,0,0,0,0,0,0,0,0,0,61,255,255,255,245,0,0,0,0,0,0,0,1,0,0,0,156,68,1,0,52,0,0,0
23,0,0,0,174,117,1,0,218,10,0,0,8,0,246,255,239,255,236,255,5,0,28,4,110,42,24,1,0,0,0,0,0,0,0,0,0,0,0,0,0,0,0,0,0,0,0,0,0,0,0,0,0,0,0,0,0,0,0,0,0,0,0,0,0,0,0,0,50,255,255,255,243,0,0,0,0,0,0,0,1,0,0,0,0,69,1,0,203,0,0,0
23,0,0,0,174,117,1,0,218,10,0,0,8,0,247,255,239,255,236,255,5,0,31,4,110,42,24,1,0,0,0,0,0,0,0,0,0,0,0,0,0,0,0,0,0,0,0,0,0,0,0,0,0,0,0,0,0,0,0,0,0,0,0,0,0,0,0,0,38,255,255,255,239,0,0,0,0,0,0,0,1,0,0,0,100,69,1,0,115,0,0,0
23,0,0,0,174,117,1,0,218,10,0,0,8,0,246,255,240,255,235,255,5,0,30,4,110,42,24,1,0,0,0,0,0,0,0,0,0,0,0,0,0,0,0,0,0,0,0,0,0,0,0,0,0,0,0,0,0,0,0,0,0,0,0,0,0,0,0,0,42,255,255,255,240,0,0,0,0,0,0,0,1,0,0,0,200,69,1,0,12,0,0,0
23,0,0,0,174,117,1,0,218,10,0,0,7,0,245,255,240,255,234,255,3,0,31,4,110,42,24,1,0,0,0,0,0,0,0,0,0,0,0,0,0,0,0,0,0,0,0,0,0,0,0,0,0,0,0,0,0,0,0,0,0,0,0,0,0,0,0,0,35,255,255,255,239,0,0,0,0,0,0,0,1,0,0,0,44,70,1,0,179,0,0,0
23,0,0,0,174,117,1,0,218,10,0,0,8,0,246,255,239,255,234,255,3,0,31,4,110,42,24,1,0,0,0,0,0,0,0,0,0,0,0,0,0,0,0,0,0,0,0,0,0,0,0,0,0,0,0,0,0,0,0,0,0,0,0,0,0,0,0,0,62,255,255,255,247,0,0,0,0,0,0,0,1,0,0,0,144,70,1,0,43,0,0,0
23,0,0,0,174,117,1,0,218,10,0,0,7,0,246,255,239,255,235,255,5,0,31,4,111,42,1,1,0,0,0,0,0,0,0,0,0,0,0,0,0,0,0,0,0,0,0,0,0,0,0,0,0,0,0,0,0,0,0,0,0,0,0,0,0,0,0,0,75,255,255,255,251,0,0,0,0,0,0,0,1,0,0,0,244,70,1,0,202,0,0,0
23,0,0,0,174,117,1,0,218,10,0,0,7,0,246,255,239,255,235,255,4,0,30,4,111,42,1,1,0,0,0,0,0,0,0,0,0,0,0,0,0,0,0,0,0,0,0,0,0,0,0,0,0,0,0,0,0,0,0,0,0,0,0,0,0,0,0,0,57,255,255,255,246,0,0,0,0,0,0,0,1,0,0,0,88,71,1,0,126,0,0,0
23,0,0,0,174,117,1,0,218,10,0,0,8,0,246,255,239,255,234,255,5,0,31,4,111,42,1,1,0,0,0,0,0,0,0,0,0,0,0,0,0,0,0,0,0,0,0,0,0,0,0,0,0,0,0,0,0,0,0,0,0,0,0,0,0,0,0,0,52,255,255,255,244,0,0,0,0,0,0,0,1,0,0,0,188,71,1,0,31,0,0,0
23,0,0,0,174,117,1,0,218,10,0,0,7,0,247,255,238,255,235,255,5,0,30,4,111,42,1,1,0,0,0,0,0,0,0,0,0,0,0,0,0,0,0,0,0,0,0,0,0,0,0,0,0,0,0,0,0,0,0,0,0,0,0,0,0,0,0,0,46,255,255,255,242,0,0,0,0,0,0,0,1,0,0,0,32,72,1,0,195,0,0,0
23,0,0,0,174,117,1,0,218,10,0,0,7,0,245,255,240,255,235,255,3,0,31,4,111,42,1,1,0,0,0,0,0,0,0,0,0,0,0,0,0,0,0,0,0,0,0,0,0,0,0,0,0,0,0,0,0,0,0,0,0,0,0,0,0,0,0,0,43,255,255,255,241,0,0,0,0,0,0,0,1,0,0,0,132,72,1,0,100,0,0,0
23,0,0,0,174,117,1,0,218,10,0,0,7,0,247,255,239,255,235,255,5,0,32,4,111,42,1,1,0,0,0,0,0,0,0,0,0,0,0,0,0,0,0,0,0,0,0,0,0,0,0,0,0,0,0,0,0,0,0,0,0,0,0,0,0,0,0,0,38,255,255,255,240,0,0,0,0,0,0,0,1,0,0,0,232,72,1,0,2,0,0,0
23,0,0,0,174,117,1,0,218,10,0,0,7,0,246,255,239,255,234,255,4,0,31,4,111,42,1,1,0,0,0,0,0,0,0,0,0,0,0,0,0,0,0,0,0,0,0,0,0,0,0,0,0,0,0,0,0,0,0,0,0,0,0,0,0,0,0,0,5,255,255,255,231,0,0,0,0,0,0,0,1,0,0,0,76,73,1,0,203,0,0,0
23,0,0,0,174,117,1,0,218,10,0,0,7,0,245,255,240,255,234,255,4,0,30,4,111,42,1,1,0,0,0,0,0,0,0,0,0,0,0,0,0,0,0,0,0,0,0,0,0,0,0,0,0,0,0,0,0,0,0,0,0,0,0,0,0,0,0,0,0,255,255,255,229,0,0,0,0,0,0,0,1,0,0,0,176,73,1,0,111,0,0,0
23,0,0,0,174,117,1,0,218,10,0,0,7,0,245,255,239,255,235,255,5,0,30,4,111,42,1,1,0,0,0,0,0,0,0,0,0,0,0,0,0,0,0,0,0,0,0,0,0,0,0,0,0,0,0,0,0,0,0,0,0,0,0,0,0,0,0,0,253,254,255,255,229,0,0,0,0,0,0,0,1,0,0,0,20,74,1,0,13,0,0,0
23,0,0,0,174,117,1,0,218,10,0,0,8,0,246,255,239,255,235,255,6,0,31,4,111,42,1,1,0,0,0,0,0,0,0,0,0,0,0,0,0,0,0,0,0,0,0,0,0,0,0,0,0,0,0,0,0,0,0,0,0,0,0,0,0,0,0,0,7,255,255,255,234,0,0,0,0,0,0,0,1,0,0,0,120,74,1,0,149,0,0,0
23,0,0,0,174,117,1,0,218,10,0,0,7,0,246,255,239,255,235,255,5,0,29,4,103,42,32,1,0,0,0,0,0,0,0,0,0,0,0,0,0,0,0,0,0,0,0,0,0,0,0,0,0,0,0,0,0,0,0,0,0,0,0,0,0,0,0,0,12,255,255,255,236,0,0,0,0,0,0,0,1,0,0,0,220,74,1,0,23,0,0,0
23,0,0,0,174,117,1,0,218,10,0,0,7,0,246,255,238,255,234,255,4,0,30,4,103,42,32,1,0,0,0,0,0,0,0,0,0,0,0,0,0,0,0,0,0,0,0,0,0,0,0,0,0,0,0,0,0,0,0,0,0,0,0,0,0,0,0,0,41,255,255,255,244,0,0,0,0,0,0,0,1,0,0,0,64,75,1,0,143,0,0,0
23,0,0,0,174,117,1,0,218,10,0,0,7,0,246,255,239,255,235,255,6,0,29,4,103,42,32,1,0,0,0,0,0,0,0,0,0,0,0,0,0,0,0,0,0,0,0,0,0,0,0,0,0,0,0,0,0,0,0,0,0,0,0,0,0,0,0,0,64,255,255,255,252,0,0,0,0,0,0,0,1,0,0,0,164,75,1,0,9,0,0,0
23,0,0,0,174,117,1,0,218,10,0,0,8,0,245,255,240,255,235,255,4,0,28,4,103,42,32,1,0,0,0,0,0,0,0,0,0,0,0,0,0,0,0,0,0,0,0,0,0,0,0,0,0,0,0,0,0,0,0,0,0,0,0,0,0,0,0,0,79,255,255,255,1,1,0,0,0,0,0,0,1,0,0,0,8,76,1,0,145,0,0,0
23,0,0,0,174,117,1,0,218,10,0,0,7,0,246,255,239,255,235,255,3,0,23,4,103,42,32,1,0,0,0,0,0,0,0,0,0,0,0,0,0,0,0,0,0,0,0,0,0,0,0,0,0,0,0,0,0,0,0,0,0,0,0,0,0,0,0,0,82,255,255,255,255,0,0,0,0,0,0,0,1,0,0,0,108,76,1,0,52,0,0,0
23,0,0,0,171,117,1,0,216,10,0,0,7,0,246,255,239,255,236,255,4,0,34,4,103,42,32,1,0,0,0,0,0,0,0,0,0,0,0,0,0,0,0,0,0,0,0,0,0,0,0,0,0,0,0,0,0,0,0,0,0,0,0,0,0,0,0,0,82,255,255,255,0,1,0,0,0,0,0,0,1,0,0,0,208,76,1,0,198,0,0,0
23,0,0,0,174,117,1,0,218,10,0,0,8,0,246,255,240,255,235,255,6,0,32,4,103,42,32,1,0,0,0,0,0,0,0,0,0,0,0,0,0,0,0,0,0,0,0,0,0,0,0,0,0,0,0,0,0,0,0,0,0,0,0,0,0,0,0,0,80,255,255,255,255,0,0,0,0,0,0,0,1,0,0,0,52,77,1,0,95,0,0,0
23,0,0,0,197,117,1,0,220,10,0,0,8,0,246,255,239,255,235,255,4,0,32,4,103,42,32,1,0,0,0,0,0,0,0,0,0,0,0,0,0,0,0,0,0,0,0,0,0,0,0,0,0,0,0,0,0,0,0,0,0,0,0,0,0,0,0,0,80,255,255,255,255,0,0,0,0,0,0,0,1,0,0,0,152,77,1,0,229,0,0,0
23,0,0,0,156,117,1,0,218,10,0,0,8,0,246,255,239,255,234,255,5,0,31,4,103,42,32,1,0,0,0,0,0,0,0,0,0,0,0,0,0,0,0,0,0,0,0,0,0,0,0,0,0,0,0,0,0,0,0,0,0,0,0,0,0,0,0,0,74,255,255,255,253,0,0,0,0,0,0,0,1,0,0,0,252,77,1,0,181,0,0,0
23,0,0,0,174,117,1,0,218,10,0,0,8,0,246,255,240,255,234,255,4,0,32,4,103,42,32,1,0,0,0,0,0,0,0,0,0,0,0,0,0,0,0,0,0,0,0,0,0,0,0,0,0,0,0,0,0,0,0,0,0,0,0,0,0,0,0,0,109,255,255,255,8,1,0,0,0,0,0,0,1,0,0,0,96,78,1,0,14,0,0,0
23,0,0,0,174,117,1,0,218,10,0,0,7,0,246,255,239,255,235,255,4,0,31,4,109,42,255,0,0,0,0,0,0,0,0,0,0,0,0,0,0,0,0,0,0,0,0,0,0,0,0,0,0,0,0,0,0,0,0,0,0,0,0,0,0,0,0,0,122,255,255,255,12,1,0,0,0,0,0,0,1,0,0,0,196,78,1,0,183,0,0,0
23,0,0,0,174,117,1,0,218,10,0,0,8,0,246,255,239,255,235,255,4,0,31,4,109,42,255,0,0,0,0,0,0,0,0,0,0,0,0,0,0,0,0,0,0,0,0,0,0,0,0,0,0,0,0,0,0,0,0,0,0,0,0,0,0,0,0,0,135,255,255,255,16,1,0,0,0,0,0,0,1,0,0,0,40,79,1,0,64,0,0,0
23,0,0,0,156,117,1,0,218,10,0,0,7,0,246,255,239,255,235,255,3,0,29,4,109,42,255,0,0,0,0,0,0,0,0,0,0,0,0,0,0,0,0,0,0,0,0,0,0,0,0,0,0,0,0,0,0,0,0,0,0,0,0,0,0,0,0,0,135,255,255,255,16,1,0,0,0,0,0,0,1,0,0,0,140,79,1,0,242,0,0,0
23,0,0,0,178,117,1,0,220,10,0,0,8,0,246,255,240,255,234,255,6,0,31,4,109,42,255,0,0,0,0,0,0,0,0,0,0,0,0,0,0,0,0,0,0,0,0,0,0,0,0,0,0,0,0,0,0,0,0,0,0,0,0,0,0,0,0,0,146,255,255,255,18,1,0,0,0,0,0,0,1,0,0,0,240,79,1,0,99,0,0,0
23,0,0,0,174,117,1,0,218,10,0,0,8,0,246,255,239,255,233,255,4,0,29,4,109,42,255,0,0,0,0,0,0,0,0,0,0,0,0,0,0,0,0,0,0,0,0,0,0,0,0,0,0,0,0,0,0,0,0,0,0,0,0,0,0,0,0,0,159,255,255,255,22,1,0,0,0,0,0,0,1,0,0,0,84,80,1,0,249,0,0,0
23,0,0,0,159,117,1,0,220,10,0,0,8,0,246,255,239,255,234,255,3,0,32,4,109,42,255,0,0,0,0,0,0,0,0,0,0,0,0,0,0,0,0,0,0,0,0,0,0,0,0,0,0,0,0,0,0,0,0,0,0,0,0,0,0,0,0,0,157,255,255,255,20,1,0,0,0,0,0,0,1,0,0,0,184,80,1,0,163,0,0,0
23,0,0,0,178,117,1,0,220,10,0,0,7,0,246,255,240,255,234,255,6,0,30,4,109,42,255,0,0,0,0,0,0,0,0,0,0,0,0,0,0,0,0,0,0,0,0,0,0,0,0,0,0,0,0,0,0,0,0,0,0,0,0,0,0,0,0,0,158,255,255,255,20,1,0,0,0,0,0,0,1,0,0,0,28,81,1,0,41,0,0,0
23,0,0,0,159,117,1,0,220,10,0,0,7,0,246,255,239,255,236,255,3,0,32,4,109,42,255,0,0,0,0,0,0,0,0,0,0,0,0,0,0,0,0,0,0,0,0,0,0,0,0,0,0,0,0,0,0,0,0,0,0,0,0,0,0,0,0,0,160,255,255,255,21,1,0,0,0,0,0,0,1,0,0,0,128,81,1,0,213,0,0,0
23,0,0,0,178,117,1,0,220,10,0,0,7,0,246,255,239,255,235,255,5,0,29,4,109,42,255,0,0,0,0,0,0,0,0,0,0,0,0,0,0,0,0,0,0,0,0,0,0,0,0,0,0,0,0,0,0,0,0,0,0,0,0,0,0,0,0,0,149,255,255,255,17,1,0,0,0,0,0,0,1,0,0,0,228,81,1,0,111,0,0,0
23,0,0,0,178,117,1,0,220,10,0,0,7,0,246,255,239,255,235,255,4,0,31,4,109,42,255,0,0,0,0,0,0,0,0,0,0,0,0,0,0,0,0,0,0,0,0,0,0,0,0,0,0,0,0,0,0,0,0,0,0,0,0,0,0,0,0,0,160,255,255,255,19,1,0,0,0,0,0,0,1,0,0,0,72,82,1,0,252,0,0,0
23,0,0,0,197,117,1,0,220,10,0,0,8,0,246,255,239,255,234,255,5,0,31,4,101,42,1,1,0,0,0,0,0,0,0,0,0,0,0,0,0,0,0,0,0,0,0,0,0,0,0,0,0,0,0,0,0,0,0,0,0,0,0,0,0,0,0,0,168,255,255,255,21,1,0,0,0,0,0,0,1,0,0,0,172,82,1,0,127,0,0,0
23,0,0,0,178,117,1,0,220,10,0,0,8,0,246,255,239,255,235,255,6,0,31,4,101,42,1,1,0,0,0,0,0,0,0,0,0,0,0,0,0,0,0,0,0,0,0,0,0,0,0,0,0,0,0,0,0,0,0,0,0,0,0,0,0,0,0,0,203,255,255,255,32,1,0,0,0,0,0,0,1,0,0,0,16,83,1,0,253,0,0,0
23,0,0,0,178,117,1,0,220,10,0,0,8,0,246,255,239,255,233,255,5,0,30,4,101,42,1,1,0,0,0,0,0,0,0,0,0,0,0,0,0,0,0,0,0,0,0,0,0,0,0,0,0,0,0,0,0,0,0,0,0,0,0,0,0,0,0,0,212,255,255,255,35,1,0,0,0,0,0,0,1,0,0,0,116,83,1,0,145,0,0,0
23,0,0,0,178,117,1,0,220,10,0,0,7,0,246,255,240,255,233,255,4,0,30,4,101,42,1,1,0,0,0,0,0,0,0,0,0,0,0,0,0,0,0,0,0,0,0,0,0,0,0,0,0,0,0,0,0,0,0,0,0,0,0,0,0,0,0,0,211,255,255,255,34,1,0,0,0,0,0,0,1,0,0,0,216,83,1,0,48,0,0,0
23,0,0,0,159,117,1,0,220,10,0,0,9,0,246,255,239,255,235,255,5,0,31,4,101,42,1,1,0,0,0,0,0,0,0,0,0,0,0,0,0,0,0,0,0,0,0,0,0,0,0,0,0,0,0,0,0,0,0,0,0,0,0,0,0,0,0,0,207,255,255,255,34,1,0,0,0,0,0,0,1,0,0,0,60,84,1,0,221,0,0,0
23,0,0,0,159,117,1,0,220,10,0,0,7,0,246,255,240,255,234,255,7,0,30,4,101,42,1,1,0,0,0,0,0,0,0,0,0,0,0,0,0,0,0,0,0,0,0,0,0,0,0,0,0,0,0,0,0,0,0,0,0,0,0,0,0,0,0,0,220,255,255,255,37,1,0,0,0,0,0,0,1,0,0,0,160,84,1,0,106,0,0,0
23,0,0,0,159,117,1,0,220,10,0,0,8,0,246,255,240,255,235,255,5,0,30,4,101,42,1,1,0,0,0,0,0,0,0,0,0,0,0,0,0,0,0,0,0,0,0,0,0,0,0,0,0,0,0,0,0,0,0,0,0,0,0,0,0,0,0,0,223,255,255,255,39,1,0,0,0,0,0,0,1,0,0,0,4,85,1,0,0,0,0,0
23,0,0,0,178,117,1,0,220,10,0,0,8,0,246,255,239,255,234,255,5,0,31,4,101,42,1,1,0,0,0,0,0,0,0,0,0,0,0,0,0,0,0,0,0,0,0,0,0,0,0,0,0,0,0,0,0,0,0,0,0,0,0,0,0,0,0,0,244,255,255,255,44,1,0,0,0,0,0,0,1,0,0,0,104,85,1,0,112,0,0,0
23,0,0,0,178,117,1,0,220,10,0,0,7,0,246,255,239,255,235,255,5,0,30,4,101,42,1,1,0,0,0,0,0,0,0,0,0,0,0,0,0,0,0,0,0,0,0,0,0,0,0,0,0,0,0,0,0,0,0,0,0,0,0,0,0,0,0,0,239,255,255,255,41,1,0,0,0,0,0,0,1,0,0,0,204,85,1,0,21,0,0,0
23,0,0,0,178,117,1,0,220,10,0,0,7,0,246,255,239,255,234,255,5,0,31,4,101,42,1,1,0,0,0,0,0,0,0,0,0,0,0,0,0,0,0,0,0,0,0,0,0,0,0,0,0,0,0,0,0,0,0,0,0,0,0,0,0,0,0,0,254,255,255,255,45,1,0,0,0,0,0,0,1,0,0,0,48,86,1,0,157,0,0,0
23,0,0,0,159,117,1,0,220,10,0,0,8,0,246,255,238,255,236,255,6,0,31,4,101,42,1,1,0,0,0,0,0,0,0,0,0,0,0,0,0,0,0,0,0,0,0,0,0,0,0,0,0,0,0,0,0,0,0,0,0,0,0,0,0,0,0,0,0,0,0,0,44,1,0,0,0,0,0,0,1,0,0,0,148,86,1,0,69,0,0,0
23,0,0,0,182,117,1,0,221,10,0,0,8,0,246,255,239,255,235,255,4,0,31,4,101,42,0,1,0,0,0,0,0,0,0,0,0,0,0,0,0,0,0,0,0,0,0,0,0,0,0,0,0,0,0,0,0,0,0,0,0,0,0,0,0,0,0,0,4,0,0,0,44,1,0,0,0,0,0,0,1,0,0,0,248,86,1,0,200,0,0,0
23,0,0,0,159,117,1,0,220,10,0,0,7,0,246,255,239,255,233,255,5,0,30,4,101,42,0,1,0,0,0,0,0,0,0,0,0,0,0,0,0,0,0,0,0,0,0,0,0,0,0,0,0,0,0,0,0,0,0,0,0,0,0,0,0,0,0,0,16,0,0,0,46,1,0,0,0,0,0,0,1,0,0,0,92,87,1,0,112,0,0,0
23,0,0,0,159,117,1,0,220,10,0,0,7,0,246,255,239,255,235,255,5,0,30,4,101,42,0,1,0,0,0,0,0,0,0,0,0,0,0,0,0,0,0,0,0,0,0,0,0,0,0,0,0,0,0,0,0,0,0,0,0,0,0,0,0,0,0,0,46,0,0,0,53,1,0,0,0,0,0,0,1,0,0,0,192,87,1,0,229,0,0,0
23,0,0,0,163,117,1,0,221,10,0,0,8,0,245,255,240,255,235,255,3,0,29,4,101,42,0,1,0,0,0,0,0,0,0,0,0,0,0,0,0,0,0,0,0,0,0,0,0,0,0,0,0,0,0,0,0,0,0,0,0,0,0,0,0,0,0,0,27,0,0,0,45,1,0,0,0,0,0,0,1,0,0,0,36,88,1,0,152,0,0,0
23,0,0,0,163,117,1,0,221,10,0,0,8,0,247,255,239,255,234,255,4,0,31,4,101,42,0,1,0,0,0,0,0,0,0,0,0,0,0,0,0,0,0,0,0,0,0,0,0,0,0,0,0,0,0,0,0,0,0,0,0,0,0,0,0,0,0,0,19,0,0,0,41,1,0,0,0,0,0,0,1,0,0,0,136,88,1,0,61,0,0,0
23,0,0,0,182,117,1,0,221,10,0,0,8,0,246,255,240,255,234,255,5,0,29,4,101,42,0,1,0,0,0,0,0,0,0,0,0,0,0,0,0,0,0,0,0,0,0,0,0,0,0,0,0,0,0,0,0,0,0,0,0,0,0,0,0,0,0,0,15,0,0,0,38,1,0,0,0,0,0,0,1,0,0,0,236,88,1,0,206,0,0,0
23,0,0,0,182,117,1,0,221,10,0,0,8,0,245,255,239,255,235,255,5,0,30,4,101,42,0,1,0,0,0,0,0,0,0,0,0,0,0,0,0,0,0,0,0,0,0,0,0,0,0,0,0,0,0,0,0,0,0,0,0,0,0,0,0,0,0,0,14,0,0,0,36,1,0,0,0,0,0,0,1,0,0,0,80,89,1,0,108,0,0,0
23,0,0,0,182,117,1,0,221,10,0,0,8,0,245,255,239,255,235,255,3,0,32,4,101,42,0,1,0,0,0,0,0,0,0,0,0,0,0,0,0,0,0,0,0,0,0,0,0,0,0,0,0,0,0,0,0,0,0,0,0,0,0,0,0,0,0,0,35,0,0,0,38,1,0,0,0,0,0,0,1,0,0,0,180,89,1,0,241,0,0,0
23,0,0,0,182,117,1,0,221,10,0,0,7,0,246,255,239,255,233,255,5,0,32,4,101,42,0,1,0,0,0,0,0,0,0,0,0,0,0,0,0,0,0,0,0,0,0,0,0,0,0,0,0,0,0,0,0,0,0,0,0,0,0,0,0,0,0,0,19,0,0,0,32,1,0,0,0,0,0,0,1,0,0,0,24,90,1,0,162,0,0,0
23,0,0,0,163,117,1,0,221,10,0,0,7,0,246,255,240,255,234,255,5,0,31,4,101,42,0,1,0,0,0,0,0,0,0,0,0,0,0,0,0,0,0,0,0,0,0,0,0,0,0,0,0,0,0,0,0,0,0,0,0,0,0,0,0,0,0,0,8,0,0,0,28,1,0,0,0,0,0,0,1,0,0,0,124,90,1,0,95,0,0,0
23,0,0,0,163,117,1,0,221,10,0,0,8,0,246,255,239,255,235,255,4,0,32,4,96,42,238,0,0,0,0,0,0,0,0,0,0,0,0,0,0,0,0,0,0,0,0,0,0,0,0,0,0,0,0,0,0,0,0,0,0,0,0,0,0,0,0,0,30,0,0,0,33,1,0,0,0,0,0,0,1,0,0,0,224,90,1,0,247,0,0,0
23,0,0,0,163,117,1,0,221,10,0,0,8,0,246,255,239,255,234,255,4,0,31,4,96,42,238,0,0,0,0,0,0,0,0,0,0,0,0,0,0,0,0,0,0,0,0,0,0,0,0,0,0,0,0,0,0,0,0,0,0,0,0,0,0,0,0,0,0,0,0,0,24,1,0,0,0,0,0,0,1,0,0,0,68,91,1,0,187,0,0,0
23,0,0,0,163,117,1,0,221,10,0,0,7,0,246,255,239,255,234,255,5,0,31,4,96,42,238,0,0,0,0,0,0,0,0,0,0,0,0,0,0,0,0,0,0,0,0,0,0,0,0,0,0,0,0,0,0,0,0,0,0,0,0,0,0,0,0,0,249,255,255,255,21,1,0,0,0,0,0,0,1,0,0,0,168,91,1,0,100,0,0,0
23,0,0,0,167,117,1,0,223,10,0,0,7,0,246,255,239,255,233,255,4,0,28,4,96,42,238,0,0,0,0,0,0,0,0,0,0,0,0,0,0,0,0,0,0,0,0,0,0,0,0,0,0,0,0,0,0,0,0,0,0,0,0,0,0,0,0,0,252,255,255,255,21,1,0,0,0,0,0,0,1,0,0,0,12,92,1,0,251,0,0,0
23,0,0,0,182,117,1,0,221,10,0,0,8,0,245,255,239,255,235,255,5,0,30,4,96,42,238,0,0,0,0,0,0,0,0,0,0,0,0,0,0,0,0,0,0,0,0,0,0,0,0,0,0,0,0,0,0,0,0,0,0,0,0,0,0,0,0,0,6,0,0,0,24,1,0,0,0,0,0,0,1,0,0,0,112,92,1,0,117,0,0,0
23,0,0,0,163,117,1,0,221,10,0,0,8,0,246,255,239,255,236,255,3,0,31,4,96,42,238,0,0,0,0,0,0,0,0,0,0,0,0,0,0,0,0,0,0,0,0,0,0,0,0,0,0,0,0,0,0,0,0,0,0,0,0,0,0,0,0,0,245,255,255,255,17,1,0,0,0,0,0,0,1,0,0,0,212,92,1,0,62,0,0,0
23,0,0,0,163,117,1,0,221,10,0,0,8,0,246,255,239,255,235,255,4,0,30,4,96,42,238,0,0,0,0,0,0,0,0,0,0,0,0,0,0,0,0,0,0,0,0,0,0,0,0,0,0,0,0,0,0,0,0,0,0,0,0,0,0,0,0,0,244,255,255,255,16,1,0,0,0,0,0,0,1,0,0,0,56,93,1,0,220,0,0,0
23,0,0,0,182,117,1,0,221,10,0,0,8,0,247,255,239,255,236,255,4,0,32,4,96,42,238,0,0,0,0,0,0,0,0,0,0,0,0,0,0,0,0,0,0,0,0,0,0,0,0,0,0,0,0,0,0,0,0,0,0,0,0,0,0,0,0,0,235,255,255,255,12,1,0,0,0,0,0,0,1,0,0,0,156,93,1,0,110,0,0,0
23,0,0,0,167,117,1,0,223,10,0,0,7,0,245,255,239,255,234,255,6,0,30,4,96,42,238,0,0,0,0,0,0,0,0,0,0,0,0,0,0,0,0,0,0,0,0,0,0,0,0,0,0,0,0,0,0,0,0,0,0,0,0,0,0,0,0,0,230,255,255,255,11,1,0,0,0,0,0,0,1,0,0,0,0,94,1,0,33,0,0,0
23,0,0,0,163,117,1,0,221,10,0,0,8,0,245,255,239,255,235,255,4,0,32,4,96,42,238,0,0,0,0,0,0,0,0,0,0,0,0,0,0,0,0,0,0,0,0,0,0,0,0,0,0,0,0,0,0,0,0,0,0,0,0,0,0,0,0,0,228,255,255,255,11,1,0,0,0,0,0,0,1,0,0,0,100,94,1,0,195,0,0,0
23,0,0,0,163,117,1,0,221,10,0,0,8,0,245,255,239,255,235,255,3,0,31,4,96,42,21,1,0,0,0,0,0,0,0,0,0,0,0,0,0,0,0,0,0,0,0,0,0,0,0,0,0,0,0,0,0,0,0,0,0,0,0,0,0,0,0,0,235,255,255,255,13,1,0,0,0,0,0,0,1,0,0,0,200,94,1,0,48,0,0,0
23,0,0,0,182,117,1,0,221,10,0,0,8,0,246,255,238,255,235,255,4,0,30,4,96,42,21,1,0,0,0,0,0,0,0,0,0,0,0,0,0,0,0,0,0,0,0,0,0,0,0,0,0,0,0,0,0,0,0,0,0,0,0,0,0,0,0,0,217,255,255,255,7,1,0,0,0,0,0,0,1,0,0,0,44,95,1,0,208,0,0,0
23,0,0,0,167,117,1,0,223,10,0,0,7,0,246,255,239,255,235,255,5,0,30,4,96,42,21,1,0,0,0,0,0,0,0,0,0,0,0,0,0,0,0,0,0,0,0,0,0,0,0,0,0,0,0,0,0,0,0,0,0,0,0,0,0,0,0,0,219,255,255,255,8,1,0,0,0,0,0,0,1,0,0,0,144,95,1,0,117,0,0,0
23,0,0,0,186,117,1,0,223,10,0,0,8,0,246,255,239,255,235,255,6,0,29,4,96,42,21,1,0,0,0,0,0,0,0,0,0,0,0,0,0,0,0,0,0,0,0,0,0,0,0,0,0,0,0,0,0,0,0,0,0,0,0,0,0,0,0,0,209,255,255,255,4,1,0,0,0,0,0,0,1,0,0,0,244,95,1,0,11,0,0,0
23,0,0,0,186,117,1,0,223,10,0,0,8,0,245,255,240,255,235,255,3,0,30,4,96,42,21,1,0,0,0,0,0,0,0,0,0,0,0,0,0,0,0,0,0,0,0,0,0,0,0,0,0,0,0,0,0,0,0,0,0,0,0,0,0,0,0,0,198,255,255,255,255,0,0,0,0,0,0,0,1,0,0,0,88,96,1,0,185,0,0,0
23,0,0,0,167,117,1,0,223,10,0,0,7,0,245,255,239,255,234,255,4,0,28,4,96,42,21,1,0,0,0,0,0,0,0,0,0,0,0,0,0,0,0,0,0,0,0,0,0,0,0,0,0,0,0,0,0,0,0,0,0,0,0,0,0,0,0,0,172,255,255,255,247,0,0,0,0,0,0,0,1,0,0,0,188,96,1,0,142,0,0,0
23,0,0,0,167,117,1,0,223,10,0,0,8,0,246,255,239,255,235,255,5,0,31,4,96,42,21,1,0,0,0,0,0,0,0,0,0,0,0,0,0,0,0,0,0,0,0,0,0,0,0,0,0,0,0,0,0,0,0,0,0,0,0,0,0,0,0,0,167,255,255,255,246,0,0,0,0,0,0,0,1,0,0,0,32,97,1,0,40,0,0,0
23,0,0,0,186,117,1,0,223,10,0,0,7,0,246,255,239,255,234,255,4,0,31,4,96,42,21,1,0,0,0,0,0,0,0,0,0,0,0,0,0,0,0,0,0,0,0,0,0,0,0,0,0,0,0,0,0,0,0,0,0,0,0,0,0,0,0,0,171,255,255,255,248,0,0,0,0,0,0,0,1,0,0,0,132,97,1,0,174,0,0,0
23,0,0,0,167,117,1,0,223,10,0,0,8,0,246,255,239,255,234,255,4,0,31,4,96,42,21,1,0,0,0,0,0,0,0,0,0,0,0,0,0,0,0,0,0,0,0,0,0,0,0,0,0,0,0,0,0,0,0,0,0,0,0,0,0,0,0,0,162,255,255,255,245,0,0,0,0,0,0,0,1,0,0,0,232,97,1,0,104,0,0,0
23,0,0,0,186,117,1,0,223,10,0,0,7,0,247,255,239,255,233,255,4,0,30,4,96,42,21,1,0,0,0,0,0,0,0,0,0,0,0,0,0,0,0,0,0,0,0,0,0,0,0,0,0,0,0,0,0,0,0,0,0,0,0,0,0,0,0,0,147,255,255,255,241,0,0,0,0,0,0,0,1,0,0,0,76,98,1,0,5,0,0,0
23,0,0,0,167,117,1,0,223,10,0,0,8,0,246,255,239,255,234,255,4,0,31,4,90,42,252,0,0,0,0,0,0,0,0,0,0,0,0,0,0,0,0,0,0,0,0,0,0,0,0,0,0,0,0,0,0,0,0,0,0,0,0,0,0,0,0,0,127,255,255,255,235,0,0,0,0,0,0,0,1,0,0,0,176,98,1,0,236,0,0,0
23,0,0,0,167,117,1,0,223,10,0,0,8,0,246,255,239,255,236,255,6,0,32,4,90,42,252,0,0,0,0,0,0,0,0,0,0,0,0,0,0,0,0,0,0,0,0,0,0,0,0,0,0,0,0,0,0,0,0,0,0,0,0,0,0,0,0,0,136,255,255,255,240,0,0,0,0,0,0,0,1,0,0,0,20,99,1,0,116,0,0,0
23,0,0,0,167,117,1,0,223,10,0,0,8,0,245,255,239,255,236,255,5,0,29,4,90,42,252,0,0,0,0,0,0,0,0,0,0,0,0,0,0,0,0,0,0,0,0,0,0,0,0,0,0,0,0,0,0,0,0,0,0,0,0,0,0,0,0,0,111,255,255,255,232,0,0,0,0,0,0,0,1,0,0,0,120,99,1,0,54,0,0,0
23,0,0,0,186,117,1,0,223,10,0,0,8,0,246,255,239,255,235,255,4,0,28,4,90,42,252,0,0,0,0,0,0,0,0,0,0,0,0,0,0,0,0,0,0,0,0,0,0,0,0,0,0,0,0,0,0,0,0,0,0,0,0,0,0,0,0,0,115,255,255,255,239,0,0,0,0,0,0,0,1,0,0,0,220,99,1,0,182,0,0,0
23,0,0,0,186,117,1,0,223,10,0,0,7,0,246,255,239,255,234,255,5,0,32,4,90,42,252,0,0,0,0,0,0,0,0,0,0,0,0,0,0,0,0,0,0,0,0,0,0,0,0,0,0,0,0,0,0,0,0,0,0,0,0,0,0,0,0,0,112,255,255,255,239,0,0,0,0,0,0,0,1,0,0,0,64,100,1,0,81,0,0,0
23,0,0,0,171,117,1,0,225,10,0,0,7,0,246,255,239,255,235,255,5,0,33,4,90,42,252,0,0,0,0,0,0,0,0,0,0,0,0,0,0,0,0,0,0,0,0,0,0,0,0,0,0,0,0,0,0,0,0,0,0,0,0,0,0,0,0,0,107,255,255,255,238,0,0,0,0,0,0,0,1,0,0,0,164,100,1,0,254,0,0,0
23,0,0,0,186,117,1,0,223,10,0,0,9,0,246,255,239,255,235,255,5,0,32,4,90,42,252,0,0,0,0,0,0,0,0,0,0,0,0,0,0,0,0,0,0,0,0,0,0,0,0,0,0,0,0,0,0,0,0,0,0,0,0,0,0,0,0,0,112,255,255,255,241,0,0,0,0,0,0,0,1,0,0,0,8,101,1,0,131,0,0,0
23,0,0,0,186,117,1,0,223,10,0,0,8,0,246,255,239,255,234,255,4,0,30,4,90,42,252,0,0,0,0,0,0,0,0,0,0,0,0,0,0,0,0,0,0,0,0,0,0,0,0,0,0,0,0,0,0,0,0,0,0,0,0,0,0,0,0,0,104,255,255,255,238,0,0,0,0,0,0,0,1,0,0,0,108,101,1,0,47,0,0,0
23,0,0,0,167,117,1,0,223,10,0,0,8,0,246,255,239,255,234,255,6,0,32,4,90,42,252,0,0,0,0,0,0,0,0,0,0,0,0,0,0,0,0,0,0,0,0,0,0,0,0,0,0,0,0,0,0,0,0,0,0,0,0,0,0,0,0,0,95,255,255,255,236,0,0,0,0,0,0,0,1,0,0,0,208,101,1,0,229,0,0,0
23,0,0,0,186,117,1,0,223,10,0,0,8,0,246,255,240,255,235,255,5,0,29,4,90,42,252,0,0,0,0,0,0,0,0,0,0,0,0,0,0,0,0,0,0,0,0,0,0,0,0,0,0,0,0,0,0,0,0,0,0,0,0,0,0,0,0,0,86,255,255,255,234,0,0,0,0,0,0,0,1,0,0,0,52,102,1,0,122,0,0,0
23,0,0,0,167,117,1,0,223,10,0,0,8,0,246,255,239,255,234,255,5,0,30,4,95,42,225,0,0,0,0,0,0,0,0,0,0,0,0,0,0,0,0,0,0,0,0,0,0,0,0,0,0,0,0,0,0,0,0,0,0,0,0,0,0,0,0,0,103,255,255,255,237,0,0,0,0,0,0,0,1,0,0,0,152,102,1,0,44,0,0,0
23,0,0,0,167,117,1,0,223,10,0,0,8,0,246,255,239,255,234,255,5,0,33,4,95,42,225,0,0,0,0,0,0,0,0,0,0,0,0,0,0,0,0,0,0,0,0,0,0,0,0,0,0,0,0,0,0,0,0,0,0,0,0,0,0,0,0,0,102,255,255,255,237,0,0,0,0,0,0,0,1,0,0,0,252,102,1,0,198,0,0,0
23,0,0,0,167,117,1,0,223,10,0,0,8,0,246,255,240,255,235,255,5,0,31,4,95,42,225,0,0,0,0,0,0,0,0,0,0,0,0,0,0,0,0,0,0,0,0,0,0,0,0,0,0,0,0,0,0,0,0,0,0,0,0,0,0,0,0,0,94,255,255,255,235,0,0,0,0,0,0,0,1,0,0,0,96,103,1,0,107,0,0,0
23,0,0,0,167,117,1,0,223,10,0,0,7,0,245,255,239,255,234,255,6,0,29,4,95,42,225,0,0,0,0,0,0,0,0,0,0,0,0,0,0,0,0,0,0,0,0,0,0,0,0,0,0,0,0,0,0,0,0,0,0,0,0,0,0,0,0,0,106,255,255,255,240,0,0,0,0,0,0,0,1,0,0,0,196,103,1,0,251,0,0,0
23,0,0,0,186,117,1,0,223,10,0,0,8,0,246,255,240,255,235,255,5,0,31,4,95,42,225,0,0,0,0,0,0,0,0,0,0,0,0,0,0,0,0,0,0,0,0,0,0,0,0,0,0,0,0,0,0,0,0,0,0,0,0,0,0,0,0,0,90,255,255,255,235,0,0,0,0,0,0,0,1,0,0,0,40,104,1,0,147,0,0,0
23,0,0,0,171,117,1,0,225,10,0,0,8,0,245,255,239,255,234,255,5,0,28,4,95,42,225,0,0,0,0,0,0,0,0,0,0,0,0,0,0,0,0,0,0,0,0,0,0,0,0,0,0,0,0,0,0,0,0,0,0,0,0,0,0,0,0,0,82,255,255,255,234,0,0,0,0,0,0,0,1,0,0,0,140,104,1,0,75,0,0,0
23,0,0,0,189,117,1,0,225,10,0,0,8,0,245,255,239,255,235,255,4,0,29,4,95,42,225,0,0,0,0,0,0,0,0,0,0,0,0,0,0,0,0,0,0,0,0,0,0,0,0,0,0,0,0,0,0,0,0,0,0,0,0,0,0,0,0,0,66,255,255,255,229,0,0,0,0,0,0,0,1,0,0,0,240,104,1,0,233,0,0,0
23,0,0,0,171,117,1,0,225,10,0,0,9,0,246,255,239,255,234,255,5,0,31,4,95,42,225,0,0,0,0,0,0,0,0,0,0,0,0,0,0,0,0,0,0,0,0,0,0,0,0,0,0,0,0,0,0,0,0,0,0,0,0,0,0,0,0,0,61,255,255,255,228,0,0,0,0,0,0,0,1,0,0,0,84,105,1,0,152,0,0,0
23,0,0,0,171,117,1,0,225,10,0,0,7,0,246,255,239,255,235,255,5,0,30,4,95,42,225,0,0,0,0,0,0,0,0,0,0,0,0,0,0,0,0,0,0,0,0,0,0,0,0,0,0,0,0,0,0,0,0,0,0,0,0,0,0,0,0,0,46,255,255,255,223,0,0,0,0,0,0,0,1,0,0,0,184,105,1,0,74,0,0,0
23,0,0,0,171,117,1,0,225,10,0,0,7,0,246,255,239,255,235,255,5,0,31,4,95,42,225,0,0,0,0,0,0,0,0,0,0,0,0,0,0,0,0,0,0,0,0,0,0,0,0,0,0,0,0,0,0,0,0,0,0,0,0,0,0,0,0,0,41,255,255,255,223,0,0,0,0,0,0,0,1,0,0,0,28,106,1,0,233,0,0,0
23,0,0,0,171,117,1,0,225,10,0,0,8,0,246,255,239,255,234,255,4,0,31,4,95,42,225,0,0,0,0,0,0,0,0,0,0,0,0,0,0,0,0,0,0,0,0,0,0,0,0,0,0,0,0,0,0,0,0,0,0,0,0,0,0,0,0,0,24,255,255,255,220,0,0,0,0,0,0,0,1,0,0,0,128,106,1,0,154,0,0,0
23,0,0,0,189,117,1,0,225,10,0,0,8,0,246,255,239,255,234,255,4,0,30,4,87,42,36,1,0,0,0,0,0,0,0,0,0,0,0,0,0,0,0,0,0,0,0,0,0,0,0,0,0,0,0,0,0,0,0,0,0,0,0,0,0,0,0,0,5,255,255,255,215,0,0,0,0,0,0,0,1,0,0,0,228,106,1,0,1,0,0,0
23,0,0,0,171,117,1,0,225,10,0,0,8,0,245,255,239,255,234,255,4,0,30,4,87,42,36,1,0,0,0,0,0,0,0,0,0,0,0,0,0,0,0,0,0,0,0,0,0,0,0,0,0,0,0,0,0,0,0,0,0,0,0,0,0,0,0,0,253,254,255,255,213,0,0,0,0,0,0,0,1,0,0,0,72,107,1,0,186,0,0,0
23,0,0,0,171,117,1,0,225,10,0,0,7,0,246,255,240,255,236,255,5,0,30,4,87,42,36,1,0,0,0,0,0,0,0,0,0,0,0,0,0,0,0,0,0,0,0,0,0,0,0,0,0,0,0,0,0,0,0,0,0,0,0,0,0,0,0,0,254,254,255,255,215,0,0,0,0,0,0,0,1,0,0,0,172,107,1,0,79,0,0,0
23,0,0,0,171,117,1,0,225,10,0,0,7,0,246,255,239,255,234,255,6,0,31,4,87,42,36,1,0,0,0,0,0,0,0,0,0,0,0,0,0,0,0,0,0,0,0,0,0,0,0,0,0,0,0,0,0,0,0,0,0,0,0,0,0,0,0,0,253,254,255,255,215,0,0,0,0,0,0,0,1,0,0,0,16,108,1,0,236,0,0,0
23,0,0,0,171,117,1,0,225,10,0,0,8,0,246,255,239,255,234,255,4,0,31,4,87,42,36,1,0,0,0,0,0,0,0,0,0,0,0,0,0,0,0,0,0,0,0,0,0,0,0,0,0,0,0,0,0,0,0,0,0,0,0,0,0,0,0,0,5,255,255,255,220,0,0,0,0,0,0,0,1,0,0,0,116,108,1,0,123,0,0,0
23,0,0,0,171,117,1,0,225,10,0,0,7,0,246,255,238,255,233,255,5,0,30,4,87,42,36,1,0,0,0,0,0,0,0,0,0,0,0,0,0,0,0,0,0,0,0,0,0,0,0,0,0,0,0,0,0,0,0,0,0,0,0,0,0,0,0,0,8,255,255,255,218,0,0,0,0,0,0,0,1,0,0,0,216,108,1,0,25,0,0,0
23,0,0,0,171,117,1,0,225,10,0,0,8,0,246,255,240,255,234,255,4,0,29,4,87,42,36,1,0,0,0,0,0,0,0,0,0,0,0,0,0,0,0,0,0,0,0,0,0,0,0,0,0,0,0,0,0,0,0,0,0,0,0,0,0,0,0,0,255,254,255,255,216,0,0,0,0,0,0,0,1,0,0,0,60,109,1,0,190,0,0,0
23,0,0,0,171,117,1,0,225,10,0,0,7,0,245,255,239,255,233,255,5,0,30,4,87,42,36,1,0,0,0,0,0,0,0,0,0,0,0,0,0,0,0,0,0,0,0,0,0,0,0,0,0,0,0,0,0,0,0,0,0,0,0,0,0,0,0,0,8,255,255,255,220,0,0,0,0,0,0,0,1,0,0,0,160,109,1,0,78,0,0,0
23,0,0,0,171,117,1,0,225,10,0,0,7,0,246,255,240,255,234,255,4,0,31,4,87,42,36,1,0,0,0,0,0,0,0,0,0,0,0,0,0,0,0,0,0,0,0,0,0,0,0,0,0,0,0,0,0,0,0,0,0,0,0,0,0,0,0,0,22,255,255,255,225,0,0,0,0,0,0,0,1,0,0,0,4,110,1,0,211,0,0,0
23,0,0,0,171,117,1,0,225,10,0,0,8,0,246,255,239,255,234,255,4,0,29,4,87,42,36,1,0,0,0,0,0,0,0,0,0,0,0,0,0,0,0,0,0,0,0,0,0,0,0,0,0,0,0,0,0,0,0,0,0,0,0,0,0,0,0,0,29,255,255,255,228,0,0,0,0,0,0,0,1,0,0,0,104,110,1,0,103,0,0,0
23,0,0,0,152,117,1,0,225,10,0,0,8,0,246,255,239,255,234,255,4,0,29,4,90,42,8,1,0,0,0,0,0,0,0,0,0,0,0,0,0,0,0,0,0,0,0,0,0,0,0,0,0,0,0,0,0,0,0,0,0,0,0,0,0,0,0,0,12,255,255,255,223,0,0,0,0,0,0,0,1,0,0,0,204,110,1,0,69,0,0,0
23,0,0,0,171,117,1,0,225,10,0,0,7,0,246,255,239,255,235,255,5,0,29,4,90,42,8,1,0,0,0,0,0,0,0,0,0,0,0,0,0,0,0,0,0,0,0,0,0,0,0,0,0,0,0,0,0,0,0,0,0,0,0,0,0,0,0,0,14,255,255,255,224,0,0,0,0,0,0,0,1,0,0,0,48,111,1,0,201,0,0,0
23,0,0,0,189,117,1,0,225,10,0,0,7,0,246,255,240,255,234,255,4,0,30,4,90,42,8,1,0,0,0,0,0,0,0,0,0,0,0,0,0,0,0,0,0,0,0,0,0,0,0,0,0,0,0,0,0,0,0,0,0,0,0,0,0,0,0,0,43,255,255,255,234,0,0,0,0,0,0,0,1,0,0,0,148,111,1,0,44,0,0,0
23,0,0,0,171,117,1,0,225,10,0,0,7,0,246,255,239,255,233,255,5,0,31,4,90,42,8,1,0,0,0,0,0,0,0,0,0,0,0,0,0,0,0,0,0,0,0,0,0,0,0,0,0,0,0,0,0,0,0,0,0,0,0,0,0,0,0,0,57,255,255,255,238,0,0,0,0,0,0,0,1,0,0,0,248,111,1,0,200,0,0,0
23,0,0,0,189,117,1,0,225,10,0,0,8,0,246,255,240,255,234,255,6,0,30,4,90,42,8,1,0,0,0,0,0,0,0,0,0,0,0,0,0,0,0,0,0,0,0,0,0,0,0,0,0,0,0,0,0,0,0,0,0,0,0,0,0,0,0,0,60,255,255,255,239,0,0,0,0,0,0,0,1,0,0,0,92,112,1,0,74,0,0,0
23,0,0,0,174,117,1,0,226,10,0,0,8,0,245,255,239,255,235,255,4,0,31,4,90,42,8,1,0,0,0,0,0,0,0,0,0,0,0,0,0,0,0,0,0,0,0,0,0,0,0,0,0,0,0,0,0,0,0,0,0,0,0,0,0,0,0,0,57,255,255,255,238,0,0,0,0,0,0,0,1,0,0,0,192,112,1,0,250,0,0,0
23,0,0,0,174,117,1,0,226,10,0,0,8,0,246,255,239,255,235,255,5,0,30,4,90,42,8,1,0,0,0,0,0,0,0,0,0,0,0,0,0,0,0,0,0,0,0,0,0,0,0,0,0,0,0,0,0,0,0,0,0,0,0,0,0,0,0,0,73,255,255,255,244,0,0,0,0,0,0,0,1,0,0,0,36,113,1,0,126,0,0,0
23,0,0,0,174,117,1,0,226,10,0,0,8,0,246,255,239,255,235,255,5,0,30,4,90,42,8,1,0,0,0,0,0,0,0,0,0,0,0,0,0,0,0,0,0,0,0,0,0,0,0,0,0,0,0,0,0,0,0,0,0,0,0,0,0,0,0,0,71,255,255,255,244,0,0,0,0,0,0,0,1,0,0,0,136,113,1,0,28,0,0,0
23,0,0,0,174,117,1,0,226,10,0,0,7,0,246,255,239,255,234,255,5,0,30,4,90,42,8,1,0,0,0,0,0,0,0,0,0,0,0,0,0,0,0,0,0,0,0,0,0,0,0,0,0,0,0,0,0,0,0,0,0,0,0,0,0,0,0,0,74,255,255,255,244,0,0,0,0,0,0,0,1,0,0,0,236,113,1,0,183,0,0,0
23,0,0,0,156,117,1,0,226,10,0,0,8,0,246,255,239,255,233,255,3,0,30,4,90,42,8,1,0,0,0,0,0,0,0,0,0,0,0,0,0,0,0,0,0,0,0,0,0,0,0,0,0,0,0,0,0,0,0,0,0,0,0,0,0,0,0,0,74,255,255,255,245,0,0,0,0,0,0,0,1,0,0,0,80,114,1,0,101,0,0,0
23,0,0,0,174,117,1,0,226,10,0,0,8,0,246,255,240,255,233,255,3,0,32,4,82,42,65,1,0,0,0,0,0,0,0,0,0,0,0,0,0,0,0,0,0,0,0,0,0,0,0,0,0,0,0,0,0,0,0,0,0,0,0,0,0,0,0,0,75,255,255,255,246,0,0,0,0,0,0,0,1,0,0,0,180,114,1,0,185,0,0,0
23,0,0,0,174,117,1,0,226,10,0,0,8,0,246,255,238,255,233,255,4,0,31,4,82,42,65,1,0,0,0,0,0,0,0,0,0,0,0,0,0,0,0,0,0,0,0,0,0,0,0,0,0,0,0,0,0,0,0,0,0,0,0,0,0,0,0,0,86,255,255,255,251,0,0,0,0,0,0,0,1,0,0,0,24,115,1,0,70,0,0,0
23,0,0,0,174,117,1,0,226,10,0,0,7,0,246,255,239,255,234,255,4,0,33,4,82,42,65,1,0,0,0,0,0,0,0,0,0,0,0,0,0,0,0,0,0,0,0,0,0,0,0,0,0,0,0,0,0,0,0,0,0,0,0,0,0,0,0,0,98,255,255,255,254,0,0,0,0,0,0,0,1,0,0,0,124,115,1,0,208,0,0,0
23,0,0,0,174,117,1,0,226,10,0,0,8,0,245,255,239,255,232,255,5,0,33,4,82,42,65,1,0,0,0,0,0,0,0,0,0,0,0,0,0,0,0,0,0,0,0,0,0,0,0,0,0,0,0,0,0,0,0,0,0,0,0,0,0,0,0,0,99,255,255,255,255,0,0,0,0,0,0,0,1,0,0,0,224,115,1,0,107,0,0,0
23,0,0,0,174,117,1,0,226,10,0,0,7,0,245,255,239,255,233,255,4,0,34,4,82,42,65,1,0,0,0,0,0,0,0,0,0,0,0,0,0,0,0,0,0,0,0,0,0,0,0,0,0,0,0,0,0,0,0,0,0,0,0,0,0,0,0,0,105,255,255,255,1,1,0,0,0,0,0,0,1,0,0,0,68,116,1,0,253,0,0,0
23,0,0,0,174,117,1,0,226,10,0,0,7,0,246,255,240,255,232,255,4,0,33,4,82,42,65,1,0,0,0,0,0,0,0,0,0,0,0,0,0,0,0,0,0,0,0,0,0,0,0,0,0,0,0,0,0,0,0,0,0,0,0,0,0,0,0,0,105,255,255,255,1,1,0,0,0,0,0,0,1,0,0,0,168,116,1,0,153,0,0,0
23,0,0,0,174,117,1,0,226,10,0,0,8,0,246,255,240,255,233,255,2,0,33,4,82,42,65,1,0,0,0,0,0,0,0,0,0,0,0,0,0,0,0,0,0,0,0,0,0,0,0,0,0,0,0,0,0,0,0,0,0,0,0,0,0,0,0,0,100,255,255,255,0,1,0,0,0,0,0,0,1,0,0,0,12,117,1,0,58,0,0,0
23,0,0,0,174,117,1,0,226,10,0,0,8,0,246,255,239,255,234,255,3,0,31,4,82,42,65,1,0,0,0,0,0,0,0,0,0,0,0,0,0,0,0,0,0,0,0,0,0,0,0,0,0,0,0,0,0,0,0,0,0,0,0,0,0,0,0,0,92,255,255,255,253,0,0,0,0,0,0,0,1,0,0,0,112,117,1,0,227,0,0,0
23,0,0,0,174,117,1,0,226,10,0,0,8,0,246,255,240,255,232,255,3,0,32,4,82,42,65,1,0,0,0,0,0,0,0,0,0,0,0,0,0,0,0,0,0,0,0,0,0,0,0,0,0,0,0,0,0,0,0,0,0,0,0,0,0,0,0,0,80,255,255,255,250,0,0,0,0,0,0,0,1,0,0,0,212,117,1,0,142,0,0,0
23,0,0,0,178,117,1,0,228,10,0,0,7,0,246,255,239,255,235,255,4,0,30,4,82,42,65,1,0,0,0,0,0,0,0,0,0,0,0,0,0,0,0,0,0,0,0,0,0,0,0,0,0,0,0,0,0,0,0,0,0,0,0,0,0,0,0,0,85,255,255,255,252,0,0,0,0,0,0,0,1,0,0,0,56,118,1,0,28,0,0,0
23,0,0,0,193,117,1,0,226,10,0,0,8,0,246,255,240,255,233,255,4,0,30,4,84,42,5,1,0,0,0,0,0,0,0,0,0,0,0,0,0,0,0,0,0,0,0,0,0,0,0,0,0,0,0,0,0,0,0,0,0,0,0,0,0,0,0,0,67,255,255,255,247,0,0,0,0,0,0,0,1,0,0,0,156,118,1,0,252,0,0,0
23,0,0,0,174,117,1,0,226,10,0,0,7,0,246,255,240,255,233,255,5,0,32,4,84,42,5,1,0,0,0,0,0,0,0,0,0,0,0,0,0,0,0,0,0,0,0,0,0,0,0,0,0,0,0,0,0,0,0,0,0,0,0,0,0,0,0,0,48,255,255,255,241,0,0,0,0,0,0,0,1,0,0,0,0,119,1,0,193,0,0,0
23,0,0,0,156,117,1,0,226,10,0,0,8,0,246,255,240,255,233,255,4,0,32,4,84,42,5,1,0,0,0,0,0,0,0,0,0,0,0,0,0,0,0,0,0,0,0,0,0,0,0,0,0,0,0,0,0,0,0,0,0,0,0,0,0,0,0,0,31,255,255,255,236,0,0,0,0,0,0,0,1,0,0,0,100,119,1,0,133,0,0,0
23,0,0,0,174,117,1,0,226,10,0,0,8,0,246,255,239,255,235,255,4,0,30,4,84,42,5,1,0,0,0,0,0,0,0,0,0,0,0,0,0,0,0,0,0,0,0,0,0,0,0,0,0,0,0,0,0,0,0,0,0,0,0,0,0,0,0,0,26,255,255,255,235,0,0,0,0,0,0,0,1,0,0,0,200,119,1,0,22,0,0,0
23,0,0,0,156,117,1,0,226,10,0,0,8,0,245,255,239,255,234,255,4,0,30,4,84,42,5,1,0,0,0,0,0,0,0,0,0,0,0,0,0,0,0,0,0,0,0,0,0,0,0,0,0,0,0,0,0,0,0,0,0,0,0,0,0,0,0,0,22,255,255,255,235,0,0,0,0,0,0,0,1,0,0,0,44,120,1,0,201,0,0,0
23,0,0,0,174,117,1,0,226,10,0,0,8,0,245,255,240,255,234,255,4,0,31,4,84,42,5,1,0,0,0,0,0,0,0,0,0,0,0,0,0,0,0,0,0,0,0,0,0,0,0,0,0,0,0,0,0,0,0,0,0,0,0,0,0,0,0,0,44,255,255,255,241,0,0,0,0,0,0,0,1,0,0,0,144,120,1,0,53,0,0,0
23,0,0,0,156,117,1,0,226,10,0,0,7,0,246,255,239,255,235,255,4,0,30,4,84,42,5,1,0,0,0,0,0,0,0,0,0,0,0,0,0,0,0,0,0,0,0,0,0,0,0,0,0,0,0,0,0,0,0,0,0,0,0,0,0,0,0,0,32,255,255,255,239,0,0,0,0,0,0,0,1,0,0,0,244,120,1,0,242,0,0,0
23,0,0,0,174,117,1,0,226,10,0,0,8,0,246,255,240,255,234,255,6,0,31,4,84,42,5,1,0,0,0,0,0,0,0,0,0,0,0,0,0,0,0,0,0,0,0,0,0,0,0,0,0,0,0,0,0,0,0,0,0,0,0,0,0,0,0,0,16,255,255,255,235,0,0,0,0,0,0,0,1,0,0,0,88,121,1,0,139,0,0,0
23,0,0,0,174,117,1,0,226,10,0,0,7,0,246,255,240,255,234,255,6,0,29,4,84,42,5,1,0,0,0,0,0,0,0,0,0,0,0,0,0,0,0,0,0,0,0,0,0,0,0,0,0,0,0,0,0,0,0,0,0,0,0,0,0,0,0,0,8,255,255,255,232,0,0,0,0,0,0,0,1,0,0,0,188,121,1,0,53,0,0,0
23,0,0,0,160,117,1,0,228,10,0,0,7,0,246,255,239,255,233,255,4,0,29,4,84,42,5,1,0,0,0,0,0,0,0,0,0,0,0,0,0,0,0,0,0,0,0,0,0,0,0,0,0,0,0,0,0,0,0,0,0,0,0,0,0,0,0,0,10,255,255,255,232,0,0,0,0,0,0,0,1,0,0,0,32,122,1,0,222,0,0,0
23,0,0,0,178,117,1,0,228,10,0,0,7,0,245,255,239,255,233,255,5,0,30,4,81,42,9,1,0,0,0,0,0,0,0,0,0,0,0,0,0,0,0,0,0,0,0,0,0,0,0,0,0,0,0,0,0,0,0,0,0,0,0,0,0,0,0,0,25,255,255,255,237,0,0,0,0,0,0,0,1,0,0,0,132,122,1,0,82,0,0,0
23,0,0,0,178,117,1,0,228,10,0,0,7,0,246,255,240,255,234,255,5,0,30,4,81,42,9,1,0,0,0,0,0,0,0,0,0,0,0,0,0,0,0,0,0,0,0,0,0,0,0,0,0,0,0,0,0,0,0,0,0,0,0,0,0,0,0,0,31,255,255,255,239,0,0,0,0,0,0,0,1,0,0,0,232,122,1,0,227,0,0,0
23,0,0,0,160,117,1,0,228,10,0,0,8,0,247,255,239,255,235,255,4,0,29,4,81,42,9,1,0,0,0,0,0,0,0,0,0,0,0,0,0,0,0,0,0,0,0,0,0,0,0,0,0,0,0,0,0,0,0,0,0,0,0,0,0,0,0,0,21,255,255,255,237,0,0,0,0,0,0,0,1,0,0,0,76,123,1,0,156,0,0,0
23,0,0,0,178,117,1,0,228,10,0,0,7,0,246,255,240,255,234,255,5,0,31,4,81,42,9,1,0,0,0,0,0,0,0,0,0,0,0,0,0,0,0,0,0,0,0,0,0,0,0,0,0,0,0,0,0,0,0,0,0,0,0,0,0,0,0,0,27,255,255,255,239,0,0,0,0,0,0,0,1,0,0,0,176,123,1,0,29,0,0,0
23,0,0,0,160,117,1,0,228,10,0,0,7,0,247,255,239,255,234,255,6,0,30,4,81,42,9,1,0,0,0,0,0,0,0,0,0,0,0,0,0,0,0,0,0,0,0,0,0,0,0,0,0,0,0,0,0,0,0,0,0,0,0,0,0,0,0,0,15,255,255,255,237,0,0,0,0,0,0,0,1,0,0,0,20,124,1,0,216,0,0,0
23,0,0,0,160,117,1,0,228,10,0,0,7,0,246,255,239,255,236,255,4,0,32,4,81,42,9,1,0,0,0,0,0,0,0,0,0,0,0,0,0,0,0,0,0,0,0,0,0,0,0,0,0,0,0,0,0,0,0,0,0,0,0,0,0,0,0,0,20,255,255,255,239,0,0,0,0,0,0,0,1,0,0,0,120,124,1,0,108,0,0,0
23,0,0,0,178,117,1,0,228,10,0,0,8,0,245,255,239,255,233,255,5,0,29,4,81,42,9,1,0,0,0,0,0,0,0,0,0,0,0,0,0,0,0,0,0,0,0,0,0,0,0,0,0,0,0,0,0,0,0,0,0,0,0,0,0,0,0,0,20,255,255,255,240,0,0,0,0,0,0,0,1,0,0,0,220,124,1,0,250,0,0,0
23,0,0,0,160,117,1,0,228,10,0,0,7,0,246,255,240,255,235,255,5,0,32,4,81,42,9,1,0,0,0,0,0,0,0,0,0,0,0,0,0,0,0,0,0,0,0,0,0,0,0,0,0,0,0,0,0,0,0,0,0,0,0,0,0,0,0,0,0,255,255,255,235,0,0,0,0,0,0,0,1,0,0,0,64,125,1,0,186,0,0,0
23,0,0,0,163,117,1,0,230,10,0,0,7,0,246,255,239,255,234,255,4,0,30,4,81,42,9,1,0,0,0,0,0,0,0,0,0,0,0,0,0,0,0,0,0,0,0,0,0,0,0,0,0,0,0,0,0,0,0,0,0,0,0,0,0,0,0,0,11,255,255,255,239,0,0,0,0,0,0,0,1,0,0,0,164,125,1,0,71,0,0,0
23,0,0,0,163,117,1,0,230,10,0,0,7,0,246,255,239,255,234,255,4,0,30,4,81,42,9,1,0,0,0,0,0,0,0,0,0,0,0,0,0,0,0,0,0,0,0,0,0,0,0,0,0,0,0,0,0,0,0,0,0,0,0,0,0,0,0,0,11,255,255,255,239,0,0,0,0,0,0,0,1,0,0,0,8,126,1,0,226,0,0,0
23,0,0,0,178,117,1,0,228,10,0,0,8,0,246,255,239,255,235,255,4,0,29,4,81,42,9,1,0,0,0,0,0,0,0,0,0,0,0,0,0,0,0,0,0,0,0,0,0,0,0,0,0,0,0,0,0,0,0,0,0,0,0,0,0,0,0,0,3,255,255,255,238,0,0,0,0,0,0,0,1,0,0,0,108,126,1,0,121,0,0,0
23,0,0,0,163,117,1,0,230,10,0,0,7,0,246,255,240,255,234,255,5,0,33,4,83,42,29,1,0,0,0,0,0,0,0,0,0,0,0,0,0,0,0,0,0,0,0,0,0,0,0,0,0,0,0,0,0,0,0,0,0,0,0,0,0,0,0,0,0,255,255,255,237,0,0,0,0,0,0,0,1,0,0,0,208,126,1,0,12,0,0,0
23,0,0,0,163,117,1,0,230,10,0,0,8,0,246,255,238,255,235,255,4,0,30,4,83,42,29,1,0,0,0,0,0,0,0,0,0,0,0,0,0,0,0,0,0,0,0,0,0,0,0,0,0,0,0,0,0,0,0,0,0,0,0,0,0,0,0,0,239,254,255,255,233,0,0,0,0,0,0,0,1,0,0,0,52,127,1,0,193,0,0,0
23,0,0,0,163,117,1,0,230,10,0,0,7,0,246,255,239,255,235,255,5,0,33,4,83,42,29,1,0,0,0,0,0,0,0,0,0,0,0,0,0,0,0,0,0,0,0,0,0,0,0,0,0,0,0,0,0,0,0,0,0,0,0,0,0,0,0,0,249,254,255,255,237,0,0,0,0,0,0,0,1,0,0,0,152,127,1,0,75,0,0,0
23,0,0,0,163,117,1,0,230,10,0,0,7,0,246,255,240,255,235,255,5,0,30,4,83,42,29,1,0,0,0,0,0,0,0,0,0,0,0,0,0,0,0,0,0,0,0,0,0,0,0,0,0,0,0,0,0,0,0,0,0,0,0,0,0,0,0,0,245,254,255,255,237,0,0,0,0,0,0,0,1,0,0,0,252,127,1,0,237,0,0,0
23,0,0,0,182,117,1,0,230,10,0,0,7,0,245,255,239,255,234,255,5,0,30,4,83,42,29,1,0,0,0,0,0,0,0,0,0,0,0,0,0,0,0,0,0,0,0,0,0,0,0,0,0,0,0,0,0,0,0,0,0,0,0,0,0,0,0,0,17,255,255,255,244,0,0,0,0,0,0,0,1,0,0,0,96,128,1,0,84,0,0,0
23,0,0,0,167,117,1,0,232,10,0,0,7,0,247,255,239,255,233,255,5,0,30,4,83,42,29,1,0,0,0,0,0,0,0,0,0,0,0,0,0,0,0,0,0,0,0,0,0,0,0,0,0,0,0,0,0,0,0,0,0,0,0,0,0,0,0,0,17,255,255,255,243,0,0,0,0,0,0,0,1,0,0,0,196,128,1,0,253,0,0,0
23,0,0,0,163,117,1,0,230,10,0,0,7,0,246,255,239,255,233,255,5,0,30,4,83,42,29,1,0,0,0,0,0,0,0,0,0,0,0,0,0,0,0,0,0,0,0,0,0,0,0,0,0,0,0,0,0,0,0,0,0,0,0,0,0,0,0,0,8,255,255,255,241,0,0,0,0,0,0,0,1,0,0,0,40,129,1,0,170,0,0,0
23,0,0,0,163,117,1,0,230,10,0,0,7,0,246,255,238,255,235,255,5,0,31,4,83,42,29,1,0,0,0,0,0,0,0,0,0,0,0,0,0,0,0,0,0,0,0,0,0,0,0,0,0,0,0,0,0,0,0,0,0,0,0,0,0,0,0,0,28,255,255,255,247,0,0,0,0,0,0,0,1,0,0,0,140,129,1,0,42,0,0,0
23,0,0,0,182,117,1,0,230,10,0,0,7,0,246,255,239,255,235,255,4,0,28,4,83,42,29,1,0,0,0,0,0,0,0,0,0,0,0,0,0,0,0,0,0,0,0,0,0,0,0,0,0,0,0,0,0,0,0,0,0,0,0,0,0,0,0,0,35,255,255,255,249,0,0,0,0,0,0,0,1,0,0,0,240,129,1,0,173,0,0,0
23,0,0,0,167,117,1,0,232,10,0,0,8,0,246,255,239,255,231,255,4,0,27,4,83,42,29,1,0,0,0,0,0,0,0,0,0,0,0,0,0,0,0,0,0,0,0,0,0,0,0,0,0,0,0,0,0,0,0,0,0,0,0,0,0,0,0,0,32,255,255,255,250,0,0,0,0,0,0,0,1,0,0,0,84,130,1,0,91,0,0,0
23,0,0,0,167,117,1,0,232,10,0,0,7,0,246,255,239,255,236,255,6,0,28,4,77,42,20,1,0,0,0,0,0,0,0,0,0,0,0,0,0,0,0,0,0,0,0,0,0,0,0,0,0,0,0,0,0,0,0,0,0,0,0,0,0,0,0,0,34,255,255,255,252,0,0,0,0,0,0,0,1,0,0,0,184,130,1,0,251,0,0,0
23,0,0,0,186,117,1,0,232,10,0,0,7,0,246,255,241,255,234,255,7,0,30,4,77,42,20,1,0,0,0,0,0,0,0,0,0,0,0,0,0,0,0,0,0,0,0,0,0,0,0,0,0,0,0,0,0,0,0,0,0,0,0,0,0,0,0,0,32,255,255,255,251,0,0,0,0,0,0,0,1,0,0,0,28,131,1,0,131,0,0,0
23,0,0,0,167,117,1,0,232,10,0,0,7,0,246,255,238,255,235,255,4,0,32,4,77,42,20,1,0,0,0,0,0,0,0,0,0,0,0,0,0,0,0,0,0,0,0,0,0,0,0,0,0,0,0,0,0,0,0,0,0,0,0,0,0,0,0,0,30,255,255,255,250,0,0,0,0,0,0,0,1,0,0,0,128,131,1,0,56,0,0,0
23,0,0,0,186,117,1,0,232,10,0,0,8,0,246,255,239,255,235,255,6,0,32,4,77,42,20,1,0,0,0,0,0,0,0,0,0,0,0,0,0,0,0,0,0,0,0,0,0,0,0,0,0,0,0,0,0,0,0,0,0,0,0,0,0,0,0,0,31,255,255,255,251,0,0,0,0,0,0,0,1,0,0,0,228,131,1,0,187,0,0,0
23,0,0,0,167,117,1,0,232,10,0,0,7,0,246,255,239,255,235,255,4,0,31,4,77,42,20,1,0,0,0,0,0,0,0,0,0,0,0,0,0,0,0,0,0,0,0,0,0,0,0,0,0,0,0,0,0,0,0,0,0,0,0,0,0,0,0,0,18,255,255,255,246,0,0,0,0,0,0,0,1,0,0,0,72,132,1,0,127,0,0,0
23,0,0,0,167,117,1,0,232,10,0,0,7,0,246,255,240,255,235,255,4,0,28,4,77,42,20,1,0,0,0,0,0,0,0,0,0,0,0,0,0,0,0,0,0,0,0,0,0,0,0,0,0,0,0,0,0,0,0,0,0,0,0,0,0,0,0,0,28,255,255,255,249,0,0,0,0,0,0,0,1,0,0,0,172,132,1,0,16,0,0,0
23,0,0,0,167,117,1,0,232,10,0,0,7,0,245,255,238,255,235,255,5,0,29,4,77,42,20,1,0,0,0,0,0,0,0,0,0,0,0,0,0,0,0,0,0,0,0,0,0,0,0,0,0,0,0,0,0,0,0,0,0,0,0,0,0,0,0,0,20,255,255,255,247,0,0,0,0,0,0,0,1,0,0,0,16,133,1,0,182,0,0,0
23,0,0,0,148,117,1,0,232,10,0,0,7,0,246,255,239,255,235,255,5,0,32,4,77,42,20,1,0,0,0,0,0,0,0,0,0,0,0,0,0,0,0,0,0,0,0,0,0,0,0,0,0,0,0,0,0,0,0,0,0,0,0,0,0,0,0,0,15,255,255,255,245,0,0,0,0,0,0,0,1,0,0,0,116,133,1,0,103,0,0,0
23,0,0,0,171,117,1,0,233,10,0,0,7,0,246,255,239,255,235,255,5,0,31,4,77,42,20,1,0,0,0,0,0,0,0,0,0,0,0,0,0,0,0,0,0,0,0,0,0,0,0,0,0,0,0,0,0,0,0,0,0,0,0,0,0,0,0,0,34,255,255,255,250,0,0,0,0,0,0,0,1,0,0,0,216,133,1,0,212,0,0,0
23,0,0,0,167,117,1,0,232,10,0,0,7,0,246,255,239,255,234,255,5,0,30,4,77,42,20,1,0,0,0,0,0,0,0,0,0,0,0,0,0,0,0,0,0,0,0,0,0,0,0,0,0,0,0,0,0,0,0,0,0,0,0,0,0,0,0,0,29,255,255,255,248,0,0,0,0,0,0,0,1,0,0,0,60,134,1,0,125,0,0,0
23,0,0,0,171,117,1,0,233,10,0,0,8,0,246,255,239,255,235,255,5,0,32,4,78,42,28,1,0,0,0,0,0,0,0,0,0,0,0,0,0,0,0,0,0,0,0,0,0,0,0,0,0,0,0,0,0,0,0,0,0,0,0,0,0,0,0,0,24,255,255,255,245,0,0,0,0,0,0,0,1,0,0,0,160,134,1,0,15,0,0,0
23,0,0,0,171,117,1,0,233,10,0,0,8,0,246,255,239,255,233,255,5,0,31,4,78,42,28,1,0,0,0,0,0,0,0,0,0,0,0,0,0,0,0,0,0,0,0,0,0,0,0,0,0,0,0,0,0,0,0,0,0,0,0,0,0,0,0,0,27,255,255,255,246,0,0,0,0,0,0,0,1,0,0,0,4,135,1,0,169,0,0,0
23,0,0,0,171,117,1,0,233,10,0,0,8,0,246,255,239,255,233,255,5,0,30,4,78,42,28,1,0,0,0,0,0,0,0,0,0,0,0,0,0,0,0,0,0,0,0,0,0,0,0,0,0,0,0,0,0,0,0,0,0,0,0,0,0,0,0,0,34,255,255,255,248,0,0,0,0,0,0,0,1,0,0,0,104,135,1,0,61,0,0,0
23,0,0,0,171,117,1,0,233,10,0,0,8,0,246,255,239,255,234,255,5,0,32,4,78,42,28,1,0,0,0,0,0,0,0,0,0,0,0,0,0,0,0,0,0,0,0,0,0,0,0,0,0,0,0,0,0,0,0,0,0,0,0,0,0,0,0,0,22,255,255,255,245,0,0,0,0,0,0,0,1,0,0,0,204,135,1,0,229,0,0,0
23,0,0,0,152,117,1,0,233,10,0,0,6,0,246,255,239,255,234,255,4,0,31,4,78,42,28,1,0,0,0,0,0,0,0,0,0,0,0,0,0,0,0,0,0,0,0,0,0,0,0,0,0,0,0,0,0,0,0,0,0,0,0,0,0,0,0,0,23,255,255,255,245,0,0,0,0,0,0,0,1,0,0,0,48,136,1,0,150,0,0,0
23,0,0,0,171,117,1,0,233,10,0,0,8,0,246,255,239,255,234,255,5,0,33,4,78,42,28,1,0,0,0,0,0,0,0,0,0,0,0,0,0,0,0,0,0,0,0,0,0,0,0,0,0,0,0,0,0,0,0,0,0,0,0,0,0,0,0,0,20,255,255,255,245,0,0,0,0,0,0,0,1,0,0,0,148,136,1,0,29,0,0,0
23,0,0,0,171,117,1,0,233,10,0,0,8,0,246,255,238,255,234,255,5,0,30,4,78,42,28,1,0,0,0,0,0,0,0,0,0,0,0,0,0,0,0,0,0,0,0,0,0,0,0,0,0,0,0,0,0,0,0,0,0,0,0,0,0,0,0,0,3,255,255,255,241,0,0,0,0,0,0,0,1,0,0,0,248,136,1,0,210,0,0,0
23,0,0,0,171,117,1,0,233,10,0,0,8,0,246,255,239,255,235,255,5,0,31,4,78,42,28,1,0,0,0,0,0,0,0,0,0,0,0,0,0,0,0,0,0,0,0,0,0,0,0,0,0,0,0,0,0,0,0,0,0,0,0,0,0,0,0,0,17,255,255,255,245,0,0,0,0,0,0,0,1,0,0,0,92,137,1,0,88,0,0,0
23,0,0,0,171,117,1,0,233,10,0,0,7,0,246,255,238,255,234,255,3,0,30,4,78,42,28,1,0,0,0,0,0,0,0,0,0,0,0,0,0,0,0,0,0,0,0,0,0,0,0,0,0,0,0,0,0,0,0,0,0,0,0,0,0,0,0,0,12,255,255,255,244,0,0,0,0,0,0,0,1,0,0,0,192,137,1,0,0,0,0,0
23,0,0,0,174,117,1,0,235,10,0,0,8,0,245,255,240,255,234,255,2,0,31,4,78,42,28,1,0,0,0,0,0,0,0,0,0,0,0,0,0,0,0,0,0,0,0,0,0,0,0,0,0,0,0,0,0,0,0,0,0,0,0,0,0,0,0,0,233,254,255,255,234,0,0,0,0,0,0,0,1,0,0,0,36,138,1,0,194,0,0,0
23,0,0,0,171,117,1,0,233,10,0,0,8,0,246,255,240,255,235,255,5,0,30,4,77,42,242,0,0,0,0,0,0,0,0,0,0,0,0,0,0,0,0,0,0,0,0,0,0,0,0,0,0,0,0,0,0,0,0,0,0,0,0,0,0,0,0,0,232,254,255,255,235,0,0,0,0,0,0,0,1,0,0,0,136,138,1,0,139,0,0,0
23,0,0,0,174,117,1,0,235,10,0,0,9,0,245,255,243,255,238,255,22,0,32,4,77,42,242,0,0,0,0,0,0,0,0,0,0,0,0,0,0,0,0,0,0,0,0,0,0,0,0,0,0,0,0,0,0,0,0,0,0,0,0,0,0,0,0,0,222,254,255,255,232,0,0,0,0,0,0,0,1,0,0,0,236,138,1,0,22,0,0,0
