sb1_baro_pressure,sb1_baro_temperature,sb1_baro_ts,sb1_imu_gyro_x,sb1_imu_gyro_y,sb1_imu_gyro_z,sb1_imu_acc_x,sb1_imu_acc_y,sb1_imu_acc_z,sb1_imu_ts,sb1_checksum,sb2_baro_pressure,sb2_baro_temperature,sb2_baro_ts,sb2_imu_gyro_x,sb2_imu_gyro_y,sb2_imu_gyro_z,sb2_imu_acc_x,sb2_imu_acc_y,sb2_imu_acc_z,sb2_imu_ts,sb2_checksum,sb3_baro_pressure,sb3_baro_temperature,sb3_baro_ts,sb3_imu_gyro_x,sb3_imu_gyro_y,sb3_imu_gyro_z,sb3_imu_acc_x,sb3_imu_acc_y,sb3_imu_acc_z,sb3_imu_ts,sb3_checksum,height,velocity,ts,fsm_flight_phase,fsm_mach_regime,fsm_mach_number,fsm_num_samples_positive
335456,257699,68,1598,1688,1723,1246,1357,1476,0,37,335456,257699,0,1598,1688,1723,1246,1357,1476,0,37,335456,257699,0,1598,1688,1723,1246,1357,1476,0,37,45767,69988,0,1,1,2.0999999046325684,10
335456,257699,69,1598,1688,1723,1246,1357,1476,0,37,335456,257699,0,1598,1688,1723,1246,1357,1476,0,37,335456,257699,0,1598,1688,1723,1246,1357,1476,0,37,45767,69988,0,1,1,2.0999999046325684,10
335456,257699,70,1598,1688,1723,1246,1357,1476,0,37,335456,257699,0,1598,1688,1723,1246,1357,1476,0,37,335456,257699,0,1598,1688,1723,1246,1357,1476,0,37,45767,69988,0,1,1,2.0999999046325684,10
335456,257699,71,1598,1688,1723,1246,1357,1476,0,37,335456,257699,0,1598,1688,1723,1246,1357,1476,0,37,335456,257699,0,1598,1688,1723,1246,1357,1476,0,37,45767,69988,0,1,1,2.0999999046325684,10
335456,257699,72,1598,1688,1723,1246,1357,1476,0,37,335456,257699,0,1598,1688,1723,1246,1357,1476,0,37,335456,257699,0,1598,1688,1723,1246,1357,1476,0,37,45767,69988,0,1,1,2.0999999046325684,10
335456,257699,73,1598,1688,1723,1246,1357,1476,0,37,335456,257699,0,1598,1688,1723,1246,1357,1476,0,37,335456,257699,0,1598,1688,1723,1246,1357,1476,0,37,45767,69988,0,1,1,2.0999999046325684,10
335456,257699,74,1598,1688,1723,1246,1357,1476,0,37,335456,257699,0,1598,1688,1723,1246,1357,1476,0,37,335456,257699,0,1598,1688,1723,1246,1357,1476,0,37,45767,69988,0,1,1,2.0999999046325684,10
335456,257699,75,1598,1688,1723,1246,1357,1476,0,37,335456,257699,0,1598,1688,1723,1246,1357,1476,0,37,335456,257699,0,1598,1688,1723,1246,1357,1476,0,37,45767,69988,0,1,1,2.0999999046325684,10
335456,257699,76,1598,1688,1723,1246,1357,1476,0,37,335456,257699,0,1598,1688,1723,1246,1357,1476,0,37,335456,257699,0,1598,1688,1723,1246,1357,1476,0,37,45767,69988,0,1,1,2.0999999046325684,10
335456,257699,77,1598,1688,1723,1246,1357,1476,0,37,335456,257699,0,1598,1688,1723,1246,1357,1476,0,37,335456,257699,0,1598,1688,1723,1246,1357,1476,0,37,45767,69988,0,1,1,2.0999999046325684,10
335456,257699,78,1598,1688,1723,1246,1357,1476,0,37,335456,257699,0,1598,1688,1723,1246,1357,1476,0,37,335456,257699,0,1598,1688,1723,1246,1357,1476,0,37,45767,69988,0,1,1,2.0999999046325684,10
335456,257699,79,1598,1688,1723,1246,1357,1476,0,37,335456,257699,0,1598,1688,1723,1246,1357,1476,0,37,335456,257699,0,1598,1688,1723,1246,1357,1476,0,37,45767,69988,0,1,1,2.0999999046325684,10
335456,257699,80,1598,1688,1723,1246,1357,1476,0,37,335456,257699,0,1598,1688,1723,1246,1357,1476,0,37,335456,257699,0,1598,1688,1723,1246,1357,1476,0,37,45767,69988,0,1,1,2.0999999046325684,10
335456,257699,81,1598,1688,1723,1246,1357,1476,0,37,335456,257699,0,1598,1688,1723,1246,1357,1476,0,37,335456,257699,0,1598,1688,1723,1246,1357,1476,0,37,45767,69988,0,1,1,2.0999999046325684,10
335456,257699,82,1598,1688,1723,1246,1357,1476,0,37,335456,257699,0,1598,1688,1723,1246,1357,1476,0,37,335456,257699,0,1598,1688,1723,1246,1357,1476,0,37,45767,69988,0,1,1,2.0999999046325684,10
335456,257699,83,1598,1688,1723,1246,1357,1476,0,37,335456,257699,0,1598,1688,1723,1246,1357,1476,0,37,335456,257699,0,1598,1688,1723,1246,1357,1476,0,37,45767,69988,0,1,1,2.0999999046325684,10
335456,257699,84,1598,1688,1723,1246,1357,1476,0,37,335456,257699,0,1598,1688,1723,1246,1357,1476,0,37,335456,257699,0,1598,1688,1723,1246,1357,1476,0,37,45767,69988,0,1,1,2.0999999046325684,10
335456,257699,85,1598,1688,1723,1246,1357,1476,0,37,335456,257699,0,1598,1688,1723,1246,1357,1476,0,37,335456,257699,0,1598,1688,1723,1246,1357,1476,0,37,45767,69988,0,1,1,2.0999999046325684,10
335456,257699,86,1598,1688,1723,1246,1357,1476,0,37,335456,257699,0,1598,1688,1723,1246,1357,1476,0,37,335456,257699,0,1598,1688,1723,1246,1357,1476,0,37,45767,69988,0,1,1,2.0999999046325684,10
335456,257699,87,1598,1688,1723,1246,1357,1476,0,37,335456,257699,0,1598,1688,1723,1246,1357,1476,0,37,335456,257699,0,1598,1688,1723,1246,1357,1476,0,37,45767,69988,0,1,1,2.0999999046325684,10
335456,257699,88,1598,1688,1723,1246,1357,1476,0,37,335456,257699,0,1598,1688,1723,1246,1357,1476,0,37,335456,257699,0,1598,1688,1723,1246,1357,1476,0,37,45767,69988,0,1,1,2.0999999046325684,10
335456,257699,89,1598,1688,1723,1246,1357,1476,0,37,335456,257699,0,1598,1688,1723,1246,1357,1476,0,37,335456,257699,0,1598,1688,1723,1246,1357,1476,0,37,45767,69988,0,1,1,2.0999999046325684,10
335456,257699,90,1598,1688,1723,1246,1357,1476,0,37,335456,257699,0,1598,1688,1723,1246,1357,1476,0,37,335456,257699,0,1598,1688,1723,1246,1357,1476,0,37,45767,69988,0,1,1,2.0999999046325684,10
335456,257699,91,1598,1688,1723,1246,1357,1476,0,37,335456,257699,0,1598,1688,1723,1246,1357,1476,0,37,335456,257699,0,1598,1688,1723,1246,1357,1476,0,37,45767,69988,0,1,1,2.0999999046325684,10
335456,257699,92,1598,1688,1723,1246,1357,1476,0,37,335456,257699,0,1598,1688,1723,1246,1357,1476,0,37,335456,257699,0,1598,1688,1723,1246,1357,1476,0,37,45767,69988,0,1,1,2.0999999046325684,10
335456,257699,93,1598,1688,1723,1246,1357,1476,0,37,335456,257699,0,1598,1688,1723,1246,1357,1476,0,37,335456,257699,0,1598,1688,1723,1246,1357,1476,0,37,45767,69988,0,1,1,2.0999999046325684,10
335456,257699,94,1598,1688,1723,1246,1357,1476,0,37,335456,257699,0,1598,1688,1723,1246,1357,1476,0,37,335456,257699,0,1598,1688,1723,1246,1357,1476,0,37,45767,69988,0,1,1,2.0999999046325684,10
335456,257699,95,1598,1688,1723,1246,1357,1476,0,37,335456,257699,0,1598,1688,1723,1246,1357,1476,0,37,335456,257699,0,1598,1688,1723,1246,1357,1476,0,37,45767,69988,0,1,1,2.0999999046325684,10
335456,257699,96,1598,1688,1723,1246,1357,1476,0,37,335456,257699,0,1598,1688,1723,1246,1357,1476,0,37,335456,257699,0,1598,1688,1723,1246,1357,1476,0,37,45767,69988,0,1,1,2.0999999046325684,10
335456,257699,97,1598,1688,1723,1246,1357,1476,0,37,335456,257699,0,1598,1688,1723,1246,1357,1476,0,37,335456,257699,0,1598,1688,1723,1246,1357,1476,0,37,45767,69988,0,1,1,2.0999999046325684,10
335456,257699,98,1598,1688,1723,1246,1357,1476,0,37,335456,257699,0,1598,1688,1723,1246,1357,1476,0,37,335456,257699,0,1598,1688,1723,1246,1357,1476,0,37,45767,69988,0,1,1,2.0999999046325684,10
335456,257699,99,1598,1688,1723,1246,1357,1476,0,37,335456,257699,0,1598,1688,1723,1246,1357,1476,0,37,335456,257699,0,1598,1688,1723,1246,1357,1476,0,37,45767,69988,0,1,1,2.0999999046325684,10
335456,257699,100,1598,1688,1723,1246,1357,1476,0,37,335456,257699,0,1598,1688,1723,1246,1357,1476,0,37,335456,257699,0,1598,1688,1723,1246,1357,1476,0,37,45767,69988,0,1,1,2.0999999046325684,10
335456,257699,101,1598,1688,1723,1246,1357,1476,0,37,335456,257699,0,1598,1688,1723,1246,1357,1476,0,37,335456,257699,0,1598,1688,1723,1246,1357,1476,0,37,45767,69988,0,1,1,2.0999999046325684,10
335456,257699,102,1598,1688,1723,1246,1357,1476,0,37,335456,257699,0,1598,1688,1723,1246,1357,1476,0,37,335456,257699,0,1598,1688,1723,1246,1357,1476,0,37,45767,69988,0,1,1,2.0999999046325684,10
335456,257699,103,1598,1688,1723,1246,1357,1476,0,37,335456,257699,0,1598,1688,1723,1246,1357,1476,0,37,335456,257699,0,1598,1688,1723,1246,1357,1476,0,37,45767,69988,0,1,1,2.0999999046325684,10
335456,257699,104,1598,1688,1723,1246,1357,1476,0,37,335456,257699,0,1598,1688,1723,1246,1357,1476,0,37,335456,257699,0,1598,1688,1723,1246,1357,1476,0,37,45767,69988,0,1,1,2.0999999046325684,10
335456,257699,105,1598,1688,1723,1246,1357,1476,0,37,335456,257699,0,1598,1688,1723,1246,1357,1476,0,37,335456,257699,0,1598,1688,1723,1246,1357,1476,0,37,45767,69988,0,1,1,2.0999999046325684,10
335456,257699,106,1598,1688,1723,1246,1357,1476,0,37,335456,257699,0,1598,1688,1723,1246,1357,1476,0,37,335456,257699,0,1598,1688,1723,1246,1357,1476,0,37,45767,69988,0,1,1,2.0999999046325684,10
335456,257699,107,1598,1688,1723,1246,1357,1476,0,37,335456,257699,0,1598,1688,1723,1246,1357,1476,0,37,335456,257699,0,1598,1688,1723,1246,1357,1476,0,37,45767,69988,0,1,1,2.0999999046325684,10
335456,257699,108,1598,1688,1723,1246,1357,1476,0,37,335456,257699,0,1598,1688,1723,1246,1357,1476,0,37,335456,257699,0,1598,1688,1723,1246,1357,1476,0,37,45767,69988,0,1,1,2.0999999046325684,10
335456,257699,109,1598,1688,1723,1246,1357,1476,0,37,335456,257699,0,1598,1688,1723,1246,1357,1476,0,37,335456,257699,0,1598,1688,1723,1246,1357,1476,0,37,45767,69988,0,1,1,2.0999999046325684,10
335456,257699,110,1598,1688,1723,1246,1357,1476,0,37,335456,257699,0,1598,1688,1723,1246,1357,1476,0,37,335456,257699,0,1598,1688,1723,1246,1357,1476,0,37,45767,69988,0,1,1,2.0999999046325684,10
335456,257699,111,1598,1688,1723,1246,1357,1476,0,37,335456,257699,0,1598,1688,1723,1246,1357,1476,0,37,335456,257699,0,1598,1688,1723,1246,1357,1476,0,37,45767,69988,0,1,1,2.0999999046325684,10
335456,257699,112,1598,1688,1723,1246,1357,1476,0,37,335456,257699,0,1598,1688,1723,1246,1357,1476,0,37,335456,257699,0,1598,1688,1723,1246,1357,1476,0,37,45767,69988,0,1,1,2.0999999046325684,10
335456,257699,113,1598,1688,1723,1246,1357,1476,0,37,335456,257699,0,1598,1688,1723,1246,1357,1476,0,37,335456,257699,0,1598,1688,1723,1246,1357,1476,0,37,45767,69988,0,1,1,2.0999999046325684,10
335456,257699,114,1598,1688,1723,1246,1357,1476,0,37,335456,257699,0,1598,1688,1723,1246,1357,1476,0,37,335456,257699,0,1598,1688,1723,1246,1357,1476,0,37,45767,69988,0,1,1,2.0999999046325684,10
335456,257699,115,1598,1688,1723,1246,1357,1476,0,37,335456,257699,0,1598,1688,1723,1246,1357,1476,0,37,335456,257699,0,1598,1688,1723,1246,1357,1476,0,37,45767,69988,0,1,1,2.0999999046325684,10
335456,257699,116,1598,1688,1723,1246,1357,1476,0,37,335456,257699,0,1598,1688,1723,1246,1357,1476,0,37,335456,257699,0,1598,1688,1723,1246,1357,1476,0,37,45767,69988,0,1,1,2.0999999046325684,10
335456,257699,117,1598,1688,1723,1246,1357,1476,0,37,335456,257699,0,1598,1688,1723,1246,1357,1476,0,37,335456,257699,0,1598,1688,1723,1246,1357,1476,0,37,45767,69988,0,1,1,2.0999999046325684,10
335456,257699,118,1598,1688,1723,1246,1357,1476,0,37,335456,257699,0,1598,1688,1723,1246,1357,1476,0,37,335456,257699,0,1598,1688,1723,1246,1357,1476,0,37,45767,69988,0,1,1,2.0999999046325684,10
335456,257699,119,1598,1688,1723,1246,1357,1476,0,37,335456,257699,0,1598,1688,1723,1246,1357,1476,0,37,335456,257699,0,1598,1688,1723,1246,1357,1476,0,37,45767,69988,0,1,1,2.0999999046325684,10
335456,257699,120,1598,1688,1723,1246,1357,1476,0,37,335456,257699,0,1598,1688,1723,1246,1357,1476,0,37,335456,257699,0,1598,1688,1723,1246,1357,1476,0,37,45767,69988,0,1,1,2.0999999046325684,10
335456,257699,121,1598,1688,1723,1246,1357,1476,0,37,335456,257699,0,1598,1688,1723,1246,1357,1476,0,37,335456,257699,0,1598,1688,1723,1246,1357,1476,0,37,45767,69988,0,1,1,2.0999999046325684,10
335456,257699,122,1598,1688,1723,1246,1357,1476,0,37,335456,257699,0,1598,1688,1723,1246,1357,1476,0,37,335456,257699,0,1598,1688,1723,1246,1357,1476,0,37,45767,69988,0,1,1,2.0999999046325684,10
335456,257699,123,1598,1688,1723,1246,1357,1476,0,37,335456,257699,0,1598,1688,1723,1246,1357,1476,0,37,335456,257699,0,1598,1688,1723,1246,1357,1476,0,37,45767,69988,0,1,1,2.0999999046325684,10
335456,257699,124,1598,1688,1723,1246,1357,1476,0,37,335456,257699,0,1598,1688,1723,1246,1357,1476,0,37,335456,257699,0,1598,1688,1723,1246,1357,1476,0,37,45767,69988,0,1,1,2.0999999046325684,10
335456,257699,125,1598,1688,1723,1246,1357,1476,0,37,335456,257699,0,1598,1688,1723,1246,1357,1476,0,37,335456,257699,0,1598,1688,1723,1246,1357,1476,0,37,45767,69988,0,1,1,2.0999999046325684,10
335456,257699,126,1598,1688,1723,1246,1357,1476,0,37,335456,257699,0,1598,1688,1723,1246,1357,1476,0,37,335456,257699,0,1598,1688,1723,1246,1357,1476,0,37,45767,69988,0,1,1,2.0999999046325684,10
335456,257699,127,1598,1688,1723,1246,1357,1476,0,37,335456,257699,0,1598,1688,1723,1246,1357,1476,0,37,335456,257699,0,1598,1688,1723,1246,1357,1476,0,37,45767,69988,0,1,1,2.0999999046325684,10
335456,257699,128,1598,1688,1723,1246,1357,1476,0,37,335456,257699,0,1598,1688,1723,1246,1357,1476,0,37,335456,257699,0,1598,1688,1723,1246,1357,1476,0,37,45767,69988,0,1,1,2.0999999046325684,10
335456,257699,129,1598,1688,1723,1246,1357,1476,0,37,335456,257699,0,1598,1688,1723,1246,1357,1476,0,37,335456,257699,0,1598,1688,1723,1246,1357,1476,0,37,45767,69988,0,1,1,2.0999999046325684,10
335456,257699,130,1598,1688,1723,1246,1357,1476,0,37,335456,257699,0,1598,1688,1723,1246,1357,1476,0,37,335456,257699,0,1598,1688,1723,1246,1357,1476,0,37,45767,69988,0,1,1,2.0999999046325684,10
335456,257699,131,1598,1688,1723,1246,1357,1476,0,37,335456,257699,0,1598,1688,1723,1246,1357,1476,0,37,335456,257699,0,1598,1688,1723,1246,1357,1476,0,37,45767,69988,0,1,1,2.0999999046325684,10
335456,257699,132,1598,1688,1723,1246,1357,1476,0,37,335456,257699,0,1598,1688,1723,1246,1357,1476,0,37,335456,257699,0,1598,1688,1723,1246,1357,1476,0,37,45767,69988,0,1,1,2.0999999046325684,10
335456,257699,133,1598,1688,1723,1246,1357,1476,0,37,335456,257699,0,1598,1688,1723,1246,1357,1476,0,37,335456,257699,0,1598,1688,1723,1246,1357,1476,0,37,45767,69988,0,1,1,2.0999999046325684,10
335456,257699,134,1598,1688,1723,1246,1357,1476,0,37,335456,257699,0,1598,1688,1723,1246,1357,1476,0,37,335456,257699,0,1598,1688,1723,1246,1357,1476,0,37,45767,69988,0,1,1,2.0999999046325684,10
335456,257699,135,1598,1688,1723,1246,1357,1476,0,37,335456,257699,0,1598,1688,1723,1246,1357,1476,0,37,335456,257699,0,1598,1688,1723,1246,1357,1476,0,37,45767,69988,0,1,1,2.0999999046325684,10
335456,257699,136,1598,1688,1723,1246,1357,1476,0,37,335456,257699,0,1598,1688,1723,1246,1357,1476,0,37,335456,257699,0,1598,1688,1723,1246,1357,1476,0,37,45767,69988,0,1,1,2.0999999046325684,10
335456,257699,137,1598,1688,1723,1246,1357,1476,0,37,335456,257699,0,1598,1688,1723,1246,1357,1476,0,37,335456,257699,0,1598,1688,1723,1246,1357,1476,0,37,45767,69988,0,1,1,2.0999999046325684,10
335456,257699,138,1598,1688,1723,1246,1357,1476,0,37,335456,257699,0,1598,1688,1723,1246,1357,1476,0,37,335456,257699,0,1598,1688,1723,1246,1357,1476,0,37,45767,69988,0,1,1,2.0999999046325684,10
335456,257699,139,1598,1688,1723,1246,1357,1476,0,37,335456,257699,0,1598,1688,1723,1246,1357,1476,0,37,335456,257699,0,1598,1688,1723,1246,1357,1476,0,37,45767,69988,0,1,1,2.0999999046325684,10
335456,257699,140,1598,1688,1723,1246,1357,1476,0,37,335456,257699,0,1598,1688,1723,1246,1357,1476,0,37,335456,257699,0,1598,1688,1723,1246,1357,1476,0,37,45767,69988,0,1,1,2.0999999046325684,10
335456,257699,141,1598,1688,1723,1246,1357,1476,0,37,335456,257699,0,1598,1688,1723,1246,1357,1476,0,37,335456,257699,0,1598,1688,1723,1246,1357,1476,0,37,45767,69988,0,1,1,2.0999999046325684,10
335456,257699,142,1598,1688,1723,1246,1357,1476,0,37,335456,257699,0,1598,1688,1723,1246,1357,1476,0,37,335456,257699,0,1598,1688,1723,1246,1357,1476,0,37,45767,69988,0,1,1,2.0999999046325684,10
335456,257699,143,1598,1688,1723,1246,1357,1476,0,37,335456,257699,0,1598,1688,1723,1246,1357,1476,0,37,335456,257699,0,1598,1688,1723,1246,1357,1476,0,37,45767,69988,0,1,1,2.0999999046325684,10
335456,257699,144,1598,1688,1723,1246,1357,1476,0,37,335456,257699,0,1598,1688,1723,1246,1357,1476,0,37,335456,257699,0,1598,1688,1723,1246,1357,1476,0,37,45767,69988,0,1,1,2.0999999046325684,10
335456,257699,145,1598,1688,1723,1246,1357,1476,0,37,335456,257699,0,1598,1688,1723,1246,1357,1476,0,37,335456,257699,0,1598,1688,1723,1246,1357,1476,0,37,45767,69988,0,1,1,2.0999999046325684,10
335456,257699,146,1598,1688,1723,1246,1357,1476,0,37,335456,257699,0,1598,1688,1723,1246,1357,1476,0,37,335456,257699,0,1598,1688,1723,1246,1357,1476,0,37,45767,69988,0,1,1,2.0999999046325684,10
335456,257699,147,1598,1688,1723,1246,1357,1476,0,37,335456,257699,0,1598,1688,1723,1246,1357,1476,0,37,335456,257699,0,1598,1688,1723,1246,1357,1476,0,37,45767,69988,0,1,1,2.0999999046325684,10
335456,257699,148,1598,1688,1723,1246,1357,1476,0,37,335456,257699,0,1598,1688,1723,1246,1357,1476,0,37,335456,257699,0,1598,1688,1723,1246,1357,1476,0,37,45767,69988,0,1,1,2.0999999046325684,10
335456,257699,149,1598,1688,1723,1246,1357,1476,0,37,335456,257699,0,1598,1688,1723,1246,1357,1476,0,37,335456,257699,0,1598,1688,1723,1246,1357,1476,0,37,45767,69988,0,1,1,2.0999999046325684,10
335456,257699,150,1598,1688,1723,1246,1357,1476,0,37,335456,257699,0,1598,1688,1723,1246,1357,1476,0,37,335456,257699,0,1598,1688,1723,1246,1357,1476,0,37,45767,69988,0,1,1,2.0999999046325684,10
335456,257699,151,1598,1688,1723,1246,1357,1476,0,37,335456,257699,0,1598,1688,1723,1246,1357,1476,0,37,335456,257699,0,1598,1688,1723,1246,1357,1476,0,37,45767,69988,0,1,1,2.0999999046325684,10
335456,257699,152,1598,1688,1723,1246,1357,1476,0,37,335456,257699,0,1598,1688,1723,1246,1357,1476,0,37,335456,257699,0,1598,1688,1723,1246,1357,1476,0,37,45767,69988,0,1,1,2.0999999046325684,10
335456,257699,153,1598,1688,1723,1246,1357,1476,0,37,335456,257699,0,1598,1688,1723,1246,1357,1476,0,37,335456,257699,0,1598,1688,1723,1246,1357,1476,0,37,45767,69988,0,1,1,2.0999999046325684,10
335456,257699,154,1598,1688,1723,1246,1357,1476,0,37,335456,257699,0,1598,1688,1723,1246,1357,1476,0,37,335456,257699,0,1598,1688,1723,1246,1357,1476,0,37,45767,69988,0,1,1,2.0999999046325684,10
335456,257699,155,1598,1688,1723,1246,1357,1476,0,37,335456,257699,0,1598,1688,1723,1246,1357,1476,0,37,335456,257699,0,1598,1688,1723,1246,1357,1476,0,37,45767,69988,0,1,1,2.0999999046325684,10
335456,257699,156,1598,1688,1723,1246,1357,1476,0,37,335456,257699,0,1598,1688,1723,1246,1357,1476,0,37,335456,257699,0,1598,1688,1723,1246,1357,1476,0,37,45767,69988,0,1,1,2.0999999046325684,10
335456,257699,157,1598,1688,1723,1246,1357,1476,0,37,335456,257699,0,1598,1688,1723,1246,1357,1476,0,37,335456,257699,0,1598,1688,1723,1246,1357,1476,0,37,45767,69988,0,1,1,2.0999999046325684,10
335456,257699,158,1598,1688,1723,1246,1357,1476,0,37,335456,257699,0,1598,1688,1723,1246,1357,1476,0,37,335456,257699,0,1598,1688,1723,1246,1357,1476,0,37,45767,69988,0,1,1,2.0999999046325684,10
335456,257699,159,1598,1688,1723,1246,1357,1476,0,37,335456,257699,0,1598,1688,1723,1246,1357,1476,0,37,335456,257699,0,1598,1688,1723,1246,1357,1476,0,37,45767,69988,0,1,1,2.0999999046325684,10
335456,257699,160,1598,1688,1723,1246,1357,1476,0,37,335456,257699,0,1598,1688,1723,1246,1357,1476,0,37,335456,257699,0,1598,1688,1723,1246,1357,1476,0,37,45767,69988,0,1,1,2.0999999046325684,10
335456,257699,161,1598,1688,1723,1246,1357,1476,0,37,335456,257699,0,1598,1688,1723,1246,1357,1476,0,37,335456,257699,0,1598,1688,1723,1246,1357,1476,0,37,45767,69988,0,1,1,2.0999999046325684,10
335456,257699,162,1598,1688,1723,1246,1357,1476,0,37,335456,257699,0,1598,1688,1723,1246,1357,1476,0,37,335456,257699,0,1598,1688,1723,1246,1357,1476,0,37,45767,69988,0,1,1,2.0999999046325684,10
335456,257699,163,1598,1688,1723,1246,1357,1476,0,37,335456,257699,0,1598,1688,1723,1246,1357,1476,0,37,335456,257699,0,1598,1688,1723,1246,1357,1476,0,37,45767,69988,0,1,1,2.0999999046325684,10
335456,257699,164,1598,1688,1723,1246,1357,1476,0,37,335456,257699,0,1598,1688,1723,1246,1357,1476,0,37,335456,257699,0,1598,1688,1723,1246,1357,1476,0,37,45767,69988,0,1,1,2.0999999046325684,10
335456,257699,165,1598,1688,1723,1246,1357,1476,0,37,335456,257699,0,1598,1688,1723,1246,1357,1476,0,37,335456,257699,0,1598,1688,1723,1246,1357,1476,0,37,45767,69988,0,1,1,2.0999999046325684,10
335456,257699,166,1598,1688,1723,1246,1357,1476,0,37,335456,257699,0,1598,1688,1723,1246,1357,1476,0,37,335456,257699,0,1598,1688,1723,1246,1357,1476,0,37,45767,69988,0,1,1,2.0999999046325684,10
335456,257699,167,1598,1688,1723,1246,1357,1476,0,37,335456,257699,0,1598,1688,1723,1246,1357,1476,0,37,335456,257699,0,1598,1688,1723,1246,1357,1476,0,37,45767,69988,0,1,1,2.0999999046325684,10
335456,257699,168,1598,1688,1723,1246,1357,1476,0,37,335456,257699,0,1598,1688,1723,1246,1357,1476,0,37,335456,257699,0,1598,1688,1723,1246,1357,1476,0,37,45767,69988,0,1,1,2.0999999046325684,10
335456,257699,169,1598,1688,1723,1246,1357,1476,0,37,335456,257699,0,1598,1688,1723,1246,1357,1476,0,37,335456,257699,0,1598,1688,1723,1246,1357,1476,0,37,45767,69988,0,1,1,2.0999999046325684,10
335456,257699,170,1598,1688,1723,1246,1357,1476,0,37,335456,257699,0,1598,1688,1723,1246,1357,1476,0,37,335456,257699,0,1598,1688,1723,1246,1357,1476,0,37,45767,69988,0,1,1,2.0999999046325684,10
335456,257699,171,1598,1688,1723,1246,1357,1476,0,37,335456,257699,0,1598,1688,1723,1246,1357,1476,0,37,335456,257699,0,1598,1688,1723,1246,1357,1476,0,37,45767,69988,0,1,1,2.0999999046325684,10
335456,257699,172,1598,1688,1723,1246,1357,1476,0,37,335456,257699,0,1598,1688,1723,1246,1357,1476,0,37,335456,257699,0,1598,1688,1723,1246,1357,1476,0,37,45767,69988,0,1,1,2.0999999046325684,10
335456,257699,173,1598,1688,1723,1246,1357,1476,0,37,335456,257699,0,1598,1688,1723,1246,1357,1476,0,37,335456,257699,0,1598,1688,1723,1246,1357,1476,0,37,45767,69988,0,1,1,2.0999999046325684,10
335456,257699,174,1598,1688,1723,1246,1357,1476,0,37,335456,257699,0,1598,1688,1723,1246,1357,1476,0,37,335456,257699,0,1598,1688,1723,1246,1357,1476,0,37,45767,69988,0,1,1,2.0999999046325684,10
335456,257699,175,1598,1688,1723,1246,1357,1476,0,37,335456,257699,0,1598,1688,1723,1246,1357,1476,0,37,335456,257699,0,1598,1688,1723,1246,1357,1476,0,37,45767,69988,0,1,1,2.0999999046325684,10
335456,257699,176,1598,1688,1723,1246,1357,1476,0,37,335456,257699,0,1598,1688,1723,1246,1357,1476,0,37,335456,257699,0,1598,1688,1723,1246,1357,1476,0,37,45767,69988,0,1,1,2.0999999046325684,10
335456,257699,177,1598,1688,1723,1246,1357,1476,0,37,335456,257699,0,1598,1688,1723,1246,1357,1476,0,37,335456,257699,0,1598,1688,1723,1246,1357,1476,0,37,45767,69988,0,1,1,2.0999999046325684,10
335456,257699,178,1598,1688,1723,1246,1357,1476,0,37,335456,257699,0,1598,1688,1723,1246,1357,1476,0,37,335456,257699,0,1598,1688,1723,1246,1357,1476,0,37,45767,69988,0,1,1,2.0999999046325684,10
335456,257699,179,1598,1688,1723,1246,1357,1476,0,37,335456,257699,0,1598,1688,1723,1246,1357,1476,0,37,335456,257699,0,1598,1688,1723,1246,1357,1476,0,37,45767,69988,0,1,1,2.0999999046325684,10
335456,257699,180,1598,1688,1723,1246,1357,1476,0,37,335456,257699,0,1598,1688,1723,1246,1357,1476,0,37,335456,257699,0,1598,1688,1723,1246,1357,1476,0,37,45767,69988,0,1,1,2.0999999046325684,10
335456,257699,181,1598,1688,1723,1246,1357,1476,0,37,335456,257699,0,1598,1688,1723,1246,1357,1476,0,37,335456,257699,0,1598,1688,1723,1246,1357,1476,0,37,45767,69988,0,1,1,2.0999999046325684,10
335456,257699,182,1598,1688,1723,1246,1357,1476,0,37,335456,257699,0,1598,1688,1723,1246,1357,1476,0,37,335456,257699,0,1598,1688,1723,1246,1357,1476,0,37,45767,69988,0,1,1,2.0999999046325684,10
335456,257699,183,1598,1688,1723,1246,1357,1476,0,37,335456,257699,0,1598,1688,1723,1246,1357,1476,0,37,335456,257699,0,1598,1688,1723,1246,1357,1476,0,37,45767,69988,0,1,1,2.0999999046325684,10
335456,257699,184,1598,1688,1723,1246,1357,1476,0,37,335456,257699,0,1598,1688,1723,1246,1357,1476,0,37,335456,257699,0,1598,1688,1723,1246,1357,1476,0,37,45767,69988,0,1,1,2.0999999046325684,10
335456,257699,185,1598,1688,1723,1246,1357,1476,0,37,335456,257699,0,1598,1688,1723,1246,1357,1476,0,37,335456,257699,0,1598,1688,1723,1246,1357,1476,0,37,45767,69988,0,1,1,2.0999999046325684,10
335456,257699,186,1598,1688,1723,1246,1357,1476,0,37,335456,257699,0,1598,1688,1723,1246,1357,1476,0,37,335456,257699,0,1598,1688,1723,1246,1357,1476,0,37,45767,69988,0,1,1,2.0999999046325684,10
335456,257699,187,1598,1688,1723,1246,1357,1476,0,37,335456,257699,0,1598,1688,1723,1246,1357,1476,0,37,335456,257699,0,1598,1688,1723,1246,1357,1476,0,37,45767,69988,0,1,1,2.0999999046325684,10
335456,257699,188,1598,1688,1723,1246,1357,1476,0,37,335456,257699,0,1598,1688,1723,1246,1357,1476,0,37,335456,257699,0,1598,1688,1723,1246,1357,1476,0,37,45767,69988,0,1,1,2.0999999046325684,10
335456,257699,189,1598,1688,1723,1246,1357,1476,0,37,335456,257699,0,1598,1688,1723,1246,1357,1476,0,37,335456,257699,0,1598,1688,1723,1246,1357,1476,0,37,45767,69988,0,1,1,2.0999999046325684,10
335456,257699,190,1598,1688,1723,1246,1357,1476,0,37,335456,257699,0,1598,1688,1723,1246,1357,1476,0,37,335456,257699,0,1598,1688,1723,1246,1357,1476,0,37,45767,69988,0,1,1,2.0999999046325684,10
335456,257699,191,1598,1688,1723,1246,1357,1476,0,37,335456,257699,0,1598,1688,1723,1246,1357,1476,0,37,335456,257699,0,1598,1688,1723,1246,1357,1476,0,37,45767,69988,0,1,1,2.0999999046325684,10
335456,257699,192,1598,1688,1723,1246,1357,1476,0,37,335456,257699,0,1598,1688,1723,1246,1357,1476,0,37,335456,257699,0,1598,1688,1723,1246,1357,1476,0,37,45767,69988,0,1,1,2.0999999046325684,10
335456,257699,193,1598,1688,1723,1246,1357,1476,0,37,335456,257699,0,1598,1688,1723,1246,1357,1476,0,37,335456,257699,0,1598,1688,1723,1246,1357,1476,0,37,45767,69988,0,1,1,2.0999999046325684,10
335456,257699,194,1598,1688,1723,1246,1357,1476,0,37,335456,257699,0,1598,1688,1723,1246,1357,1476,0,37,335456,257699,0,1598,1688,1723,1246,1357,1476,0,37,45767,69988,0,1,1,2.0999999046325684,10
335456,257699,195,1598,1688,1723,1246,1357,1476,0,37,335456,257699,0,1598,1688,1723,1246,1357,1476,0,37,335456,257699,0,1598,1688,1723,1246,1357,1476,0,37,45767,69988,0,1,1,2.0999999046325684,10
335456,257699,196,1598,1688,1723,1246,1357,1476,0,37,335456,257699,0,1598,1688,1723,1246,1357,1476,0,37,335456,257699,0,1598,1688,1723,1246,1357,1476,0,37,45767,69988,0,1,1,2.0999999046325684,10
335456,257699,197,1598,1688,1723,1246,1357,1476,0,37,335456,257699,0,1598,1688,1723,1246,1357,1476,0,37,335456,257699,0,1598,1688,1723,1246,1357,1476,0,37,45767,69988,0,1,1,2.0999999046325684,10
335456,257699,198,1598,1688,1723,1246,1357,1476,0,37,335456,257699,0,1598,1688,1723,1246,1357,1476,0,37,335456,257699,0,1598,1688,1723,1246,1357,1476,0,37,45767,69988,0,1,1,2.0999999046325684,10
335456,257699,199,1598,1688,1723,1246,1357,1476,0,37,335456,257699,0,1598,1688,1723,1246,1357,1476,0,37,335456,257699,0,1598,1688,1723,1246,1357,1476,0,37,45767,69988,0,1,1,2.0999999046325684,10
335456,257699,200,1598,1688,1723,1246,1357,1476,0,37,335456,257699,0,1598,1688,1723,1246,1357,1476,0,37,335456,257699,0,1598,1688,1723,1246,1357,1476,0,37,45767,69988,0,1,1,2.0999999046325684,10
335456,257699,201,1598,1688,1723,1246,1357,1476,0,37,335456,257699,0,1598,1688,1723,1246,1357,1476,0,37,335456,257699,0,1598,1688,1723,1246,1357,1476,0,37,45767,69988,0,1,1,2.0999999046325684,10
335456,257699,202,1598,1688,1723,1246,1357,1476,0,37,335456,257699,0,1598,1688,1723,1246,1357,1476,0,37,335456,257699,0,1598,1688,1723,1246,1357,1476,0,37,45767,69988,0,1,1,2.0999999046325684,10
335456,257699,203,1598,1688,1723,1246,1357,1476,0,37,335456,257699,0,1598,1688,1723,1246,1357,1476,0,37,335456,257699,0,1598,1688,1723,1246,1357,1476,0,37,45767,69988,0,1,1,2.0999999046325684,10
335456,257699,204,1598,1688,1723,1246,1357,1476,0,37,335456,257699,0,1598,1688,1723,1246,1357,1476,0,37,335456,257699,0,1598,1688,1723,1246,1357,1476,0,37,45767,69988,0,1,1,2.0999999046325684,10
335456,257699,205,1598,1688,1723,1246,1357,1476,0,37,335456,257699,0,1598,1688,1723,1246,1357,1476,0,37,335456,257699,0,1598,1688,1723,1246,1357,1476,0,37,45767,69988,0,1,1,2.0999999046325684,10
335456,257699,206,1598,1688,1723,1246,1357,1476,0,37,335456,257699,0,1598,1688,1723,1246,1357,1476,0,37,335456,257699,0,1598,1688,1723,1246,1357,1476,0,37,45767,69988,0,1,1,2.0999999046325684,10
335456,257699,207,1598,1688,1723,1246,1357,1476,0,37,335456,257699,0,1598,1688,1723,1246,1357,1476,0,37,335456,257699,0,1598,1688,1723,1246,1357,1476,0,37,45767,69988,0,1,1,2.0999999046325684,10
335456,257699,208,1598,1688,1723,1246,1357,1476,0,37,335456,257699,0,1598,1688,1723,1246,1357,1476,0,37,335456,257699,0,1598,1688,1723,1246,1357,1476,0,37,45767,69988,0,1,1,2.0999999046325684,10
335456,257699,209,1598,1688,1723,1246,1357,1476,0,37,335456,257699,0,1598,1688,1723,1246,1357,1476,0,37,335456,257699,0,1598,1688,1723,1246,1357,1476,0,37,45767,69988,0,1,1,2.0999999046325684,10
335456,257699,210,1598,1688,1723,1246,1357,1476,0,37,335456,257699,0,1598,1688,1723,1246,1357,1476,0,37,335456,257699,0,1598,1688,1723,1246,1357,1476,0,37,45767,69988,0,1,1,2.0999999046325684,10
335456,257699,211,1598,1688,1723,1246,1357,1476,0,37,335456,257699,0,1598,1688,1723,1246,1357,1476,0,37,335456,257699,0,1598,1688,1723,1246,1357,1476,0,37,45767,69988,0,1,1,2.0999999046325684,10
335456,257699,212,1598,1688,1723,1246,1357,1476,0,37,335456,257699,0,1598,1688,1723,1246,1357,1476,0,37,335456,257699,0,1598,1688,1723,1246,1357,1476,0,37,45767,69988,0,1,1,2.0999999046325684,10
335456,257699,213,1598,1688,1723,1246,1357,1476,0,37,335456,257699,0,1598,1688,1723,1246,1357,1476,0,37,335456,257699,0,1598,1688,1723,1246,1357,1476,0,37,45767,69988,0,1,1,2.0999999046325684,10
335456,257699,214,1598,1688,1723,1246,1357,1476,0,37,335456,257699,0,1598,1688,1723,1246,1357,1476,0,37,335456,257699,0,1598,1688,1723,1246,1357,1476,0,37,45767,69988,0,1,1,2.0999999046325684,10
335456,257699,215,1598,1688,1723,1246,1357,1476,0,37,335456,257699,0,1598,1688,1723,1246,1357,1476,0,37,335456,257699,0,1598,1688,1723,1246,1357,1476,0,37,45767,69988,0,1,1,2.0999999046325684,10
335456,257699,216,1598,1688,1723,1246,1357,1476,0,37,335456,257699,0,1598,1688,1723,1246,1357,1476,0,37,335456,257699,0,1598,1688,1723,1246,1357,1476,0,37,45767,69988,0,1,1,2.0999999046325684,10
335456,257699,217,1598,1688,1723,1246,1357,1476,0,37,335456,257699,0,1598,1688,1723,1246,1357,1476,0,37,335456,257699,0,1598,1688,1723,1246,1357,1476,0,37,45767,69988,0,1,1,2.0999999046325684,10
335456,257699,218,1598,1688,1723,1246,1357,1476,0,37,335456,257699,0,1598,1688,1723,1246,1357,1476,0,37,335456,257699,0,1598,1688,1723,1246,1357,1476,0,37,45767,69988,0,1,1,2.0999999046325684,10
335456,257699,219,1598,1688,1723,1246,1357,1476,0,37,335456,257699,0,1598,1688,1723,1246,1357,1476,0,37,335456,257699,0,1598,1688,1723,1246,1357,1476,0,37,45767,69988,0,1,1,2.0999999046325684,10
335456,257699,220,1598,1688,1723,1246,1357,1476,0,37,335456,257699,0,1598,1688,1723,1246,1357,1476,0,37,335456,257699,0,1598,1688,1723,1246,1357,1476,0,37,45767,69988,0,1,1,2.0999999046325684,10
335456,257699,221,1598,1688,1723,1246,1357,1476,0,37,335456,257699,0,1598,1688,1723,1246,1357,1476,0,37,335456,257699,0,1598,1688,1723,1246,1357,1476,0,37,45767,69988,0,1,1,2.0999999046325684,10
335456,257699,222,1598,1688,1723,1246,1357,1476,0,37,335456,257699,0,1598,1688,1723,1246,1357,1476,0,37,335456,257699,0,1598,1688,1723,1246,1357,1476,0,37,45767,69988,0,1,1,2.0999999046325684,10
335456,257699,223,1598,1688,1723,1246,1357,1476,0,37,335456,257699,0,1598,1688,1723,1246,1357,1476,0,37,335456,257699,0,1598,1688,1723,1246,1357,1476,0,37,45767,69988,0,1,1,2.0999999046325684,10
335456,257699,224,1598,1688,1723,1246,1357,1476,0,37,335456,257699,0,1598,1688,1723,1246,1357,1476,0,37,335456,257699,0,1598,1688,1723,1246,1357,1476,0,37,45767,69988,0,1,1,2.0999999046325684,10
335456,257699,225,1598,1688,1723,1246,1357,1476,0,37,335456,257699,0,1598,1688,1723,1246,1357,1476,0,37,335456,257699,0,1598,1688,1723,1246,1357,1476,0,37,45767,69988,0,1,1,2.0999999046325684,10
335456,257699,226,1598,1688,1723,1246,1357,1476,0,37,335456,257699,0,1598,1688,1723,1246,1357,1476,0,37,335456,257699,0,1598,1688,1723,1246,1357,1476,0,37,45767,69988,0,1,1,2.0999999046325684,10
335456,257699,227,1598,1688,1723,1246,1357,1476,0,37,335456,257699,0,1598,1688,1723,1246,1357,1476,0,37,335456,257699,0,1598,1688,1723,1246,1357,1476,0,37,45767,69988,0,1,1,2.0999999046325684,10
335456,257699,228,1598,1688,1723,1246,1357,1476,0,37,335456,257699,0,1598,1688,1723,1246,1357,1476,0,37,335456,257699,0,1598,1688,1723,1246,1357,1476,0,37,45767,69988,0,1,1,2.0999999046325684,10
335456,257699,229,1598,1688,1723,1246,1357,1476,0,37,335456,257699,0,1598,1688,1723,1246,1357,1476,0,37,335456,257699,0,1598,1688,1723,1246,1357,1476,0,37,45767,69988,0,1,1,2.0999999046325684,10
335456,257699,230,1598,1688,1723,1246,1357,1476,0,37,335456,257699,0,1598,1688,1723,1246,1357,1476,0,37,335456,257699,0,1598,1688,1723,1246,1357,1476,0,37,45767,69988,0,1,1,2.0999999046325684,10
335456,257699,231,1598,1688,1723,1246,1357,1476,0,37,335456,257699,0,1598,1688,1723,1246,1357,1476,0,37,335456,257699,0,1598,1688,1723,1246,1357,1476,0,37,45767,69988,0,1,1,2.0999999046325684,10
335456,257699,232,1598,1688,1723,1246,1357,1476,0,37,335456,257699,0,1598,1688,1723,1246,1357,1476,0,37,335456,257699,0,1598,1688,1723,1246,1357,1476,0,37,45767,69988,0,1,1,2.0999999046325684,10
335456,257699,233,1598,1688,1723,1246,1357,1476,0,37,335456,257699,0,1598,1688,1723,1246,1357,1476,0,37,335456,257699,0,1598,1688,1723,1246,1357,1476,0,37,45767,69988,0,1,1,2.0999999046325684,10
335456,257699,234,1598,1688,1723,1246,1357,1476,0,37,335456,257699,0,1598,1688,1723,1246,1357,1476,0,37,335456,257699,0,1598,1688,1723,1246,1357,1476,0,37,45767,69988,0,1,1,2.0999999046325684,10
335456,257699,235,1598,1688,1723,1246,1357,1476,0,37,335456,257699,0,1598,1688,1723,1246,1357,1476,0,37,335456,257699,0,1598,1688,1723,1246,1357,1476,0,37,45767,69988,0,1,1,2.0999999046325684,10
335456,257699,236,1598,1688,1723,1246,1357,1476,0,37,335456,257699,0,1598,1688,1723,1246,1357,1476,0,37,335456,257699,0,1598,1688,1723,1246,1357,1476,0,37,45767,69988,0,1,1,2.0999999046325684,10
335456,257699,237,1598,1688,1723,1246,1357,1476,0,37,335456,257699,0,1598,1688,1723,1246,1357,1476,0,37,335456,257699,0,1598,1688,1723,1246,1357,1476,0,37,45767,69988,0,1,1,2.0999999046325684,10
335456,257699,238,1598,1688,1723,1246,1357,1476,0,37,335456,257699,0,1598,1688,1723,1246,1357,1476,0,37,335456,257699,0,1598,1688,1723,1246,1357,1476,0,37,45767,69988,0,1,1,2.0999999046325684,10
335456,257699,239,1598,1688,1723,1246,1357,1476,0,37,335456,257699,0,1598,1688,1723,1246,1357,1476,0,37,335456,257699,0,1598,1688,1723,1246,1357,1476,0,37,45767,69988,0,1,1,2.0999999046325684,10
335456,257699,240,1598,1688,1723,1246,1357,1476,0,37,335456,257699,0,1598,1688,1723,1246,1357,1476,0,37,335456,257699,0,1598,1688,1723,1246,1357,1476,0,37,45767,69988,0,1,1,2.0999999046325684,10
335456,257699,241,1598,1688,1723,1246,1357,1476,0,37,335456,257699,0,1598,1688,1723,1246,1357,1476,0,37,335456,257699,0,1598,1688,1723,1246,1357,1476,0,37,45767,69988,0,1,1,2.0999999046325684,10
335456,257699,242,1598,1688,1723,1246,1357,1476,0,37,335456,257699,0,1598,1688,1723,1246,1357,1476,0,37,335456,257699,0,1598,1688,1723,1246,1357,1476,0,37,45767,69988,0,1,1,2.0999999046325684,10
335456,257699,243,1598,1688,1723,1246,1357,1476,0,37,335456,257699,0,1598,1688,1723,1246,1357,1476,0,37,335456,257699,0,1598,1688,1723,1246,1357,1476,0,37,45767,69988,0,1,1,2.0999999046325684,10
335456,257699,244,1598,1688,1723,1246,1357,1476,0,37,335456,257699,0,1598,1688,1723,1246,1357,1476,0,37,335456,257699,0,1598,1688,1723,1246,1357,1476,0,37,45767,69988,0,1,1,2.0999999046325684,10
335456,257699,245,1598,1688,1723,1246,1357,1476,0,37,335456,257699,0,1598,1688,1723,1246,1357,1476,0,37,335456,257699,0,1598,1688,1723,1246,1357,1476,0,37,45767,69988,0,1,1,2.0999999046325684,10
335456,257699,246,1598,1688,1723,1246,1357,1476,0,37,335456,257699,0,1598,1688,1723,1246,1357,1476,0,37,335456,257699,0,1598,1688,1723,1246,1357,1476,0,37,45767,69988,0,1,1,2.0999999046325684,10
335456,257699,247,1598,1688,1723,1246,1357,1476,0,37,335456,257699,0,1598,1688,1723,1246,1357,1476,0,37,335456,257699,0,1598,1688,1723,1246,1357,1476,0,37,45767,69988,0,1,1,2.0999999046325684,10
335456,257699,248,1598,1688,1723,1246,1357,1476,0,37,335456,257699,0,1598,1688,1723,1246,1357,1476,0,37,335456,257699,0,1598,1688,1723,1246,1357,1476,0,37,45767,69988,0,1,1,2.0999999046325684,10
335456,257699,249,1598,1688,1723,1246,1357,1476,0,37,335456,257699,0,1598,1688,1723,1246,1357,1476,0,37,335456,257699,0,1598,1688,1723,1246,1357,1476,0,37,45767,69988,0,1,1,2.0999999046325684,10
335456,257699,250,1598,1688,1723,1246,1357,1476,0,37,335456,257699,0,1598,1688,1723,1246,1357,1476,0,37,335456,257699,0,1598,1688,1723,1246,1357,1476,0,37,45767,69988,0,1,1,2.0999999046325684,10
335456,257699,251,1598,1688,1723,1246,1357,1476,0,37,335456,257699,0,1598,1688,1723,1246,1357,1476,0,37,335456,257699,0,1598,1688,1723,1246,1357,1476,0,37,45767,69988,0,1,1,2.0999999046325684,10
335456,257699,252,1598,1688,1723,1246,1357,1476,0,37,335456,257699,0,1598,1688,1723,1246,1357,1476,0,37,335456,257699,0,1598,1688,1723,1246,1357,1476,0,37,45767,69988,0,1,1,2.0999999046325684,10
335456,257699,253,1598,1688,1723,1246,1357,1476,0,37,335456,257699,0,1598,1688,1723,1246,1357,1476,0,37,335456,257699,0,1598,1688,1723,1246,1357,1476,0,37,45767,69988,0,1,1,2.0999999046325684,10
335456,257699,254,1598,1688,1723,1246,1357,1476,0,37,335456,257699,0,1598,1688,1723,1246,1357,1476,0,37,335456,257699,0,1598,1688,1723,1246,1357,1476,0,37,45767,69988,0,1,1,2.0999999046325684,10
335456,257699,255,1598,1688,1723,1246,1357,1476,0,37,335456,257699,0,1598,1688,1723,1246,1357,1476,0,37,335456,257699,0,1598,1688,1723,1246,1357,1476,0,37,45767,69988,0,1,1,2.0999999046325684,10
335456,257699,256,1598,1688,1723,1246,1357,1476,0,37,335456,257699,0,1598,1688,1723,1246,1357,1476,0,37,335456,257699,0,1598,1688,1723,1246,1357,1476,0,37,45767,69988,0,1,1,2.0999999046325684,10
335456,257699,257,1598,1688,1723,1246,1357,1476,0,37,335456,257699,0,1598,1688,1723,1246,1357,1476,0,37,335456,257699,0,1598,1688,1723,1246,1357,1476,0,37,45767,69988,0,1,1,2.0999999046325684,10
335456,257699,258,1598,1688,1723,1246,1357,1476,0,37,335456,257699,0,1598,1688,1723,1246,1357,1476,0,37,335456,257699,0,1598,1688,1723,1246,1357,1476,0,37,45767,69988,0,1,1,2.0999999046325684,10
335456,257699,259,1598,1688,1723,1246,1357,1476,0,37,335456,257699,0,1598,1688,1723,1246,1357,1476,0,37,335456,257699,0,1598,1688,1723,1246,1357,1476,0,37,45767,69988,0,1,1,2.0999999046325684,10
335456,257699,260,1598,1688,1723,1246,1357,1476,0,37,335456,257699,0,1598,1688,1723,1246,1357,1476,0,37,335456,257699,0,1598,1688,1723,1246,1357,1476,0,37,45767,69988,0,1,1,2.0999999046325684,10
335456,257699,261,1598,1688,1723,1246,1357,1476,0,37,335456,257699,0,1598,1688,1723,1246,1357,1476,0,37,335456,257699,0,1598,1688,1723,1246,1357,1476,0,37,45767,69988,0,1,1,2.0999999046325684,10
335456,257699,262,1598,1688,1723,1246,1357,1476,0,37,335456,257699,0,1598,1688,1723,1246,1357,1476,0,37,335456,257699,0,1598,1688,1723,1246,1357,1476,0,37,45767,69988,0,1,1,2.0999999046325684,10
335456,257699,263,1598,1688,1723,1246,1357,1476,0,37,335456,257699,0,1598,1688,1723,1246,1357,1476,0,37,335456,257699,0,1598,1688,1723,1246,1357,1476,0,37,45767,69988,0,1,1,2.0999999046325684,10
335456,257699,264,1598,1688,1723,1246,1357,1476,0,37,335456,257699,0,1598,1688,1723,1246,1357,1476,0,37,335456,257699,0,1598,1688,1723,1246,1357,1476,0,37,45767,69988,0,1,1,2.0999999046325684,10
335456,257699,265,1598,1688,1723,1246,1357,1476,0,37,335456,257699,0,1598,1688,1723,1246,1357,1476,0,37,335456,257699,0,1598,1688,1723,1246,1357,1476,0,37,45767,69988,0,1,1,2.0999999046325684,10
335456,257699,266,1598,1688,1723,1246,1357,1476,0,37,335456,257699,0,1598,1688,1723,1246,1357,1476,0,37,335456,257699,0,1598,1688,1723,1246,1357,1476,0,37,45767,69988,0,1,1,2.0999999046325684,10
335456,257699,267,1598,1688,1723,1246,1357,1476,0,37,335456,257699,0,1598,1688,1723,1246,1357,1476,0,37,335456,257699,0,1598,1688,1723,1246,1357,1476,0,37,45767,69988,0,1,1,2.0999999046325684,10
335456,257699,268,1598,1688,1723,1246,1357,1476,0,37,335456,257699,0,1598,1688,1723,1246,1357,1476,0,37,335456,257699,0,1598,1688,1723,1246,1357,1476,0,37,45767,69988,0,1,1,2.0999999046325684,10
335456,257699,269,1598,1688,1723,1246,1357,1476,0,37,335456,257699,0,1598,1688,1723,1246,1357,1476,0,37,335456,257699,0,1598,1688,1723,1246,1357,1476,0,37,45767,69988,0,1,1,2.0999999046325684,10
335456,257699,270,1598,1688,1723,1246,1357,1476,0,37,335456,257699,0,1598,1688,1723,1246,1357,1476,0,37,335456,257699,0,1598,1688,1723,1246,1357,1476,0,37,45767,69988,0,1,1,2.0999999046325684,10
335456,257699,271,1598,1688,1723,1246,1357,1476,0,37,335456,257699,0,1598,1688,1723,1246,1357,1476,0,37,335456,257699,0,1598,1688,1723,1246,1357,1476,0,37,45767,69988,0,1,1,2.0999999046325684,10
335456,257699,272,1598,1688,1723,1246,1357,1476,0,37,335456,257699,0,1598,1688,1723,1246,1357,1476,0,37,335456,257699,0,1598,1688,1723,1246,1357,1476,0,37,45767,69988,0,1,1,2.0999999046325684,10
335456,257699,273,1598,1688,1723,1246,1357,1476,0,37,335456,257699,0,1598,1688,1723,1246,1357,1476,0,37,335456,257699,0,1598,1688,1723,1246,1357,1476,0,37,45767,69988,0,1,1,2.0999999046325684,10
335456,257699,274,1598,1688,1723,1246,1357,1476,0,37,335456,257699,0,1598,1688,1723,1246,1357,1476,0,37,335456,257699,0,1598,1688,1723,1246,1357,1476,0,37,45767,69988,0,1,1,2.0999999046325684,10
335456,257699,275,1598,1688,1723,1246,1357,1476,0,37,335456,257699,0,1598,1688,1723,1246,1357,1476,0,37,335456,257699,0,1598,1688,1723,1246,1357,1476,0,37,45767,69988,0,1,1,2.0999999046325684,10
335456,257699,276,1598,1688,1723,1246,1357,1476,0,37,335456,257699,0,1598,1688,1723,1246,1357,1476,0,37,335456,257699,0,1598,1688,1723,1246,1357,1476,0,37,45767,69988,0,1,1,2.0999999046325684,10
335456,257699,277,1598,1688,1723,1246,1357,1476,0,37,335456,257699,0,1598,1688,1723,1246,1357,1476,0,37,335456,257699,0,1598,1688,1723,1246,1357,1476,0,37,45767,69988,0,1,1,2.0999999046325684,10
335456,257699,278,1598,1688,1723,1246,1357,1476,0,37,335456,257699,0,1598,1688,1723,1246,1357,1476,0,37,335456,257699,0,1598,1688,1723,1246,1357,1476,0,37,45767,69988,0,1,1,2.0999999046325684,10
335456,257699,279,1598,1688,1723,1246,1357,1476,0,37,335456,257699,0,1598,1688,1723,1246,1357,1476,0,37,335456,257699,0,1598,1688,1723,1246,1357,1476,0,37,45767,69988,0,1,1,2.0999999046325684,10
335456,257699,280,1598,1688,1723,1246,1357,1476,0,37,335456,257699,0,1598,1688,1723,1246,1357,1476,0,37,335456,257699,0,1598,1688,1723,1246,1357,1476,0,37,45767,69988,0,1,1,2.0999999046325684,10
335456,257699,281,1598,1688,1723,1246,1357,1476,0,37,335456,257699,0,1598,1688,1723,1246,1357,1476,0,37,335456,257699,0,1598,1688,1723,1246,1357,1476,0,37,45767,69988,0,1,1,2.0999999046325684,10
335456,257699,282,1598,1688,1723,1246,1357,1476,0,37,335456,257699,0,1598,1688,1723,1246,1357,1476,0,37,335456,257699,0,1598,1688,1723,1246,1357,1476,0,37,45767,69988,0,1,1,2.0999999046325684,10
335456,257699,283,1598,1688,1723,1246,1357,1476,0,37,335456,257699,0,1598,1688,1723,1246,1357,1476,0,37,335456,257699,0,1598,1688,1723,1246,1357,1476,0,37,45767,69988,0,1,1,2.0999999046325684,10
335456,257699,284,1598,1688,1723,1246,1357,1476,0,37,335456,257699,0,1598,1688,1723,1246,1357,1476,0,37,335456,257699,0,1598,1688,1723,1246,1357,1476,0,37,45767,69988,0,1,1,2.0999999046325684,10
335456,257699,285,1598,1688,1723,1246,1357,1476,0,37,335456,257699,0,1598,1688,1723,1246,1357,1476,0,37,335456,257699,0,1598,1688,1723,1246,1357,1476,0,37,45767,69988,0,1,1,2.0999999046325684,10
335456,257699,286,1598,1688,1723,1246,1357,1476,0,37,335456,257699,0,1598,1688,1723,1246,1357,1476,0,37,335456,257699,0,1598,1688,1723,1246,1357,1476,0,37,45767,69988,0,1,1,2.0999999046325684,10
335456,257699,287,1598,1688,1723,1246,1357,1476,0,37,335456,257699,0,1598,1688,1723,1246,1357,1476,0,37,335456,257699,0,1598,1688,1723,1246,1357,1476,0,37,45767,69988,0,1,1,2.0999999046325684,10
335456,257699,288,1598,1688,1723,1246,1357,1476,0,37,335456,257699,0,1598,1688,1723,1246,1357,1476,0,37,335456,257699,0,1598,1688,1723,1246,1357,1476,0,37,45767,69988,0,1,1,2.0999999046325684,10
335456,257699,289,1598,1688,1723,1246,1357,1476,0,37,335456,257699,0,1598,1688,1723,1246,1357,1476,0,37,335456,257699,0,1598,1688,1723,1246,1357,1476,0,37,45767,69988,0,1,1,2.0999999046325684,10
335456,257699,290,1598,1688,1723,1246,1357,1476,0,37,335456,257699,0,1598,1688,1723,1246,1357,1476,0,37,335456,257699,0,1598,1688,1723,1246,1357,1476,0,37,45767,69988,0,1,1,2.0999999046325684,10
335456,257699,291,1598,1688,1723,1246,1357,1476,0,37,335456,257699,0,1598,1688,1723,1246,1357,1476,0,37,335456,257699,0,1598,1688,1723,1246,1357,1476,0,37,45767,69988,0,1,1,2.0999999046325684,10
335456,257699,292,1598,1688,1723,1246,1357,1476,0,37,335456,257699,0,1598,1688,1723,1246,1357,1476,0,37,335456,257699,0,1598,1688,1723,1246,1357,1476,0,37,45767,69988,0,1,1,2.0999999046325684,10
335456,257699,293,1598,1688,1723,1246,1357,1476,0,37,335456,257699,0,1598,1688,1723,1246,1357,1476,0,37,335456,257699,0,1598,1688,1723,1246,1357,1476,0,37,45767,69988,0,1,1,2.0999999046325684,10
335456,257699,294,1598,1688,1723,1246,1357,1476,0,37,335456,257699,0,1598,1688,1723,1246,1357,1476,0,37,335456,257699,0,1598,1688,1723,1246,1357,1476,0,37,45767,69988,0,1,1,2.0999999046325684,10
335456,257699,295,1598,1688,1723,1246,1357,1476,0,37,335456,257699,0,1598,1688,1723,1246,1357,1476,0,37,335456,257699,0,1598,1688,1723,1246,1357,1476,0,37,45767,69988,0,1,1,2.0999999046325684,10
335456,257699,296,1598,1688,1723,1246,1357,1476,0,37,335456,257699,0,1598,1688,1723,1246,1357,1476,0,37,335456,257699,0,1598,1688,1723,1246,1357,1476,0,37,45767,69988,0,1,1,2.0999999046325684,10
335456,257699,297,1598,1688,1723,1246,1357,1476,0,37,335456,257699,0,1598,1688,1723,1246,1357,1476,0,37,335456,257699,0,1598,1688,1723,1246,1357,1476,0,37,45767,69988,0,1,1,2.0999999046325684,10
335456,257699,298,1598,1688,1723,1246,1357,1476,0,37,335456,257699,0,1598,1688,1723,1246,1357,1476,0,37,335456,257699,0,1598,1688,1723,1246,1357,1476,0,37,45767,69988,0,1,1,2.0999999046325684,10
335456,257699,299,1598,1688,1723,1246,1357,1476,0,37,335456,257699,0,1598,1688,1723,1246,1357,1476,0,37,335456,257699,0,1598,1688,1723,1246,1357,1476,0,37,45767,69988,0,1,1,2.0999999046325684,10
335456,257699,300,1598,1688,1723,1246,1357,1476,0,37,335456,257699,0,1598,1688,1723,1246,1357,1476,0,37,335456,257699,0,1598,1688,1723,1246,1357,1476,0,37,45767,69988,0,1,1,2.0999999046325684,10
335456,257699,301,1598,1688,1723,1246,1357,1476,0,37,335456,257699,0,1598,1688,1723,1246,1357,1476,0,37,335456,257699,0,1598,1688,1723,1246,1357,1476,0,37,45767,69988,0,1,1,2.0999999046325684,10
335456,257699,302,1598,1688,1723,1246,1357,1476,0,37,335456,257699,0,1598,1688,1723,1246,1357,1476,0,37,335456,257699,0,1598,1688,1723,1246,1357,1476,0,37,45767,69988,0,1,1,2.0999999046325684,10
335456,257699,303,1598,1688,1723,1246,1357,1476,0,37,335456,257699,0,1598,1688,1723,1246,1357,1476,0,37,335456,257699,0,1598,1688,1723,1246,1357,1476,0,37,45767,69988,0,1,1,2.0999999046325684,10
335456,257699,304,1598,1688,1723,1246,1357,1476,0,37,335456,257699,0,1598,1688,1723,1246,1357,1476,0,37,335456,257699,0,1598,1688,1723,1246,1357,1476,0,37,45767,69988,0,1,1,2.0999999046325684,10
335456,257699,305,1598,1688,1723,1246,1357,1476,0,37,335456,257699,0,1598,1688,1723,1246,1357,1476,0,37,335456,257699,0,1598,1688,1723,1246,1357,1476,0,37,45767,69988,0,1,1,2.0999999046325684,10
335456,257699,306,1598,1688,1723,1246,1357,1476,0,37,335456,257699,0,1598,1688,1723,1246,1357,1476,0,37,335456,257699,0,1598,1688,1723,1246,1357,1476,0,37,45767,69988,0,1,1,2.0999999046325684,10
335456,257699,307,1598,1688,1723,1246,1357,1476,0,37,335456,257699,0,1598,1688,1723,1246,1357,1476,0,37,335456,257699,0,1598,1688,1723,1246,1357,1476,0,37,45767,69988,0,1,1,2.0999999046325684,10
335456,257699,308,1598,1688,1723,1246,1357,1476,0,37,335456,257699,0,1598,1688,1723,1246,1357,1476,0,37,335456,257699,0,1598,1688,1723,1246,1357,1476,0,37,45767,69988,0,1,1,2.0999999046325684,10
335456,257699,309,1598,1688,1723,1246,1357,1476,0,37,335456,257699,0,1598,1688,1723,1246,1357,1476,0,37,335456,257699,0,1598,1688,1723,1246,1357,1476,0,37,45767,69988,0,1,1,2.0999999046325684,10
335456,257699,310,1598,1688,1723,1246,1357,1476,0,37,335456,257699,0,1598,1688,1723,1246,1357,1476,0,37,335456,257699,0,1598,1688,1723,1246,1357,1476,0,37,45767,69988,0,1,1,2.0999999046325684,10
335456,257699,311,1598,1688,1723,1246,1357,1476,0,37,335456,257699,0,1598,1688,1723,1246,1357,1476,0,37,335456,257699,0,1598,1688,1723,1246,1357,1476,0,37,45767,69988,0,1,1,2.0999999046325684,10
335456,257699,312,1598,1688,1723,1246,1357,1476,0,37,335456,257699,0,1598,1688,1723,1246,1357,1476,0,37,335456,257699,0,1598,1688,1723,1246,1357,1476,0,37,45767,69988,0,1,1,2.0999999046325684,10
335456,257699,313,1598,1688,1723,1246,1357,1476,0,37,335456,257699,0,1598,1688,1723,1246,1357,1476,0,37,335456,257699,0,1598,1688,1723,1246,1357,1476,0,37,45767,69988,0,1,1,2.0999999046325684,10
335456,257699,314,1598,1688,1723,1246,1357,1476,0,37,335456,257699,0,1598,1688,1723,1246,1357,1476,0,37,335456,257699,0,1598,1688,1723,1246,1357,1476,0,37,45767,69988,0,1,1,2.0999999046325684,10
335456,257699,315,1598,1688,1723,1246,1357,1476,0,37,335456,257699,0,1598,1688,1723,1246,1357,1476,0,37,335456,257699,0,1598,1688,1723,1246,1357,1476,0,37,45767,69988,0,1,1,2.0999999046325684,10
335456,257699,316,1598,1688,1723,1246,1357,1476,0,37,335456,257699,0,1598,1688,1723,1246,1357,1476,0,37,335456,257699,0,1598,1688,1723,1246,1357,1476,0,37,45767,69988,0,1,1,2.0999999046325684,10
335456,257699,317,1598,1688,1723,1246,1357,1476,0,37,335456,257699,0,1598,1688,1723,1246,1357,1476,0,37,335456,257699,0,1598,1688,1723,1246,1357,1476,0,37,45767,69988,0,1,1,2.0999999046325684,10
335456,257699,318,1598,1688,1723,1246,1357,1476,0,37,335456,257699,0,1598,1688,1723,1246,1357,1476,0,37,335456,257699,0,1598,1688,1723,1246,1357,1476,0,37,45767,69988,0,1,1,2.0999999046325684,10
